{"problem": {"name": "C102", "datafile": "problems/solomon/25/C102.txt", "num_cust_nodes": 25, "num_tot_nodes": 27, "Gamma": 2, "t_range": 0.25, "Delta": 2, "d_range": 0.25, "num_drones": 2, "drone_time_multiplier": 0.25, "drone_cost_multiplier": 0.25, "flight_limit": 10, "demand_ratio": 0.75}, "timelimit": 3600, "num_cpus": 4, "alg": "BnP", "root_LP": 17897.0, "tot_cg_iterations": 52, "global_lb": 17897.0, "time": 3601.7752339839935, "obj": 17897.0, "tot_mp_time": 0.20029020309448242, "tot_sp_time": 3601.4979417324066, "tot_sp_heu1_time": 7.922396183013916, "tot_sp_heu2_time": 2852.474261045456, "tot_sp_exact_time": 741.0879442691803, "tot_num_sp_heu1": 52, "tot_num_sp_heu2": 20, "tot_num_sp_exact": 1, "tot_sp1_time": 11973.407358407974, "tot_sp2_time": 2370.281673192978, "tot_heu_time": 0.014065027236938477, "raw_solution": [[[1.0, [0, 7, 8, 6, 4, 2, 1, 3, 5, 26], [[[8, 10], 0], [[8, 11], 1], [[8, 9], 0]]], [1.0, [0, 13, 15, 16, 14, 26], [[[13, 17], 0], [[13, 18], 1], [[15, 19], 0], [[14, 12], 0]]], [1.0, [0, 21, 25, 22, 26], [[[21, 20], 0], [[25, 24], 0], [[22, 23], 0]]]], [[1.0, [8, 9]], [1.0, [8, 10]], [1.0, [8, 11]], [1.0, [13, 17]], [1.0, [13, 18]], [1.0, [14, 12]], [1.0, [15, 19]], [1.0, [21, 20]], [1.0, [22, 23]], [1.0, [25, 24]]]], "solution": [[[0, 7, 8, 6, 4, 2, 1, 3, 5, 26], [[[8, 10], [8, 9]], [[8, 11]]]], [[0, 13, 15, 16, 14, 26], [[[13, 17], [15, 19], [14, 12]], [[13, 18]]]], [[0, 21, 25, 22, 26], [[[21, 20], [25, 24], [22, 23]], []]]], "num_bnb_nodes": 1, "num_bnb_remaining_nodes": 0, "tot_num_gen_cols": 837, "tot_num_labels": 12458676, "termination_status": "Time limit"}