{"problem": {"name": "C103", "datafile": "problems/solomon/25/C103.txt", "num_cust_nodes": 25, "num_tot_nodes": 27, "Gamma": 2, "t_range": 0.25, "Delta": 2, "d_range": 0.25, "num_drones": 2, "drone_time_multiplier": 0.25, "drone_cost_multiplier": 0.25, "flight_limit": 10, "demand_ratio": 0.75}, "timelimit": 3600, "num_cpus": 4, "alg": "BnP", "root_LP": 18622.0, "tot_cg_iterations": 29, "global_lb": 18622.0, "time": 3636.2021009922028, "obj": 18622.0, "tot_mp_time": 0.0989527702331543, "tot_sp_time": 3636.050382375717, "tot_sp_heu1_time": 6.3125550746917725, "tot_sp_heu2_time": 3629.7315714359283, "tot_sp_exact_time": 0, "tot_num_sp_heu1": 28, "tot_num_sp_heu2": 2, "tot_num_sp_exact": 0, "tot_sp1_time": 14505.706639766693, "tot_sp2_time": 1.6607906818389893, "tot_heu_time": 0.008397817611694336, "raw_solution": [[[1.0, [0, 13, 15, 16, 12, 4, 26], [[[13, 17], 0], [[13, 18], 1], [[15, 19], 0], [[16, 14], 0]]], [1.0, [0, 5, 3, 8, 9, 6, 2, 1, 26], [[[3, 7], 0], [[8, 10], 0], [[8, 11], 1]]], [1.0, [0, 21, 25, 22, 26], [[[21, 20], 0], [[25, 24], 0], [[22, 23], 0]]]], [[1.0, [3, 7]], [1.0, [8, 10]], [1.0, [8, 11]], [1.0, [13, 17]], [1.0, [13, 18]], [1.0, [15, 19]], [1.0, [16, 14]], [1.0, [21, 20]], [1.0, [22, 23]], [1.0, [25, 24]]]], "solution": [[[0, 13, 15, 16, 12, 4, 26], [[[13, 17], [15, 19], [16, 14]], [[13, 18]]]], [[0, 5, 3, 8, 9, 6, 2, 1, 26], [[[3, 7], [8, 10]], [[8, 11]]]], [[0, 21, 25, 22, 26], [[[21, 20], [25, 24], [22, 23]], []]]], "num_bnb_nodes": 1, "num_bnb_remaining_nodes": 0, "tot_num_gen_cols": 669, "tot_num_labels": 1237324, "termination_status": "Time limit"}