{"problem": {"name": "C104", "datafile": "problems/solomon/25/C104.txt", "num_cust_nodes": 25, "num_tot_nodes": 27, "Gamma": 2, "t_range": 0.25, "Delta": 2, "d_range": 0.25, "num_drones": 2, "drone_time_multiplier": 0.25, "drone_cost_multiplier": 0.25, "flight_limit": 10, "demand_ratio": 0.75}, "timelimit": 3600, "num_cpus": 4, "alg": "BnP", "root_LP": 18534.0, "tot_cg_iterations": 31, "global_lb": 18534.0, "time": 3667.3377730846405, "obj": 18534.0, "tot_mp_time": 0.08810925483703613, "tot_sp_time": 3667.1883130073547, "tot_sp_heu1_time": 8.917710304260254, "tot_sp_heu2_time": 3640.7789027690887, "tot_sp_exact_time": 17.48613953590393, "tot_num_sp_heu1": 31, "tot_num_sp_heu2": 2, "tot_num_sp_exact": 1, "tot_sp1_time": 14618.024311542511, "tot_sp2_time": 2.718813419342041, "tot_heu_time": 0.012679815292358398, "raw_solution": [[[1.0, [0, 7, 8, 11, 9, 6, 4, 2, 1, 3, 5, 26], []], [1.0, [0, 13, 17, 18, 19, 15, 16, 14, 12, 10, 26], []], [1.0, [0, 21, 22, 25, 24, 20, 26], [[[25, 23], 0]]]], [[1.0, [25, 23]]]], "solution": [[[0, 7, 8, 11, 9, 6, 4, 2, 1, 3, 5, 26], [[], []]], [[0, 13, 17, 18, 19, 15, 16, 14, 12, 10, 26], [[], []]], [[0, 21, 22, 25, 24, 20, 26], [[[25, 23]], []]]], "num_bnb_nodes": 1, "num_bnb_remaining_nodes": 0, "tot_num_gen_cols": 745, "tot_num_labels": 1059169, "termination_status": "Time limit"}