{"problem": {"name": "C106", "datafile": "problems/solomon/25/C106.txt", "num_cust_nodes": 25, "num_tot_nodes": 27, "Gamma": 2, "t_range": 0.25, "Delta": 2, "d_range": 0.25, "num_drones": 2, "drone_time_multiplier": 0.25, "drone_cost_multiplier": 0.25, "flight_limit": 10, "demand_ratio": 0.75}, "timelimit": 3600, "num_cpus": 4, "alg": "BnP", "root_LP": 17900.0, "tot_cg_iterations": 22, "global_lb": 17900.0, "time": 5.390903949737549, "obj": 17900.0, "tot_mp_time": 0.05825185775756836, "tot_sp_time": 5.299365997314453, "tot_sp_heu1_time": 1.9548547267913818, "tot_sp_heu2_time": 2.7410645484924316, "tot_sp_exact_time": 0.5985012054443359, "tot_num_sp_heu1": 22, "tot_num_sp_heu2": 8, "tot_num_sp_exact": 1, "tot_sp1_time": 11.031716346740723, "tot_sp2_time": 8.827090740203857, "tot_heu_time": 0.007014274597167969, "raw_solution": [[[1.0, [0, 5, 7, 8, 6, 4, 2, 1, 26], [[[5, 3], 0], [[8, 10], 0], [[8, 9], 1], [[8, 11], 0]]], [1.0, [0, 13, 15, 16, 14, 26], [[[13, 17], 0], [[13, 18], 1], [[15, 19], 0], [[14, 12], 0]]], [1.0, [0, 20, 25, 22, 21, 26], [[[25, 24], 0], [[22, 23], 0]]]], [[1.0, [5, 3]], [1.0, [8, 9]], [1.0, [8, 10]], [1.0, [8, 11]], [1.0, [13, 17]], [1.0, [13, 18]], [1.0, [14, 12]], [1.0, [15, 19]], [1.0, [22, 23]], [1.0, [25, 24]]]], "solution": [[[0, 5, 7, 8, 6, 4, 2, 1, 26], [[[5, 3], [8, 10], [8, 11]], [[8, 9]]]], [[0, 13, 15, 16, 14, 26], [[[13, 17], [15, 19], [14, 12]], [[13, 18]]]], [[0, 20, 25, 22, 21, 26], [[[25, 24], [22, 23]], []]]], "num_bnb_nodes": 1, "num_bnb_remaining_nodes": 0, "tot_num_gen_cols": 455, "tot_num_labels": 79913, "termination_status": "Optimal"}