{"problem": {"name": "C107", "datafile": "problems/solomon/25/C107.txt", "num_cust_nodes": 25, "num_tot_nodes": 27, "Gamma": 2, "t_range": 0.25, "Delta": 2, "d_range": 0.25, "num_drones": 2, "drone_time_multiplier": 0.25, "drone_cost_multiplier": 0.25, "flight_limit": 10, "demand_ratio": 0.75}, "timelimit": 3600, "num_cpus": 4, "alg": "BnP", "root_LP": 17900.0, "tot_cg_iterations": 36, "global_lb": 17900.0, "time": 209.39021515846252, "obj": 17900.0, "tot_mp_time": 0.12433290481567383, "tot_sp_time": 209.20328521728516, "tot_sp_heu1_time": 3.2126450538635254, "tot_sp_heu2_time": 190.90542912483215, "tot_sp_exact_time": 15.074979305267334, "tot_num_sp_heu1": 36, "tot_num_sp_heu2": 18, "tot_num_sp_exact": 1, "tot_sp1_time": 687.3436961174011, "tot_sp2_time": 132.72963452339172, "tot_heu_time": 0.015781164169311523, "raw_solution": [[[1.0, [0, 5, 7, 8, 6, 4, 2, 1, 26], [[[5, 3], 0], [[8, 10], 0], [[8, 9], 1], [[8, 11], 0]]], [1.0, [0, 13, 15, 16, 14, 26], [[[13, 17], 0], [[13, 18], 1], [[15, 19], 0], [[14, 12], 0]]], [1.0, [0, 20, 25, 22, 21, 26], [[[25, 24], 0], [[22, 23], 0]]]], [[1.0, [5, 3]], [1.0, [8, 9]], [1.0, [8, 10]], [1.0, [8, 11]], [1.0, [13, 17]], [1.0, [13, 18]], [1.0, [14, 12]], [1.0, [15, 19]], [1.0, [22, 23]], [1.0, [25, 24]]]], "solution": [[[0, 5, 7, 8, 6, 4, 2, 1, 26], [[[5, 3], [8, 10], [8, 11]], [[8, 9]]]], [[0, 13, 15, 16, 14, 26], [[[13, 17], [15, 19], [14, 12]], [[13, 18]]]], [[0, 20, 25, 22, 21, 26], [[[25, 24], [22, 23]], []]]], "num_bnb_nodes": 1, "num_bnb_remaining_nodes": 0, "tot_num_gen_cols": 696, "tot_num_labels": 2237238, "termination_status": "Optimal"}