{"problem": {"name": "C108", "datafile": "problems/solomon/25/C108.txt", "num_cust_nodes": 25, "num_tot_nodes": 27, "Gamma": 2, "t_range": 0.25, "Delta": 2, "d_range": 0.25, "num_drones": 2, "drone_time_multiplier": 0.25, "drone_cost_multiplier": 0.25, "flight_limit": 10, "demand_ratio": 0.75}, "timelimit": 3600, "num_cpus": 4, "alg": "BnP", "root_LP": 18344.0, "tot_cg_iterations": 45, "global_lb": 18344.0, "time": 3602.5425176620483, "obj": 18344.0, "tot_mp_time": 0.16435742378234863, "tot_sp_time": 3602.31085395813, "tot_sp_heu1_time": 4.598222732543945, "tot_sp_heu2_time": 3597.045688390732, "tot_sp_exact_time": 0.6499021053314209, "tot_num_sp_heu1": 45, "tot_num_sp_heu2": 30, "tot_num_sp_exact": 1, "tot_sp1_time": 11225.869128465652, "tot_sp2_time": 3022.233747243881, "tot_heu_time": 0.01143646240234375, "raw_solution": [[[1.0, [0, 13, 17, 18, 19, 15, 16, 14, 12, 26], []], [1.0, [0, 20, 24, 25, 22, 21, 26], [[[22, 23], 0]]], [1.0, [0, 5, 7, 8, 6, 4, 2, 1, 26], [[[5, 3], 0], [[8, 10], 0], [[8, 9], 1], [[8, 11], 0]]]], [[1.0, [5, 3]], [1.0, [8, 9]], [1.0, [8, 10]], [1.0, [8, 11]], [1.0, [22, 23]]]], "solution": [[[0, 13, 17, 18, 19, 15, 16, 14, 12, 26], [[], []]], [[0, 20, 24, 25, 22, 21, 26], [[[22, 23]], []]], [[0, 5, 7, 8, 6, 4, 2, 1, 26], [[[5, 3], [8, 10], [8, 11]], [[8, 9]]]]], "num_bnb_nodes": 1, "num_bnb_remaining_nodes": 0, "tot_num_gen_cols": 738, "tot_num_labels": 7020036, "termination_status": "Time limit"}