{"problem": {"name": "C109", "datafile": "problems/solomon/25/C109.txt", "num_cust_nodes": 25, "num_tot_nodes": 27, "Gamma": 2, "t_range": 0.25, "Delta": 2, "d_range": 0.25, "num_drones": 2, "drone_time_multiplier": 0.25, "drone_cost_multiplier": 0.25, "flight_limit": 10, "demand_ratio": 0.75}, "timelimit": 3600, "num_cpus": 4, "alg": "BnP", "root_LP": 18501.0, "tot_cg_iterations": 27, "global_lb": 18501.0, "time": 3606.9824073314667, "obj": 18501.0, "tot_mp_time": 0.08715534210205078, "tot_sp_time": 3606.839609861374, "tot_sp_heu1_time": 3.6056435108184814, "tot_sp_heu2_time": 3600.771024942398, "tot_sp_exact_time": 2.457451105117798, "tot_num_sp_heu1": 27, "tot_num_sp_heu2": 6, "tot_num_sp_exact": 1, "tot_sp1_time": 14167.658163309097, "tot_sp2_time": 105.66302609443665, "tot_heu_time": 0.010693073272705078, "raw_solution": [[[1.0, [0, 20, 24, 25, 22, 21, 26], [[[22, 23], 0]]], [1.0, [0, 13, 17, 18, 19, 15, 16, 14, 12, 26], []], [1.0, [0, 3, 6, 4, 2, 1, 26], [[[3, 5], 0], [[3, 7], 1], [[6, 8], 0], [[6, 9], 1], [[6, 10], 0], [[6, 11], 0]]]], [[1.0, [3, 5]], [1.0, [3, 7]], [1.0, [6, 8]], [1.0, [6, 9]], [1.0, [6, 10]], [1.0, [6, 11]], [1.0, [22, 23]]]], "solution": [[[0, 20, 24, 25, 22, 21, 26], [[[22, 23]], []]], [[0, 13, 17, 18, 19, 15, 16, 14, 12, 26], [[], []]], [[0, 3, 6, 4, 2, 1, 26], [[[3, 5], [6, 8], [6, 10], [6, 11]], [[3, 7], [6, 9]]]]], "num_bnb_nodes": 1, "num_bnb_remaining_nodes": 0, "tot_num_gen_cols": 715, "tot_num_labels": 2517456, "termination_status": "Time limit"}