{"problem": {"name": "CVS-81-8", "datafile": "problems/ups_tw/CVS-81-8.vrp", "num_cust_nodes": 80, "num_tot_nodes": 82, "Gamma": 2, "t_range": 0.25, "Delta": 2, "d_range": 0.25, "num_drones": 2, "drone_time_multiplier": 1, "drone_cost_multiplier": 1, "flight_limit": 500, "demand_ratio": 0.75}, "timelimit": 600, "num_cpus": 4, "alg": "MIP", "time": 600.3839955329895, "root_LP": 32561.50269392301, "obj": 169345.0, "final_gap": 0.8063908045889955, "global_lb": 32786.74919687649, "num_bnb_nodes": 1372, "num_bnb_remaining_nodes": 1230, "solution": [[[0, 4, 81], [[], []]], [[0, 7, 59, 27, 15, 81], [[], []]], [[0, 9, 38, 43, 81], [[], []]], [[0, 16, 46, 79, 81], [[], []]], [[0, 19, 81], [[], []]], [[0, 20, 81], [[], []]], [[0, 21, 64, 54, 81], [[], []]], [[0, 22, 5, 62, 12, 53, 81], [[], []]], [[0, 23, 81], [[], []]], [[0, 24, 49, 81], [[], [[49, 8]]]], [[0, 28, 61, 80, 81], [[], []]], [[0, 29, 34, 66, 37, 81], [[], []]], [[0, 32, 33, 13, 81], [[], []]], [[0, 36, 78, 81], [[], []]], [[0, 39, 81], [[], []]], [[0, 40, 71, 81], [[], []]], [[0, 47, 26, 10, 81], [[], []]], [[0, 51, 44, 14, 81], [[], []]], [[0, 55, 63, 52, 30, 81], [[], []]], [[0, 58, 67, 81], [[], []]], [[0, 60, 11, 50, 25, 81], [[], []]], [[0, 65, 18, 3, 2, 81], [[], []]], [[0, 69, 81], [[], []]], [[0, 70, 81], [[], []]], [[0, 74, 1, 73, 81], [[], []]], [[0, 75, 41, 56, 81], [[], []]], [[0, 76, 35, 81], [[], []]]], "termination_status": "time limit exceeded"}