{"problem": {"name": "CVS-71-6", "datafile": "problems/ups_tw/CVS-71-6.vrp", "num_cust_nodes": 70, "num_tot_nodes": 72, "Gamma": 2, "t_range": 0.25, "Delta": 2, "d_range": 0.25, "num_drones": 2, "drone_time_multiplier": 1, "drone_cost_multiplier": 1, "flight_limit": 500, "demand_ratio": 0.75}, "timelimit": 600, "num_cpus": 4, "alg": "CG Heuristic", "tot_cg_iterations": 236, "time": 61.681090354919434, "obj": 102449.0, "tot_heu_time": 20.6405987739563, "tot_mp_time": 0.38515591621398926, "tot_sp_time": 39.47992539405823, "tot_sp1_time": 152.9825758934021, "tot_sp2_time": 0.9859519004821777, "raw_solution": [[[1.0, [0, 7, 71], [[[7, 22], 0], [[7, 18], 1], [[7, 23], 0], [[7, 28], 1]]], [1.0, [0, 14, 71], [[[14, 49], 0], [[14, 33], 1], [[14, 69], 0], [[14, 5], 1], [[14, 59], 0], [[14, 47], 1]]], [1.0, [0, 16, 71], [[[16, 70], 0], [[16, 52], 1], [[16, 58], 0], [[16, 41], 1]]], [1.0, [0, 37, 71], [[[37, 12], 0], [[37, 38], 1], [[37, 34], 0], [[37, 10], 1], [[37, 40], 0], [[37, 45], 1]]], [1.0, [0, 51, 71], [[[51, 61], 0], [[51, 13], 1], [[51, 12], 0], [[51, 64], 1], [[51, 19], 0]]], [1.0, [0, 12, 66, 65, 35, 27, 71], []], [1.0, [0, 3, 54, 52, 71], [[[3, 70], 0]]], [1.0, [0, 39, 18, 11, 28, 71], []], [1.0, [0, 43, 32, 30, 8, 57, 71], [[[30, 60], 0]]], [1.0, [0, 31, 55, 48, 9, 25, 71], [[[25, 26], 0]]], [1.0, [0, 50, 44, 56, 71], [[[44, 8], 0]]], [1.0, [0, 6, 20, 21, 68, 71], []], [1.0, [0, 2, 53, 24, 71], [[[53, 17], 0], [[53, 42], 1]]], [1.0, [0, 62, 4, 29, 1, 15, 71], [[[1, 67], 0]]], [1.0, [0, 46, 36, 71], [[[36, 32], 0], [[36, 49], 1], [[36, 28], 1], [[36, 63], 0]]]], [[1.0, [1, 67]], [1.0, [3, 70]], [1.0, [7, 22]], [1.0, [7, 23]], [1.0, [14, 5]], [1.0, [14, 33]], [1.0, [14, 47]], [1.0, [14, 49]], [1.0, [14, 59]], [1.0, [14, 69]], [1.0, [16, 41]], [1.0, [16, 58]], [1.0, [25, 26]], [1.0, [30, 60]], [1.0, [36, 63]], [1.0, [37, 10]], [1.0, [37, 34]], [1.0, [37, 38]], [1.0, [37, 40]], [1.0, [37, 45]], [1.0, [51, 13]], [1.0, [51, 19]], [1.0, [51, 61]], [1.0, [51, 64]], [1.0, [53, 17]], [1.0, [53, 42]]]], "solution": [[[0, 7, 71], [[[7, 22], [7, 23]], []]], [[0, 14, 71], [[[14, 49], [14, 69], [14, 59]], [[14, 33], [14, 5], [14, 47]]]], [[0, 16, 71], [[[16, 58]], [[16, 41]]]], [[0, 37, 71], [[[37, 34], [37, 40]], [[37, 38], [37, 10], [37, 45]]]], [[0, 51, 71], [[[51, 61], [51, 19]], [[51, 13], [51, 64]]]], [[0, 12, 66, 65, 35, 27, 71], [[], []]], [[0, 3, 54, 52, 71], [[[3, 70]], []]], [[0, 39, 18, 11, 28, 71], [[], []]], [[0, 43, 32, 30, 8, 57, 71], [[[30, 60]], []]], [[0, 31, 55, 48, 9, 25, 71], [[[25, 26]], []]], [[0, 50, 44, 56, 71], [[], []]], [[0, 6, 20, 21, 68, 71], [[], []]], [[0, 2, 53, 24, 71], [[[53, 17]], [[53, 42]]]], [[0, 62, 4, 29, 1, 15, 71], [[[1, 67]], []]], [[0, 46, 36, 71], [[[36, 63]], []]]], "tot_num_gen_cols": 1077, "tot_num_labels": 1026, "tot_num_route_fixes": 97}