{"problem": {"name": "CVS-81-8", "datafile": "problems/ups_tw/CVS-81-8.vrp", "num_cust_nodes": 80, "num_tot_nodes": 82, "Gamma": 2, "t_range": 0.25, "Delta": 2, "d_range": 0.25, "num_drones": 2, "drone_time_multiplier": 1, "drone_cost_multiplier": 1, "flight_limit": 500, "demand_ratio": 0.75}, "timelimit": 600, "num_cpus": 4, "alg": "CG Heuristic", "tot_cg_iterations": 405, "time": 601.7392086982727, "obj": 110120.99999986903, "tot_heu_time": 61.03883361816406, "tot_mp_time": 0.9470818042755127, "tot_sp_time": 536.9772629737854, "tot_sp1_time": 2118.223304271698, "tot_sp2_time": 0.6315789222717285, "raw_solution": [[[0.9999999995625, [0, 18, 81], [[[18, 23], 0], [[18, 19], 1], [[18, 11], 1], [[18, 30], 0]]], [1.0000000004375, [0, 25, 81], [[[25, 17], 0], [[25, 60], 1], [[25, 50], 1], [[25, 52], 0], [[25, 30], 1]]], [1.0, [0, 28, 81], [[[28, 78], 0], [[28, 48], 1], [[28, 61], 1], [[28, 80], 1]]], [1.0, [0, 49, 81], [[[49, 27], 0], [[49, 24], 1], [[49, 48], 1], [[49, 9], 1], [[49, 8], 1]]], [1.0, [0, 39, 45, 7, 59, 81], [[[45, 4], 0], [[59, 57], 0]]], [1.0, [0, 72, 71, 33, 32, 46, 81], []], [1.0, [0, 29, 77, 58, 21, 81], []], [1.0000000003333334, [0, 51, 44, 14, 81], [[[51, 6], 0]]], [0.9999999947499996, [0, 73, 74, 63, 1, 81], []], [1.0, [0, 3, 65, 68, 2, 38, 81], []], [0.9999999964999997, [0, 55, 53, 12, 5, 62, 22, 81], [[[62, 20], 0]]], [1.0, [0, 42, 16, 79, 40, 13, 81], [[[42, 31], 0], [[13, 46], 0]]], [0.9999999995, [0, 66, 34, 64, 54, 37, 81], [[[54, 67], 0]]], [1.0, [0, 78, 36, 56, 41, 75, 81], [[[36, 67], 0]]], [0.9999999986666666, [0, 43, 10, 47, 26, 69, 81], [[[26, 70], 0]]], [1.0, [0, 76, 35, 81], [[[76, 15], 0], [[76, 78], 1]]]], [[0.9999999995625, [18, 11]], [0.9999999995625, [18, 19]], [0.9999999995625, [18, 23]], [1.0000000004375, [25, 17]], [1.0000000004375, [25, 30]], [1.0000000004375, [25, 50]], [1.0000000004375, [25, 52]], [1.0000000004375, [25, 60]], [1.000000001, [26, 70]], [1.0, [28, 48]], [1.0, [28, 61]], [1.0, [28, 80]], [1.0, [42, 31]], [0.9999999982499999, [45, 4]], [1.0, [49, 8]], [1.0, [49, 9]], [1.0, [49, 24]], [1.0, [49, 27]], [1.0000000003333334, [51, 6]], [0.9999999995, [54, 67]], [1.0, [59, 57]], [0.9999999964999997, [62, 20]], [1.0, [76, 15]]]], "solution": [[[0, 18, 81], [[[18, 23]], [[18, 19], [18, 11]]]], [[0, 25, 81], [[[25, 17], [25, 52]], [[25, 60], [25, 50], [25, 30]]]], [[0, 28, 81], [[], [[28, 48], [28, 61], [28, 80]]]], [[0, 49, 81], [[[49, 27]], [[49, 24], [49, 9], [49, 8]]]], [[0, 39, 45, 7, 59, 81], [[[45, 4], [59, 57]], []]], [[0, 72, 71, 33, 32, 46, 81], [[], []]], [[0, 29, 77, 58, 21, 81], [[], []]], [[0, 51, 44, 14, 81], [[[51, 6]], []]], [[0, 73, 74, 63, 1, 81], [[], []]], [[0, 3, 65, 68, 2, 38, 81], [[], []]], [[0, 55, 53, 12, 5, 62, 22, 81], [[[62, 20]], []]], [[0, 42, 16, 79, 40, 13, 81], [[[42, 31]], []]], [[0, 66, 34, 64, 54, 37, 81], [[[54, 67]], []]], [[0, 78, 36, 56, 41, 75, 81], [[], []]], [[0, 43, 10, 47, 26, 69, 81], [[[26, 70]], []]], [[0, 76, 35, 81], [[[76, 15]], []]]], "tot_num_gen_cols": 2104, "tot_num_labels": 2136, "tot_num_route_fixes": 131}