{"problem": {"name": "CVS-61-6", "datafile": "problems/ups_tw/CVS-61-6.vrp", "num_cust_nodes": 60, "num_tot_nodes": 62, "Gamma": 2, "t_range": 0.25, "Delta": 2, "d_range": 0.25, "num_drones": 2, "drone_time_multiplier": 1, "drone_cost_multiplier": 1, "flight_limit": 500, "demand_ratio": 0.75}, "timelimit": 600, "num_cpus": 4, "alg": "MIP", "time": 600.0718140602112, "root_LP": 27146.53508975153, "obj": 96131.0, "final_gap": 0.6870350793640033, "global_lb": 30085.630785658926, "num_bnb_nodes": 1483, "num_bnb_remaining_nodes": 260, "solution": [[[0, 41, 14, 5, 47, 61], [[], []]], [[0, 43, 32, 30, 8, 22, 61], [[], [[22, 31]]]], [[0, 45, 40, 38, 61], [[], [[38, 34]]]], [[0, 46, 36, 23, 61], [[], []]], [[0, 48, 9, 42, 17, 61], [[], []]], [[0, 51, 35, 19, 61], [[], [[19, 10]]]], [[0, 53, 39, 18, 28, 61], [[[28, 11]], []]], [[0, 54, 3, 52, 16, 61], [[], []]], [[0, 55, 15, 6, 1, 61], [[], []]], [[0, 56, 29, 4, 26, 61], [[], []]], [[0, 57, 27, 44, 50, 61], [[], []]], [[0, 59, 2, 24, 61], [[], []]]], "termination_status": "time limit exceeded"}