{"problem": {"name": "CVS-41-8", "datafile": "problems/ups_tw/CVS-41-8.vrp", "num_cust_nodes": 40, "num_tot_nodes": 42, "Gamma": 2, "t_range": 0.25, "Delta": 2, "d_range": 0.25, "num_drones": 2, "drone_time_multiplier": 1, "drone_cost_multiplier": 1, "flight_limit": 500, "demand_ratio": 0.75}, "timelimit": 600, "num_cpus": 4, "alg": "CG Heuristic", "tot_cg_iterations": 195, "time": 40.927799701690674, "obj": 58692.0, "tot_heu_time": 1.5337293148040771, "tot_mp_time": 0.15293383598327637, "tot_sp_time": 38.64381265640259, "tot_sp1_time": 152.13961815834045, "tot_sp2_time": 0.0502772331237793, "raw_solution": [[[1.0, [0, 34, 41], [[[34, 21], 0], [[34, 29], 1], [[34, 20], 1], [[34, 37], 0]]], [1.0, [0, 38, 41], [[[38, 7], 0], [[38, 15], 1], [[38, 14], 0], [[38, 24], 1], [[38, 9], 0], [[38, 8], 1]]], [1.0, [0, 1, 4, 12, 5, 22, 41], []], [1.0, [0, 39, 27, 15, 24, 8, 41], [[[15, 9], 0]]], [1.0, [0, 40, 32, 33, 6, 28, 41], [[[6, 14], 0]]], [1.0, [0, 37, 26, 10, 35, 41], [[[35, 36], 0]]], [1.0, [0, 18, 3, 2, 11, 30, 25, 41], [[[25, 17], 0]]], [1.0, [0, 19, 31, 16, 13, 41], [[[19, 23], 0]]]], [[1.0, [6, 14]], [1.0, [19, 23]], [1.0, [25, 17]], [1.0, [34, 20]], [1.0, [34, 21]], [1.0, [34, 29]], [1.0, [35, 36]], [1.0, [38, 7]], [1.0, [38, 9]]]], "solution": [[[0, 34, 41], [[[34, 21]], [[34, 29], [34, 20]]]], [[0, 38, 41], [[[38, 7], [38, 9]], []]], [[0, 1, 4, 12, 5, 22, 41], [[], []]], [[0, 39, 27, 15, 24, 8, 41], [[], []]], [[0, 40, 32, 33, 6, 28, 41], [[[6, 14]], []]], [[0, 37, 26, 10, 35, 41], [[[35, 36]], []]], [[0, 18, 3, 2, 11, 30, 25, 41], [[[25, 17]], []]], [[0, 19, 31, 16, 13, 41], [[[19, 23]], []]]], "tot_num_gen_cols": 1138, "tot_num_labels": 1159, "tot_num_route_fixes": 48}