{"problem": {"name": "CVS-91-9", "datafile": "problems/ups_tw/CVS-91-9.vrp", "num_cust_nodes": 90, "num_tot_nodes": 92, "Gamma": 2, "t_range": 0.25, "Delta": 2, "d_range": 0.25, "num_drones": 2, "drone_time_multiplier": 1, "drone_cost_multiplier": 1, "flight_limit": 500, "demand_ratio": 0.75}, "timelimit": 600, "num_cpus": 4, "alg": "MIP", "time": 600.3755834102631, "root_LP": 32203.208055894098, "obj": 203251.0, "final_gap": 0.841559411486811, "global_lb": 32203.20805589409, "num_bnb_nodes": 0, "num_bnb_remaining_nodes": 1, "solution": [[[0, 1, 39, 48, 23, 91], [[], []]], [[0, 3, 91], [[], []]], [[0, 5, 31, 67, 91], [[], []]], [[0, 10, 77, 32, 91], [[], []]], [[0, 13, 34, 91], [[], [[34, 60]]]], [[0, 15, 19, 61, 91], [[], []]], [[0, 28, 88, 30, 38, 91], [[], []]], [[0, 33, 91], [[], []]], [[0, 36, 50, 14, 91], [[], []]], [[0, 37, 91], [[], []]], [[0, 40, 52, 91], [[], []]], [[0, 42, 91], [[], []]], [[0, 43, 24, 91], [[[24, 49]], []]], [[0, 44, 20, 57, 9, 91], [[], []]], [[0, 45, 78, 73, 91], [[[73, 18]], []]], [[0, 46, 91], [[], []]], [[0, 53, 89, 7, 17, 91], [[], []]], [[0, 54, 64, 8, 91], [[], [[8, 72]]]], [[0, 56, 76, 29, 91], [[], []]], [[0, 58, 41, 35, 91], [[], []]], [[0, 59, 74, 26, 91], [[], []]], [[0, 62, 11, 25, 91], [[], []]], [[0, 63, 91], [[], []]], [[0, 65, 16, 2, 12, 91], [[], []]], [[0, 66, 84, 91], [[], []]], [[0, 70, 69, 91], [[], []]], [[0, 71, 91], [[], []]], [[0, 75, 81, 91], [[], []]], [[0, 79, 91], [[], []]], [[0, 83, 91], [[], []]], [[0, 85, 55, 91], [[], []]], [[0, 86, 82, 21, 27, 91], [[], []]], [[0, 87, 91], [[], []]], [[0, 90, 68, 4, 91], [[], []]]], "termination_status": "time limit exceeded"}