{"problem": {"name": "CVS-91-5", "datafile": "problems/ups_tw/CVS-91-5.vrp", "num_cust_nodes": 90, "num_tot_nodes": 92, "Gamma": 2, "t_range": 0.25, "Delta": 2, "d_range": 0.25, "num_drones": 2, "drone_time_multiplier": 1, "drone_cost_multiplier": 1, "flight_limit": 500, "demand_ratio": 0.75}, "timelimit": 600, "num_cpus": 4, "alg": "MIP", "time": 600.3726651668549, "root_LP": 54234.47464651998, "obj": 256204.0, "final_gap": 0.7883152696815038, "global_lb": 54234.47464651994, "num_bnb_nodes": 0, "num_bnb_remaining_nodes": 1, "solution": [[[0, 1, 34, 91], [[], []]], [[0, 2, 91], [[], []]], [[0, 5, 75, 91], [[], []]], [[0, 9, 91], [[], []]], [[0, 12, 6, 3, 91], [[], []]], [[0, 13, 91], [[], []]], [[0, 14, 91], [[], []]], [[0, 17, 36, 4, 27, 79, 91], [[], []]], [[0, 20, 91], [[], []]], [[0, 21, 91], [[], []]], [[0, 23, 65, 18, 91], [[], []]], [[0, 25, 91], [[], []]], [[0, 26, 91], [[], []]], [[0, 28, 91], [[], []]], [[0, 31, 29, 59, 91], [[], []]], [[0, 32, 91], [[], []]], [[0, 33, 85, 42, 91], [[], []]], [[0, 35, 91], [[], []]], [[0, 38, 91], [[], []]], [[0, 39, 22, 83, 11, 91], [[], []]], [[0, 40, 15, 66, 91], [[], []]], [[0, 41, 51, 77, 53, 37, 91], [[], []]], [[0, 44, 91], [[], []]], [[0, 45, 91], [[], []]], [[0, 46, 10, 91], [[], []]], [[0, 47, 43, 81, 91], [[], []]], [[0, 48, 91], [[], []]], [[0, 50, 91], [[], []]], [[0, 52, 91], [[], []]], [[0, 54, 16, 86, 91], [[], []]], [[0, 57, 73, 87, 19, 30, 91], [[], []]], [[0, 58, 55, 91], [[], []]], [[0, 60, 91], [[], []]], [[0, 61, 91], [[], []]], [[0, 63, 91], [[], []]], [[0, 64, 91], [[], []]], [[0, 69, 76, 91], [[], []]], [[0, 70, 24, 91], [[], []]], [[0, 71, 91], [[], []]], [[0, 72, 90, 62, 91], [[], []]], [[0, 78, 74, 91], [[], []]], [[0, 84, 82, 88, 56, 91], [[], []]], [[0, 89, 91], [[], []]]], "termination_status": "time limit exceeded"}