{"problem": {"name": "CVS-81-2", "datafile": "problems/ups_tw/CVS-81-2.vrp", "num_cust_nodes": 80, "num_tot_nodes": 82, "Gamma": 2, "t_range": 0.25, "Delta": 2, "d_range": 0.25, "num_drones": 2, "drone_time_multiplier": 1, "drone_cost_multiplier": 1, "flight_limit": 500, "demand_ratio": 0.75}, "timelimit": 600, "num_cpus": 4, "alg": "CG Heuristic", "tot_cg_iterations": 331, "time": 104.80071949958801, "obj": 105659.0, "tot_heu_time": 53.96471285820007, "tot_mp_time": 0.7712159156799316, "tot_sp_time": 48.26036596298218, "tot_sp1_time": 164.72065448760986, "tot_sp2_time": 7.488400936126709, "raw_solution": [[[1.0, [0, 2, 81], [[[2, 37], 0], [[2, 68], 1], [[2, 66], 0], [[2, 35], 1], [[2, 3], 0], [[2, 28], 1]]], [1.0, [0, 4, 81], [[[4, 79], 0], [[4, 21], 1], [[4, 42], 0], [[4, 61], 1], [[4, 62], 0], [[4, 73], 0]]], [1.0, [0, 40, 13, 1, 28, 27, 81], []], [1.0, [0, 25, 69, 70, 47, 81], [[[25, 30], 0]]], [1.0, [0, 36, 49, 77, 20, 78, 81], [[[36, 76], 0], [[78, 14], 0]]], [1.0, [0, 44, 16, 5, 43, 81], [[[44, 41], 0], [[44, 58], 1], [[16, 39], 0], [[43, 11], 0]]], [1.0, [0, 52, 33, 8, 56, 81], [[[52, 24], 0], [[52, 29], 1]]], [1.0, [0, 48, 71, 10, 12, 18, 81], [[[12, 7], 0]]], [1.0, [0, 74, 22, 57, 31, 59, 32, 81], []], [1.0, [0, 55, 34, 54, 63, 81], [[[34, 64], 0], [[63, 66], 0]]], [1.0, [0, 9, 53, 6, 65, 81], [[[53, 7], 0], [[53, 15], 1]]], [1.0, [0, 37, 50, 58, 35, 81], [[[50, 41], 0], [[35, 60], 0], [[35, 7], 1]]], [1.0, [0, 80, 45, 81], [[[80, 68], 0], [[45, 51], 0]]], [1.0, [0, 38, 23, 67, 26, 75, 81], [[[67, 76], 0]]], [1.0, [0, 19, 46, 72, 81], [[[19, 17], 0], [[72, 73], 0]]]], [[1.0, [2, 3]], [1.0, [4, 21]], [1.0, [4, 42]], [1.0, [4, 61]], [1.0, [4, 62]], [1.0, [4, 79]], [1.0, [12, 7]], [1.0, [16, 39]], [1.0, [19, 17]], [1.0, [25, 30]], [1.0, [34, 64]], [1.0, [35, 60]], [1.0, [43, 11]], [1.0, [45, 51]], [1.0, [50, 41]], [1.0, [52, 24]], [1.0, [52, 29]], [1.0, [53, 15]], [1.0, [63, 66]], [1.0, [67, 76]], [1.0, [72, 73]], [1.0, [78, 14]], [1.0, [80, 68]]]], "solution": [[[0, 2, 81], [[[2, 3]], []]], [[0, 4, 81], [[[4, 79], [4, 42], [4, 62]], [[4, 21], [4, 61]]]], [[0, 40, 13, 1, 28, 27, 81], [[], []]], [[0, 25, 69, 70, 47, 81], [[[25, 30]], []]], [[0, 36, 49, 77, 20, 78, 81], [[[78, 14]], []]], [[0, 44, 16, 5, 43, 81], [[[16, 39], [43, 11]], []]], [[0, 52, 33, 8, 56, 81], [[[52, 24]], [[52, 29]]]], [[0, 48, 71, 10, 12, 18, 81], [[[12, 7]], []]], [[0, 74, 22, 57, 31, 59, 32, 81], [[], []]], [[0, 55, 34, 54, 63, 81], [[[34, 64], [63, 66]], []]], [[0, 9, 53, 6, 65, 81], [[], [[53, 15]]]], [[0, 37, 50, 58, 35, 81], [[[50, 41], [35, 60]], []]], [[0, 80, 45, 81], [[[80, 68], [45, 51]], []]], [[0, 38, 23, 67, 26, 75, 81], [[[67, 76]], []]], [[0, 19, 46, 72, 81], [[[19, 17], [72, 73]], []]]], "tot_num_gen_cols": 1455, "tot_num_labels": 1189, "tot_num_route_fixes": 125}