{"problem": {"name": "CVS-21-8", "datafile": "problems/ups_tw/CVS-21-8.vrp", "num_cust_nodes": 20, "num_tot_nodes": 22, "Gamma": 2, "t_range": 0.25, "Delta": 2, "d_range": 0.25, "num_drones": 2, "drone_time_multiplier": 1, "drone_cost_multiplier": 1, "flight_limit": 500, "demand_ratio": 0.75}, "timelimit": 3600, "num_cpus": 4, "alg": "BnP", "root_LP": 29442.0, "tot_cg_iterations": 22, "global_lb": 29442.0, "time": 10.831592559814453, "obj": 29442.0, "tot_mp_time": 0.03755640983581543, "tot_sp_time": 10.768740892410278, "tot_sp_heu1_time": 1.737044095993042, "tot_sp_heu2_time": 6.860175132751465, "tot_sp_exact_time": 2.16650128364563, "tot_num_sp_heu1": 22, "tot_num_sp_heu2": 12, "tot_num_sp_exact": 2, "tot_sp1_time": 37.61525797843933, "tot_sp2_time": 2.818272352218628, "tot_heu_time": 0.006293773651123047, "raw_solution": [[[1.0, [0, 9, 21], [[[9, 8], 0], [[9, 1], 1], [[9, 7], 0], [[9, 15], 0]]], [1.0, [0, 10, 21], [[[10, 5], 0], [[10, 20], 1], [[10, 4], 1], [[10, 12], 0]]], [1.0, [0, 3, 19, 17, 21], [[[3, 18], 0], [[19, 2], 0], [[17, 11], 0]]], [1.0, [0, 16, 13, 14, 21], [[[14, 6], 0]]]], [[1.0, [3, 18]], [1.0, [9, 1]], [1.0, [9, 7]], [1.0, [9, 8]], [1.0, [9, 15]], [1.0, [10, 4]], [1.0, [10, 5]], [1.0, [10, 12]], [1.0, [10, 20]], [1.0, [14, 6]], [1.0, [17, 11]], [1.0, [19, 2]]]], "solution": [[[0, 9, 21], [[[9, 8], [9, 7], [9, 15]], [[9, 1]]]], [[0, 10, 21], [[[10, 5], [10, 12]], [[10, 20], [10, 4]]]], [[0, 3, 19, 17, 21], [[[3, 18], [19, 2], [17, 11]], []]], [[0, 16, 13, 14, 21], [[[14, 6]], []]]], "num_bnb_nodes": 1, "num_bnb_remaining_nodes": 0, "tot_num_gen_cols": 321, "tot_num_labels": 279509, "termination_status": "Optimal"}