{"problem": {"name": "CVS-81-7", "datafile": "problems/ups_tw/CVS-81-7.vrp", "num_cust_nodes": 80, "num_tot_nodes": 82, "Gamma": 2, "t_range": 0.25, "Delta": 2, "d_range": 0.25, "num_drones": 2, "drone_time_multiplier": 1, "drone_cost_multiplier": 1, "flight_limit": 500, "demand_ratio": 0.75}, "timelimit": 600, "num_cpus": 4, "alg": "MIP", "time": 600.2280786037445, "root_LP": 35791.76788078394, "obj": 165304.0, "final_gap": 0.776042534130403, "global_lb": 37021.06493810778, "num_bnb_nodes": 2415, "num_bnb_remaining_nodes": 1, "solution": [[[0, 7, 81], [[], []]], [[0, 8, 48, 81], [[], []]], [[0, 10, 76, 49, 30, 31, 81], [[], []]], [[0, 14, 81], [[], []]], [[0, 18, 6, 57, 29, 81], [[], []]], [[0, 19, 74, 71, 81], [[], []]], [[0, 23, 59, 11, 81], [[], []]], [[0, 25, 13, 34, 81], [[], []]], [[0, 28, 27, 63, 56, 81], [[], [[56, 75]]]], [[0, 32, 68, 12, 42, 20, 15, 81], [[], []]], [[0, 35, 33, 5, 81], [[], []]], [[0, 37, 79, 62, 54, 81], [[], []]], [[0, 40, 72, 52, 81], [[], []]], [[0, 43, 58, 24, 81], [[], [[24, 21]]]], [[0, 50, 81], [[], []]], [[0, 55, 45, 81], [[], [[45, 41]]]], [[0, 60, 81], [[], []]], [[0, 64, 81], [[], []]], [[0, 65, 39, 53, 3, 81], [[], []]], [[0, 66, 80, 44, 81], [[], []]], [[0, 67, 1, 81], [[[1, 22]], []]], [[0, 69, 16, 77, 81], [[], []]], [[0, 70, 9, 17, 81], [[], []]], [[0, 73, 4, 81], [[], [[4, 51]]]]], "termination_status": "time limit exceeded"}