{"problem": {"name": "CVS-91-7", "datafile": "problems/ups_tw/CVS-91-7.vrp", "num_cust_nodes": 90, "num_tot_nodes": 92, "Gamma": 2, "t_range": 0.25, "Delta": 2, "d_range": 0.25, "num_drones": 2, "drone_time_multiplier": 1, "drone_cost_multiplier": 1, "flight_limit": 500, "demand_ratio": 0.75}, "timelimit": 600, "num_cpus": 4, "alg": "CG Heuristic", "tot_cg_iterations": 364, "time": 604.058598279953, "obj": 121329.0, "tot_heu_time": 75.02279925346375, "tot_mp_time": 1.9152417182922363, "tot_sp_time": 524.9341723918915, "tot_sp1_time": 2071.6952719688416, "tot_sp2_time": 9.274185180664062, "raw_solution": [[[1.0, [0, 4, 91], [[[4, 27], 0], [[4, 56], 1], [[4, 51], 1], [[4, 75], 0]]], [1.0, [0, 12, 91], [[[12, 66], 0], [[12, 22], 1], [[12, 38], 1], [[12, 67], 0], [[12, 32], 1]]], [1.0, [0, 15, 91], [[[15, 5], 0], [[15, 35], 1], [[15, 20], 0], [[15, 33], 1], [[15, 54], 1], [[15, 47], 0]]], [1.0, [0, 36, 91], [[[36, 30], 0], [[36, 19], 1], [[36, 7], 1], [[36, 24], 0], [[36, 21], 1]]], [1.0, [0, 77, 91], [[[77, 83], 0], [[77, 17], 1], [[77, 16], 1], [[77, 70], 0], [[77, 32], 1]]], [1.0, [0, 32, 89, 80, 91], [[[32, 9], 0], [[32, 38], 1], [[32, 68], 1], [[32, 83], 0]]], [1.0, [0, 10, 71, 81, 91], [[[10, 31], 0], [[10, 60], 1], [[10, 74], 1], [[10, 64], 1], [[10, 84], 1]]], [1.0, [0, 37, 88, 91], [[[37, 46], 0], [[37, 47], 1], [[37, 63], 0], [[37, 90], 0]]], [1.0, [0, 69, 53, 3, 65, 91], [[[53, 39], 0]]], [1.0, [0, 1, 82, 67, 44, 91], [[[44, 39], 0]]], [1.0, [0, 6, 18, 85, 57, 29, 91], []], [1.0, [0, 79, 62, 8, 48, 91], [[[62, 52], 0]]], [1.0, [0, 90, 61, 40, 2, 72, 13, 25, 54, 91], [[[13, 34], 0]]], [1.0, [0, 23, 59, 11, 14, 26, 91], [[[26, 13], 0]]], [1.0, [0, 55, 45, 58, 43, 41, 91], [[[58, 50], 0]]], [1.0, [0, 42, 86, 73, 91], [[[86, 82], 0], [[86, 87], 1]]], [1.0, [0, 28, 46, 49, 76, 78, 91], []]], [[1.0, [4, 27]], [1.0, [4, 51]], [1.0, [4, 56]], [1.0, [4, 75]], [1.0, [10, 31]], [1.0, [10, 60]], [1.0, [10, 64]], [1.0, [10, 74]], [1.0, [10, 84]], [1.0, [12, 22]], [1.0, [12, 66]], [1.0, [13, 34]], [1.0, [15, 5]], [1.0, [15, 20]], [1.0, [15, 33]], [1.0, [15, 35]], [1.0, [32, 9]], [1.0, [32, 38]], [1.0, [32, 68]], [1.0, [36, 7]], [1.0, [36, 19]], [1.0, [36, 21]], [1.0, [36, 24]], [1.0, [36, 30]], [1.0, [37, 47]], [1.0, [37, 63]], [1.0, [44, 39]], [1.0, [58, 50]], [1.0, [62, 52]], [1.0, [77, 16]], [1.0, [77, 17]], [1.0, [77, 70]], [1.0, [77, 83]], [1.0, [86, 87]]]], "solution": [[[0, 4, 91], [[[4, 27], [4, 75]], [[4, 56], [4, 51]]]], [[0, 12, 91], [[[12, 66]], [[12, 22]]]], [[0, 15, 91], [[[15, 5], [15, 20]], [[15, 35], [15, 33]]]], [[0, 36, 91], [[[36, 30], [36, 24]], [[36, 19], [36, 7], [36, 21]]]], [[0, 77, 91], [[[77, 83], [77, 70]], [[77, 17], [77, 16]]]], [[0, 32, 89, 80, 91], [[[32, 9]], [[32, 38], [32, 68]]]], [[0, 10, 71, 81, 91], [[[10, 31]], [[10, 60], [10, 74], [10, 64], [10, 84]]]], [[0, 37, 88, 91], [[[37, 63]], [[37, 47]]]], [[0, 69, 53, 3, 65, 91], [[], []]], [[0, 1, 82, 67, 44, 91], [[[44, 39]], []]], [[0, 6, 18, 85, 57, 29, 91], [[], []]], [[0, 79, 62, 8, 48, 91], [[[62, 52]], []]], [[0, 90, 61, 40, 2, 72, 13, 25, 54, 91], [[[13, 34]], []]], [[0, 23, 59, 11, 14, 26, 91], [[], []]], [[0, 55, 45, 58, 43, 41, 91], [[[58, 50]], []]], [[0, 42, 86, 73, 91], [[], [[86, 87]]]], [[0, 28, 46, 49, 76, 78, 91], [[], []]]], "tot_num_gen_cols": 2447, "tot_num_labels": 2404, "tot_num_route_fixes": 83}