{"problem": {"name": "CVS-41-2", "datafile": "problems/ups_tw/CVS-41-2.vrp", "num_cust_nodes": 40, "num_tot_nodes": 42, "Gamma": 2, "t_range": 0.25, "Delta": 2, "d_range": 0.25, "num_drones": 2, "drone_time_multiplier": 1, "drone_cost_multiplier": 1, "flight_limit": 500, "demand_ratio": 0.75}, "timelimit": 600, "num_cpus": 4, "alg": "CG Heuristic", "tot_cg_iterations": 71, "time": 4.128436803817749, "obj": 63836.0, "tot_heu_time": 0.29361724853515625, "tot_mp_time": 0.05175614356994629, "tot_sp_time": 3.653947114944458, "tot_sp1_time": 14.074182987213135, "tot_sp2_time": 0.028717756271362305, "raw_solution": [[[1.0, [0, 2, 41], [[[2, 27], 0], [[2, 37], 1], [[2, 35], 0], [[2, 40], 1]]], [1.0, [0, 19, 41], [[[19, 17], 0], [[19, 22], 1], [[19, 32], 1], [[19, 33], 0], [[19, 29], 1], [[19, 31], 0]]], [1.0, [0, 21, 41], [[[21, 4], 0]]], [1.0, [0, 9, 6, 38, 41], [[[6, 20], 0]]], [1.0, [0, 37, 35, 11, 5, 16, 41], [[[16, 1], 0]]], [1.0, [0, 18, 15, 7, 23, 36, 41], [[[36, 34], 0]]], [1.0, [0, 12, 10, 14, 26, 41], [[[14, 34], 0]]], [1.0, [0, 28, 13, 40, 3, 41], [[[13, 39], 0]]], [1.0, [0, 25, 8, 24, 41], [[[8, 30], 0]]]], [[1.0, [2, 27]], [1.0, [6, 20]], [1.0, [8, 30]], [1.0, [13, 39]], [1.0, [14, 34]], [1.0, [16, 1]], [1.0, [19, 17]], [1.0, [19, 22]], [1.0, [19, 29]], [1.0, [19, 31]], [1.0, [19, 32]], [1.0, [19, 33]], [1.0, [21, 4]]]], "solution": [[[0, 2, 41], [[[2, 27]], []]], [[0, 19, 41], [[[19, 17], [19, 33], [19, 31]], [[19, 22], [19, 32], [19, 29]]]], [[0, 21, 41], [[[21, 4]], []]], [[0, 9, 6, 38, 41], [[[6, 20]], []]], [[0, 37, 35, 11, 5, 16, 41], [[[16, 1]], []]], [[0, 18, 15, 7, 23, 36, 41], [[], []]], [[0, 12, 10, 14, 26, 41], [[[14, 34]], []]], [[0, 28, 13, 40, 3, 41], [[[13, 39]], []]], [[0, 25, 8, 24, 41], [[[8, 30]], []]]], "tot_num_gen_cols": 318, "tot_num_labels": 282, "tot_num_route_fixes": 15}