{"problem": {"name": "CVS-71-3", "datafile": "problems/ups_tw/CVS-71-3.vrp", "num_cust_nodes": 70, "num_tot_nodes": 72, "Gamma": 2, "t_range": 0.25, "Delta": 2, "d_range": 0.25, "num_drones": 2, "drone_time_multiplier": 1, "drone_cost_multiplier": 1, "flight_limit": 500, "demand_ratio": 0.75}, "timelimit": 600, "num_cpus": 4, "alg": "MIP", "time": 600.2709817886353, "root_LP": 26319.237721438825, "obj": 126040.0, "final_gap": 0.7880947641613619, "global_lb": 26708.535925101867, "num_bnb_nodes": 488, "num_bnb_remaining_nodes": 470, "solution": [[[0, 17, 51, 34, 10, 32, 71], [[], [[32, 12]]]], [[0, 23, 13, 5, 71], [[[5, 19]], []]], [[0, 35, 28, 25, 4, 71], [[], []]], [[0, 42, 27, 24, 22, 71], [[], []]], [[0, 46, 52, 50, 37, 71], [[], []]], [[0, 48, 45, 18, 43, 71], [[], []]], [[0, 56, 1, 26, 16, 71], [[], [[16, 14]]]], [[0, 57, 53, 71], [[], [[53, 55]]]], [[0, 58, 20, 15, 3, 21, 71], [[], []]], [[0, 60, 7, 47, 71], [[], []]], [[0, 65, 33, 61, 8, 71], [[[8, 6]], []]], [[0, 66, 41, 38, 31, 71], [[], []]], [[0, 68, 49, 71], [[[49, 40], [49, 67], [49, 29]], []]], [[0, 69, 44, 64, 30, 59, 71], [[], []]], [[0, 70, 36, 71], [[], []]]], "termination_status": "time limit exceeded"}