{"problem": {"name": "CVS-51-8", "datafile": "problems/ups_tw/CVS-51-8.vrp", "num_cust_nodes": 50, "num_tot_nodes": 52, "Gamma": 2, "t_range": 0.25, "Delta": 2, "d_range": 0.25, "num_drones": 2, "drone_time_multiplier": 1, "drone_cost_multiplier": 1, "flight_limit": 500, "demand_ratio": 0.75}, "timelimit": 600, "num_cpus": 4, "alg": "CG Heuristic", "tot_cg_iterations": 107, "time": 6.447997570037842, "obj": 71644.0, "tot_heu_time": 1.8045315742492676, "tot_mp_time": 0.09553170204162598, "tot_sp_time": 4.2434165477752686, "tot_sp1_time": 15.842295408248901, "tot_sp2_time": 0.2583303451538086, "raw_solution": [[[1.0, [0, 10, 51], [[[10, 12], 0], [[10, 20], 1], [[10, 21], 0], [[10, 5], 1], [[10, 22], 0]]], [1.0, [0, 38, 51], [[[38, 35], 0], [[38, 14], 1], [[38, 8], 0], [[38, 15], 1], [[38, 9], 0]]], [1.0, [0, 46, 51], [[[46, 13], 0], [[46, 16], 1], [[46, 19], 1], [[46, 31], 0], [[46, 33], 1]]], [1.0, [0, 48, 51], [[[48, 43], 0], [[48, 14], 1], [[48, 8], 1], [[48, 44], 0], [[48, 28], 1]]], [1.0, [0, 39, 45, 27, 7, 51], [[[45, 4], 0]]], [1.0, [0, 24, 49, 51], [[[49, 1], 0], [[49, 8], 1], [[49, 50], 1], [[49, 43], 0]]], [1.0, [0, 37, 29, 34, 47, 51], [[[29, 26], 0]]], [1.0, [0, 6, 36, 28, 51], [[[36, 41], 0], [[36, 43], 1]]], [1.0, [0, 25, 17, 30, 11, 51], [[[11, 18], 0]]], [1.0, [0, 3, 32, 42, 2, 51], [[[3, 23], 0], [[42, 40], 0]]]], [[1.0, [3, 23]], [1.0, [10, 5]], [1.0, [10, 12]], [1.0, [10, 20]], [1.0, [10, 21]], [1.0, [10, 22]], [1.0, [11, 18]], [1.0, [29, 26]], [1.0, [36, 41]], [1.0, [36, 43]], [1.0, [38, 9]], [1.0, [38, 15]], [1.0, [38, 35]], [1.0, [42, 40]], [1.0, [45, 4]], [1.0, [46, 13]], [1.0, [46, 16]], [1.0, [46, 19]], [1.0, [46, 31]], [1.0, [46, 33]], [1.0, [48, 14]], [1.0, [48, 44]], [1.0, [49, 1]], [1.0, [49, 8]], [1.0, [49, 50]]]], "solution": [[[0, 10, 51], [[[10, 12], [10, 21], [10, 22]], [[10, 20], [10, 5]]]], [[0, 38, 51], [[[38, 35], [38, 9]], [[38, 15]]]], [[0, 46, 51], [[[46, 13], [46, 31]], [[46, 16], [46, 19], [46, 33]]]], [[0, 48, 51], [[[48, 44]], [[48, 14]]]], [[0, 39, 45, 27, 7, 51], [[[45, 4]], []]], [[0, 24, 49, 51], [[[49, 1]], [[49, 8], [49, 50]]]], [[0, 37, 29, 34, 47, 51], [[[29, 26]], []]], [[0, 6, 36, 28, 51], [[[36, 41]], [[36, 43]]]], [[0, 25, 17, 30, 11, 51], [[[11, 18]], []]], [[0, 3, 32, 42, 2, 51], [[[3, 23], [42, 40]], []]]], "tot_num_gen_cols": 468, "tot_num_labels": 351, "tot_num_route_fixes": 40}