{"problem": {"name": "CVS-71-2", "datafile": "problems/ups_tw/CVS-71-2.vrp", "num_cust_nodes": 70, "num_tot_nodes": 72, "Gamma": 2, "t_range": 0.25, "Delta": 2, "d_range": 0.25, "num_drones": 2, "drone_time_multiplier": 1, "drone_cost_multiplier": 1, "flight_limit": 500, "demand_ratio": 0.75}, "timelimit": 600, "num_cpus": 4, "alg": "MIP", "time": 600.1593148708344, "root_LP": 48160.88163704551, "obj": 135141.0, "final_gap": 0.6351958523387288, "global_lb": 49299.997319091795, "num_bnb_nodes": 1182, "num_bnb_remaining_nodes": 1, "solution": [[[0, 1, 41, 40, 13, 5, 71], [[[5, 43]], []]], [[0, 2, 71], [[], [[2, 3]]]], [[0, 14, 26, 71], [[], []]], [[0, 19, 71], [[[19, 22]], [[19, 46], [19, 33]]]], [[0, 21, 17, 4, 71], [[], []]], [[0, 35, 50, 36, 55, 71], [[], []]], [[0, 37, 65, 9, 71], [[], [[9, 11]]]], [[0, 39, 16, 27, 28, 44, 71], [[], []]], [[0, 51, 62, 8, 71], [[], []]], [[0, 52, 30, 24, 69, 25, 71], [[], []]], [[0, 56, 32, 29, 57, 71], [[[57, 59]], []]], [[0, 58, 67, 23, 64, 34, 71], [[], []]], [[0, 60, 49, 7, 48, 71], [[], []]], [[0, 61, 12, 66, 71], [[], []]], [[0, 63, 18, 10, 6, 71], [[], [[6, 15]]]], [[0, 68, 70, 47, 45, 71], [[], []]]], "termination_status": "time limit exceeded"}