{"problem": {"name": "CVS-91-10", "datafile": "problems/ups_tw/CVS-91-10.vrp", "num_cust_nodes": 90, "num_tot_nodes": 92, "Gamma": 2, "t_range": 0.25, "Delta": 2, "d_range": 0.25, "num_drones": 2, "drone_time_multiplier": 1, "drone_cost_multiplier": 1, "flight_limit": 500, "demand_ratio": 0.75}, "timelimit": 600, "num_cpus": 4, "alg": "CG Heuristic", "tot_cg_iterations": 184, "time": 601.5422580242157, "obj": 122509.0, "tot_heu_time": 64.0765450000763, "tot_mp_time": 0.5511560440063477, "tot_sp_time": 535.8593525886536, "tot_sp1_time": 2124.647692680359, "tot_sp2_time": 0.7113964557647705, "raw_solution": [[[1.0, [0, 6, 91], [[[6, 64], 0], [[6, 85], 1], [[6, 67], 0], [[6, 76], 1], [[6, 63], 0]]], [1.0, [0, 39, 91], [[[39, 16], 0], [[39, 22], 1], [[39, 27], 1], [[39, 8], 0], [[39, 25], 1]]], [1.0, [0, 89, 91], [[[89, 50], 0], [[89, 8], 1], [[89, 31], 0], [[89, 55], 1], [[89, 34], 1]]], [1.0, [0, 67, 68, 42, 2, 13, 91], []], [1.0, [0, 84, 23, 37, 12, 91], [[[12, 42], 0]]], [1.0, [0, 26, 57, 70, 61, 91], []], [1.0, [0, 4, 87, 20, 65, 3, 91], []], [1.0, [0, 66, 18, 45, 51, 28, 91], [[[18, 54], 0]]], [1.0, [0, 78, 30, 74, 49, 1, 5, 60, 91], []], [1.0, [0, 41, 36, 77, 56, 79, 44, 81, 91], []], [1.0, [0, 29, 33, 53, 35, 9, 15, 91], [[[9, 72], 0]]], [0.9999999999999998, [0, 40, 80, 24, 43, 10, 19, 91], []], [1.0, [0, 76, 7, 47, 32, 46, 91], []], [1.0, [0, 38, 90, 82, 91], [[[38, 54], 0], [[82, 71], 0]]], [1.0, [0, 88, 86, 52, 48, 59, 11, 91], []], [1.0, [0, 69, 62, 14, 91], [[[62, 83], 0]]], [1.0, [0, 75, 73, 21, 91], [[[75, 58], 0], [[73, 17], 0]]]], [[1.0, [6, 63]], [1.0, [6, 64]], [1.0, [6, 85]], [1.0, [9, 72]], [1.0, [18, 54]], [1.0, [39, 16]], [1.0, [39, 22]], [1.0, [39, 25]], [1.0, [39, 27]], [1.0, [62, 83]], [1.0, [73, 17]], [1.0, [75, 58]], [1.0, [82, 71]], [1.0, [89, 8]], [1.0, [89, 31]], [1.0, [89, 34]], [1.0, [89, 50]], [1.0, [89, 55]]]], "solution": [[[0, 6, 91], [[[6, 64], [6, 63]], [[6, 85]]]], [[0, 39, 91], [[[39, 16]], [[39, 22], [39, 27], [39, 25]]]], [[0, 89, 91], [[[89, 50], [89, 31]], [[89, 8], [89, 55], [89, 34]]]], [[0, 67, 68, 42, 2, 13, 91], [[], []]], [[0, 84, 23, 37, 12, 91], [[], []]], [[0, 26, 57, 70, 61, 91], [[], []]], [[0, 4, 87, 20, 65, 3, 91], [[], []]], [[0, 66, 18, 45, 51, 28, 91], [[[18, 54]], []]], [[0, 78, 30, 74, 49, 1, 5, 60, 91], [[], []]], [[0, 41, 36, 77, 56, 79, 44, 81, 91], [[], []]], [[0, 29, 33, 53, 35, 9, 15, 91], [[[9, 72]], []]], [[0, 40, 80, 24, 43, 10, 19, 91], [[], []]], [[0, 76, 7, 47, 32, 46, 91], [[], []]], [[0, 38, 90, 82, 91], [[[82, 71]], []]], [[0, 88, 86, 52, 48, 59, 11, 91], [[], []]], [[0, 69, 62, 14, 91], [[[62, 83]], []]], [[0, 75, 73, 21, 91], [[[75, 58], [73, 17]], []]]], "tot_num_gen_cols": 2052, "tot_num_labels": 2075, "tot_num_route_fixes": 46}