{"problem": {"name": "CVS-71-10", "datafile": "problems/ups_tw/CVS-71-10.vrp", "num_cust_nodes": 70, "num_tot_nodes": 72, "Gamma": 2, "t_range": 0.25, "Delta": 2, "d_range": 0.25, "num_drones": 2, "drone_time_multiplier": 1, "drone_cost_multiplier": 1, "flight_limit": 500, "demand_ratio": 0.75}, "timelimit": 600, "num_cpus": 4, "alg": "CG Heuristic", "tot_cg_iterations": 251, "time": 608.7319686412811, "obj": 94161.0, "tot_heu_time": 192.31811666488647, "tot_mp_time": 0.39718079566955566, "tot_sp_time": 414.5693380832672, "tot_sp1_time": 1638.1579082012177, "tot_sp2_time": 0.22569036483764648, "raw_solution": [[[1.0, [0, 44, 71], [[[44, 14], 0], [[44, 17], 1], [[44, 69], 1], [[44, 4], 0]]], [1.0, [0, 52, 71], [[[52, 20], 0], [[52, 8], 1], [[52, 16], 1], [[52, 22], 0], [[52, 3], 1], [[52, 26], 0]]], [1.0, [0, 15, 35, 53, 33, 29, 71], [[[15, 59], 0]]], [1.0, [0, 10, 43, 60, 5, 19, 71], []], [1.0, [0, 8, 50, 16, 34, 70, 57, 48, 71], []], [1.0, [0, 31, 56, 36, 41, 62, 4, 71], [[[31, 8], 0], [[31, 50], 1]]], [1.0, [0, 55, 61, 65, 39, 27, 22, 25, 3, 71], []], [1.0, [0, 28, 1, 49, 30, 71], [[[28, 47], 0]]], [1.0, [0, 9, 24, 40, 59, 11, 71], []], [1.0, [0, 66, 38, 45, 18, 71], [[[18, 54], 0]]], [1.0, [0, 46, 32, 63, 64, 71], [[[46, 7], 0]]], [1.0, [0, 51, 23, 37, 12, 71], [[[23, 67], 0], [[37, 42], 0]]], [1.0, [0, 58, 6, 68, 21, 13, 2, 71], []]], [[1.0, [18, 54]], [1.0, [23, 67]], [1.0, [28, 47]], [1.0, [37, 42]], [1.0, [44, 14]], [1.0, [44, 17]], [1.0, [44, 69]], [1.0, [46, 7]], [1.0, [52, 20]], [1.0, [52, 26]]]], "solution": [[[0, 44, 71], [[[44, 14]], [[44, 17], [44, 69]]]], [[0, 52, 71], [[[52, 20], [52, 26]], []]], [[0, 15, 35, 53, 33, 29, 71], [[], []]], [[0, 10, 43, 60, 5, 19, 71], [[], []]], [[0, 8, 50, 16, 34, 70, 57, 48, 71], [[], []]], [[0, 31, 56, 36, 41, 62, 4, 71], [[], []]], [[0, 55, 61, 65, 39, 27, 22, 25, 3, 71], [[], []]], [[0, 28, 1, 49, 30, 71], [[[28, 47]], []]], [[0, 9, 24, 40, 59, 11, 71], [[], []]], [[0, 66, 38, 45, 18, 71], [[[18, 54]], []]], [[0, 46, 32, 63, 64, 71], [[[46, 7]], []]], [[0, 51, 23, 37, 12, 71], [[[23, 67], [37, 42]], []]], [[0, 58, 6, 68, 21, 13, 2, 71], [[], []]]], "tot_num_gen_cols": 2185, "tot_num_labels": 2123, "tot_num_route_fixes": 62}