{"problem": {"name": "CVS-51-6", "datafile": "problems/ups_tw/CVS-51-6.vrp", "num_cust_nodes": 50, "num_tot_nodes": 52, "Gamma": 2, "t_range": 0.25, "Delta": 2, "d_range": 0.25, "num_drones": 2, "drone_time_multiplier": 1, "drone_cost_multiplier": 1, "flight_limit": 500, "demand_ratio": 0.75}, "timelimit": 600, "num_cpus": 4, "alg": "CG Heuristic", "tot_cg_iterations": 175, "time": 36.80097222328186, "obj": 72973.999999966, "tot_heu_time": 1.8330719470977783, "tot_mp_time": 0.19411301612854004, "tot_sp_time": 34.2574348449707, "tot_sp1_time": 133.5407693386078, "tot_sp2_time": 0.2606394290924072, "raw_solution": [[[1.0, [0, 14, 51], [[[14, 49], 0], [[14, 5], 1], [[14, 47], 1], [[14, 33], 0]]], [1.0, [0, 16, 51], [[[16, 13], 0], [[16, 2], 1], [[16, 3], 0], [[16, 41], 1], [[16, 27], 0], [[16, 35], 0]]], [1.0, [0, 25, 51], [[[25, 9], 0], [[25, 6], 1], [[25, 20], 0], [[25, 15], 1], [[25, 21], 1]]], [1.0, [0, 36, 51], [[[36, 7], 0], [[36, 18], 1], [[36, 23], 0], [[36, 11], 1], [[36, 22], 0]]], [1.0, [0, 45, 51], [[[45, 40], 0], [[45, 12], 1], [[45, 34], 0], [[45, 38], 1], [[45, 37], 0]]], [1.0, [0, 17, 42, 24, 51], [[[42, 25], 0]]], [1.0, [0, 19, 10, 35, 27, 51], [[[35, 12], 0]]], [1.0, [0, 39, 48, 1, 29, 26, 28, 51], []], [1.0, [0, 44, 8, 30, 50, 51], []], [1.0, [0, 43, 32, 31, 4, 46, 51], []]], [[1.0, [14, 5]], [1.0, [14, 33]], [1.0, [14, 47]], [1.0, [14, 49]], [1.0, [16, 2]], [1.0, [16, 3]], [1.0, [16, 13]], [1.0, [16, 41]], [1.0, [25, 6]], [1.0, [25, 9]], [1.000000001, [25, 15]], [1.0, [25, 20]], [1.0, [25, 21]], [1.0, [35, 12]], [1.0, [36, 7]], [1.0, [36, 11]], [1.0, [36, 18]], [1.0, [36, 22]], [1.0, [36, 23]], [1.0, [45, 34]], [1.0, [45, 37]], [1.0, [45, 38]], [1.0, [45, 40]]]], "solution": [[[0, 14, 51], [[[14, 49], [14, 33]], [[14, 5], [14, 47]]]], [[0, 16, 51], [[[16, 13], [16, 3]], [[16, 2], [16, 41]]]], [[0, 25, 51], [[[25, 9], [25, 20]], [[25, 6], [25, 15], [25, 21]]]], [[0, 36, 51], [[[36, 7], [36, 23], [36, 22]], [[36, 18], [36, 11]]]], [[0, 45, 51], [[[45, 40], [45, 34], [45, 37]], [[45, 38]]]], [[0, 17, 42, 24, 51], [[], []]], [[0, 19, 10, 35, 27, 51], [[[35, 12]], []]], [[0, 39, 48, 1, 29, 26, 28, 51], [[], []]], [[0, 44, 8, 30, 50, 51], [[], []]], [[0, 43, 32, 31, 4, 46, 51], [[], []]]], "tot_num_gen_cols": 932, "tot_num_labels": 911, "tot_num_route_fixes": 37}