{"problem": {"name": "CVS-51-2", "datafile": "problems/ups_tw/CVS-51-2.vrp", "num_cust_nodes": 50, "num_tot_nodes": 52, "Gamma": 2, "t_range": 0.25, "Delta": 2, "d_range": 0.25, "num_drones": 2, "drone_time_multiplier": 1, "drone_cost_multiplier": 1, "flight_limit": 500, "demand_ratio": 0.75}, "timelimit": 600, "num_cpus": 4, "alg": "CG Heuristic", "tot_cg_iterations": 86, "time": 37.75107431411743, "obj": 66841.0, "tot_heu_time": 0.98667311668396, "tot_mp_time": 0.07669544219970703, "tot_sp_time": 36.45774006843567, "tot_sp1_time": 143.89633965492249, "tot_sp2_time": 0.056729793548583984, "raw_solution": [[[1.0, [0, 9, 51], [[[9, 14], 0], [[9, 26], 1], [[9, 23], 1], [[9, 38], 0], [[9, 20], 1]]], [1.0, [0, 22, 51], [[[22, 29], 0], [[22, 31], 1], [[22, 46], 1], [[22, 19], 0], [[22, 32], 1]]], [1.0, [0, 25, 51], [[[25, 24], 0], [[25, 42], 1], [[25, 30], 1], [[25, 47], 0], [[25, 45], 1], [[25, 21], 1]]], [1.0, [0, 48, 51], [[[48, 7], 0], [[48, 15], 1], [[48, 12], 0], [[48, 18], 1], [[48, 10], 0]]], [1.0, [0, 39, 16, 35, 50, 37, 51], []], [1.0, [0, 33, 8, 42, 17, 4, 51], []], [1.0, [0, 40, 13, 28, 27, 3, 51], [[[13, 41], 0], [[3, 2], 0]]], [1.0, [0, 44, 11, 43, 5, 51], [[[5, 1], 0]]], [1.0, [0, 6, 23, 49, 36, 38, 51], [[[36, 34], 0]]]], [[1.0, [3, 2]], [1.0, [5, 1]], [1.0, [9, 14]], [1.0, [9, 20]], [1.0, [9, 26]], [1.0, [13, 41]], [1.0, [22, 19]], [1.0, [22, 29]], [1.0, [22, 31]], [1.0, [22, 32]], [1.0, [22, 46]], [1.0, [25, 21]], [1.0, [25, 24]], [1.0, [25, 30]], [1.0, [25, 45]], [1.0, [25, 47]], [1.0, [36, 34]], [1.0, [48, 7]], [1.0, [48, 10]], [1.0, [48, 12]], [1.0, [48, 15]], [1.0, [48, 18]]]], "solution": [[[0, 9, 51], [[[9, 14]], [[9, 26], [9, 20]]]], [[0, 22, 51], [[[22, 29], [22, 19]], [[22, 31], [22, 46], [22, 32]]]], [[0, 25, 51], [[[25, 24], [25, 47]], [[25, 30], [25, 45], [25, 21]]]], [[0, 48, 51], [[[48, 7], [48, 12], [48, 10]], [[48, 15], [48, 18]]]], [[0, 39, 16, 35, 50, 37, 51], [[], []]], [[0, 33, 8, 42, 17, 4, 51], [[], []]], [[0, 40, 13, 28, 27, 3, 51], [[[13, 41], [3, 2]], []]], [[0, 44, 11, 43, 5, 51], [[[5, 1]], []]], [[0, 6, 23, 49, 36, 38, 51], [[[36, 34]], []]]], "tot_num_gen_cols": 692, "tot_num_labels": 685, "tot_num_route_fixes": 21}