{"problem": {"name": "CVS-41-4", "datafile": "problems/ups_tw/CVS-41-4.vrp", "num_cust_nodes": 40, "num_tot_nodes": 42, "Gamma": 2, "t_range": 0.25, "Delta": 2, "d_range": 0.25, "num_drones": 2, "drone_time_multiplier": 1, "drone_cost_multiplier": 1, "flight_limit": 500, "demand_ratio": 0.75}, "timelimit": 600, "num_cpus": 4, "alg": "CG Heuristic", "tot_cg_iterations": 31, "time": 2.743933916091919, "obj": 62556.0, "tot_heu_time": 0.2716183662414551, "tot_mp_time": 0.02294015884399414, "tot_sp_time": 2.39165997505188, "tot_sp1_time": 9.157973289489746, "tot_sp2_time": 0.03652834892272949, "raw_solution": [[[1.0, [0, 40, 41], [[[40, 31], 0], [[40, 16], 1], [[40, 13], 0], [[40, 30], 1], [[40, 39], 0]]], [1.0, [0, 20, 28, 7, 41], [[[28, 23], 0], [[28, 12], 1]]], [1.0, [0, 9, 14, 8, 35, 41], []], [1.0, [0, 5, 34, 18, 37, 41], [[[5, 11], 0]]], [1.0, [0, 1, 15, 21, 3, 41], [[[21, 29], 0], [[3, 36], 0]]], [1.0, [0, 33, 4, 27, 22, 26, 41], [[[27, 17], 0]]], [1.0, [0, 32, 6, 25, 41], [[[32, 19], 0], [[32, 21], 1], [[25, 38], 0]]], [1.0, [0, 2, 24, 10, 41], [[[2, 31], 0]]]], [[1.0, [2, 31]], [1.0, [3, 36]], [1.0, [5, 11]], [1.0, [21, 29]], [1.0, [25, 38]], [1.0, [27, 17]], [1.0, [28, 12]], [1.0, [28, 23]], [1.0, [32, 19]], [1.0, [40, 13]], [1.0, [40, 16]], [1.0, [40, 30]], [1.0, [40, 39]]]], "solution": [[[0, 40, 41], [[[40, 13], [40, 39]], [[40, 16], [40, 30]]]], [[0, 20, 28, 7, 41], [[[28, 23]], [[28, 12]]]], [[0, 9, 14, 8, 35, 41], [[], []]], [[0, 5, 34, 18, 37, 41], [[[5, 11]], []]], [[0, 1, 15, 21, 3, 41], [[[21, 29], [3, 36]], []]], [[0, 33, 4, 27, 22, 26, 41], [[[27, 17]], []]], [[0, 32, 6, 25, 41], [[[32, 19], [25, 38]], []]], [[0, 2, 24, 10, 41], [[[2, 31]], []]]], "tot_num_gen_cols": 301, "tot_num_labels": 231, "tot_num_route_fixes": 4}