{"problem": {"name": "CVS-91-1", "datafile": "problems/ups_tw/CVS-91-1.vrp", "num_cust_nodes": 90, "num_tot_nodes": 92, "Gamma": 2, "t_range": 0.25, "Delta": 2, "d_range": 0.25, "num_drones": 2, "drone_time_multiplier": 1, "drone_cost_multiplier": 1, "flight_limit": 500, "demand_ratio": 0.75}, "timelimit": 600, "num_cpus": 4, "alg": "MIP", "time": 600.0387642383575, "root_LP": 48582.25853148707, "obj": 241763.0, "final_gap": 0.7990500674979751, "global_lb": 48582.25853148697, "num_bnb_nodes": 0, "num_bnb_remaining_nodes": 1, "solution": [[[0, 2, 91], [[[2, 84], [2, 21]], [[2, 53]]]], [[0, 3, 91], [[], []]], [[0, 5, 55, 91], [[], []]], [[0, 6, 91], [[], []]], [[0, 9, 54, 91], [[], []]], [[0, 12, 91], [[], []]], [[0, 14, 75, 27, 91], [[], []]], [[0, 15, 41, 91], [[], []]], [[0, 17, 91], [[], []]], [[0, 19, 91], [[], []]], [[0, 20, 68, 91], [[], []]], [[0, 22, 37, 91], [[], []]], [[0, 26, 16, 73, 52, 88, 91], [[], []]], [[0, 28, 91], [[], []]], [[0, 29, 38, 91], [[], []]], [[0, 32, 56, 23, 46, 89, 91], [[], []]], [[0, 33, 91], [[], []]], [[0, 34, 91], [[], []]], [[0, 35, 91], [[], []]], [[0, 39, 91], [[], []]], [[0, 40, 91], [[], []]], [[0, 43, 91], [[], []]], [[0, 48, 91], [[], []]], [[0, 49, 10, 45, 59, 91], [[], []]], [[0, 50, 8, 62, 7, 91], [[], []]], [[0, 58, 31, 91], [[], []]], [[0, 60, 67, 11, 1, 91], [[], []]], [[0, 65, 13, 71, 64, 91], [[], []]], [[0, 69, 18, 42, 25, 91], [[], []]], [[0, 72, 91], [[], []]], [[0, 74, 70, 24, 91], [[], []]], [[0, 76, 30, 57, 91], [[], []]], [[0, 77, 44, 91], [[], [[44, 4]]]], [[0, 78, 61, 91], [[], []]], [[0, 79, 36, 83, 91], [[], []]], [[0, 80, 91], [[], []]], [[0, 82, 91], [[], []]], [[0, 85, 66, 81, 86, 47, 91], [[], []]], [[0, 87, 91], [[], []]]], "termination_status": "time limit exceeded"}