{"problem": {"name": "CVS-51-2", "datafile": "problems/ups_tw/CVS-51-2.vrp", "num_cust_nodes": 50, "num_tot_nodes": 52, "Gamma": 2, "t_range": 0.25, "Delta": 2, "d_range": 0.25, "num_drones": 2, "drone_time_multiplier": 1, "drone_cost_multiplier": 1, "flight_limit": 500, "demand_ratio": 0.75}, "timelimit": 600, "num_cpus": 4, "alg": "MIP", "time": 600.0391945838928, "root_LP": 22456.887582754578, "obj": 72546.0, "final_gap": 0.648408176622856, "global_lb": 25506.58041871822, "num_bnb_nodes": 3075, "num_bnb_remaining_nodes": 1795, "solution": [[[0, 8, 42, 17, 29, 32, 51], [[], []]], [[0, 16, 5, 43, 11, 51], [[], []]], [[0, 25, 45, 51], [[[45, 47], [45, 4]], [[45, 21]]]], [[0, 31, 22, 46, 33, 19, 51], [[], []]], [[0, 36, 26, 51], [[[26, 14], [26, 34]], []]], [[0, 37, 38, 51], [[[38, 6], [38, 20]], []]], [[0, 40, 27, 13, 28, 51], [[], []]], [[0, 48, 7, 15, 10, 12, 51], [[], []]], [[0, 49, 23, 44, 39, 51], [[], []]], [[0, 50, 35, 51], [[], []]]], "termination_status": "time limit exceeded"}