{"problem": {"name": "CVS-61-6", "datafile": "problems/ups_tw/CVS-61-6.vrp", "num_cust_nodes": 60, "num_tot_nodes": 62, "Gamma": 2, "t_range": 0.25, "Delta": 2, "d_range": 0.25, "num_drones": 2, "drone_time_multiplier": 1, "drone_cost_multiplier": 1, "flight_limit": 500, "demand_ratio": 0.75}, "timelimit": 600, "num_cpus": 4, "alg": "CG Heuristic", "tot_cg_iterations": 476, "time": 567.8208818435669, "obj": 83511.99999955029, "tot_heu_time": 35.03740096092224, "tot_mp_time": 0.7636175155639648, "tot_sp_time": 528.4259085655212, "tot_sp1_time": 2086.0986301898956, "tot_sp2_time": 0.32419252395629883, "raw_solution": [[[1.0, [0, 28, 61], [[[28, 8], 0], [[28, 9], 1], [[28, 11], 1], [[28, 18], 0]]], [1.0, [0, 41, 61], [[[41, 54], 0], [[41, 16], 1], [[41, 43], 1], [[41, 27], 0]]], [1.000000001, [0, 45, 61], [[[45, 38], 0], [[45, 12], 1], [[45, 37], 1], [[45, 34], 1], [[45, 13], 1]]], [1.0000000006889953, [0, 17, 42, 53, 24, 7, 61], []], [0.9999999989999999, [0, 58, 54, 3, 16, 52, 61], []], [1.0000000003444975, [0, 2, 14, 59, 47, 5, 61], [[[5, 49], 0]]], [1.0000000001794258, [0, 57, 8, 30, 22, 43, 61], []], [0.9999999986794257, [0, 25, 20, 21, 6, 1, 61], []], [0.9999999999712919, [0, 50, 56, 60, 44, 48, 55, 61], []], [1.000000001, [0, 27, 19, 10, 35, 51, 61], [[[10, 34], 0], [[35, 12], 0], [[35, 40], 1]]], [1.0000000005167464, [0, 23, 46, 36, 61], [[[23, 31], 0], [[46, 33], 0], [[36, 32], 0]]], [0.9999999980478468, [0, 4, 15, 29, 26, 39, 61], []]], [[1.0000000003444975, [5, 49]], [1.000000001, [10, 34]], [1.0000000005167464, [23, 31]], [1.0, [28, 9]], [1.0, [28, 11]], [1.0, [28, 18]], [1.000000001, [35, 12]], [1.000000001, [35, 40]], [1.0000000005167464, [36, 32]], [1.000000001, [45, 13]], [1.000000001, [45, 37]], [1.000000001, [45, 38]], [1.0000000005167464, [46, 33]]]], "solution": [[[0, 28, 61], [[[28, 18]], [[28, 9], [28, 11]]]], [[0, 41, 61], [[], []]], [[0, 45, 61], [[[45, 38]], [[45, 37], [45, 13]]]], [[0, 17, 42, 53, 24, 7, 61], [[], []]], [[0, 58, 54, 3, 16, 52, 61], [[], []]], [[0, 2, 14, 59, 47, 5, 61], [[[5, 49]], []]], [[0, 57, 8, 30, 22, 43, 61], [[], []]], [[0, 25, 20, 21, 6, 1, 61], [[], []]], [[0, 50, 56, 60, 44, 48, 55, 61], [[], []]], [[0, 27, 19, 10, 35, 51, 61], [[[10, 34], [35, 12]], [[35, 40]]]], [[0, 23, 46, 36, 61], [[[23, 31], [46, 33], [36, 32]], []]], [[0, 4, 15, 29, 26, 39, 61], [[], []]]], "tot_num_gen_cols": 2226, "tot_num_labels": 2584, "tot_num_route_fixes": 158}