{"problem": {"name": "CVS-41-5", "datafile": "problems/ups_tw/CVS-41-5.vrp", "num_cust_nodes": 40, "num_tot_nodes": 42, "Gamma": 2, "t_range": 0.25, "Delta": 2, "d_range": 0.25, "num_drones": 2, "drone_time_multiplier": 1, "drone_cost_multiplier": 1, "flight_limit": 500, "demand_ratio": 0.75}, "timelimit": 600, "num_cpus": 4, "alg": "CG Heuristic", "tot_cg_iterations": 73, "time": 22.052180767059326, "obj": 64677.0, "tot_heu_time": 0.534442663192749, "tot_mp_time": 0.049913644790649414, "tot_sp_time": 21.293301820755005, "tot_sp1_time": 84.06364274024963, "tot_sp2_time": 0.02563786506652832, "raw_solution": [[[1.0, [0, 7, 41], [[[7, 12], 0], [[7, 6], 1], [[7, 3], 0]]], [1.0, [0, 18, 41], [[[18, 22], 0], [[18, 14], 1], [[18, 20], 1], [[18, 2], 0], [[18, 11], 0], [[18, 23], 1]]], [1.0, [0, 17, 36, 27, 4, 40, 41], []], [1.0, [0, 10, 19, 30, 5, 41], [[[19, 16], 0]]], [1.0, [0, 35, 1, 34, 39, 8, 41], []], [1.0, [0, 32, 9, 24, 13, 41], [[[24, 26], 0]]], [1.0, [0, 15, 38, 33, 25, 21, 41], [[[25, 28], 0]]], [0.9999999999999999, [0, 29, 31, 14, 37, 41], [[[37, 26], 0]]]], [[1.0, [7, 3]], [1.0, [7, 6]], [1.0, [7, 12]], [1.0, [18, 2]], [1.0, [18, 11]], [1.0, [18, 20]], [1.0, [18, 22]], [1.0, [18, 23]], [1.0, [19, 16]], [1.0, [25, 28]], [0.9999999999999999, [37, 26]]]], "solution": [[[0, 7, 41], [[[7, 12], [7, 3]], [[7, 6]]]], [[0, 18, 41], [[[18, 22], [18, 2], [18, 11]], [[18, 20], [18, 23]]]], [[0, 17, 36, 27, 4, 40, 41], [[], []]], [[0, 10, 19, 30, 5, 41], [[[19, 16]], []]], [[0, 35, 1, 34, 39, 8, 41], [[], []]], [[0, 32, 9, 24, 13, 41], [[], []]], [[0, 15, 38, 33, 25, 21, 41], [[[25, 28]], []]], [[0, 29, 31, 14, 37, 41], [[[37, 26]], []]]], "tot_num_gen_cols": 685, "tot_num_labels": 688, "tot_num_route_fixes": 16}