{"problem": {"name": "CVS-71-5", "datafile": "problems/ups_tw/CVS-71-5.vrp", "num_cust_nodes": 70, "num_tot_nodes": 72, "Gamma": 2, "t_range": 0.25, "Delta": 2, "d_range": 0.25, "num_drones": 2, "drone_time_multiplier": 1, "drone_cost_multiplier": 1, "flight_limit": 500, "demand_ratio": 0.75}, "timelimit": 600, "num_cpus": 4, "alg": "CG Heuristic", "tot_cg_iterations": 460, "time": 606.0615873336792, "obj": 98312.0, "tot_heu_time": 131.49744033813477, "tot_mp_time": 1.3543262481689453, "tot_sp_time": 469.58075642585754, "tot_sp1_time": 1862.2197353839874, "tot_sp2_time": 2.4099111557006836, "raw_solution": [[[1.0, [0, 1, 71], [[[1, 34], 0], [[1, 22], 1], [[1, 28], 0], [[1, 25], 1], [[1, 8], 0]]], [1.0, [0, 7, 71], [[[7, 68], 0], [[7, 6], 1], [[7, 3], 1], [[7, 49], 1], [[7, 12], 0]]], [1.0, [0, 63, 71], [[[63, 36], 0], [[63, 16], 1], [[63, 17], 0], [[63, 30], 1], [[63, 4], 0], [[63, 54], 1]]], [1.0, [0, 57, 30, 19, 46, 71], [[[30, 62], 0]]], [1.0, [0, 61, 70, 13, 71], [[[70, 26], 0]]], [1.0, [0, 50, 35, 67, 64, 11, 71], []], [0.9999999999999994, [0, 32, 9, 24, 56, 71], [[[24, 14], 0]]], [1.0, [0, 37, 53, 51, 41, 31, 42, 71], [[[42, 29], 0]]], [1.0, [0, 10, 55, 69, 71], [[[69, 58], 0]]], [1.0, [0, 36, 17, 4, 27, 40, 71], [[[4, 45], 0]]], [1.0, [0, 44, 52, 33, 47, 43, 71], [[[44, 21], 0]]], [1.0, [0, 15, 66, 38, 59, 23, 18, 71], [[[18, 60], 0]]], [1.0, [0, 5, 39, 65, 20, 2, 71], [[[65, 48], 0]]]], [[1.0, [1, 8]], [1.0, [1, 22]], [1.0, [1, 25]], [1.0, [1, 28]], [1.0, [1, 34]], [1.0, [4, 45]], [1.0, [7, 3]], [1.0, [7, 6]], [1.0, [7, 12]], [1.0, [7, 49]], [1.0, [7, 68]], [1.0, [18, 60]], [0.9999999999999994, [24, 14]], [1.0, [30, 62]], [1.0, [42, 29]], [1.0, [44, 21]], [1.0, [63, 16]], [1.0, [63, 54]], [1.0, [65, 48]], [1.0, [69, 58]], [1.0, [70, 26]]]], "solution": [[[0, 1, 71], [[[1, 34], [1, 28], [1, 8]], [[1, 22], [1, 25]]]], [[0, 7, 71], [[[7, 68], [7, 12]], [[7, 6], [7, 3], [7, 49]]]], [[0, 63, 71], [[], [[63, 16], [63, 54]]]], [[0, 57, 30, 19, 46, 71], [[[30, 62]], []]], [[0, 61, 70, 13, 71], [[[70, 26]], []]], [[0, 50, 35, 67, 64, 11, 71], [[], []]], [[0, 32, 9, 24, 56, 71], [[[24, 14]], []]], [[0, 37, 53, 51, 41, 31, 42, 71], [[[42, 29]], []]], [[0, 10, 55, 69, 71], [[[69, 58]], []]], [[0, 36, 17, 4, 27, 40, 71], [[[4, 45]], []]], [[0, 44, 52, 33, 47, 43, 71], [[[44, 21]], []]], [[0, 15, 66, 38, 59, 23, 18, 71], [[[18, 60]], []]], [[0, 5, 39, 65, 20, 2, 71], [[[65, 48]], []]]], "tot_num_gen_cols": 2634, "tot_num_labels": 2502, "tot_num_route_fixes": 142}