{"problem": {"name": "CVS-61-7", "datafile": "problems/ups_tw/CVS-61-7.vrp", "num_cust_nodes": 60, "num_tot_nodes": 62, "Gamma": 2, "t_range": 0.25, "Delta": 2, "d_range": 0.25, "num_drones": 2, "drone_time_multiplier": 1, "drone_cost_multiplier": 1, "flight_limit": 500, "demand_ratio": 0.75}, "timelimit": 600, "num_cpus": 4, "alg": "MIP", "time": 600.0748021602631, "root_LP": 28122.556291390683, "obj": 98270.0, "final_gap": 0.6900890394834122, "global_lb": 30454.95008996502, "num_bnb_nodes": 2764, "num_bnb_remaining_nodes": 1483, "solution": [[[0, 15, 20, 42, 12, 61], [[], []]], [[0, 25, 47, 26, 61], [[], []]], [[0, 27, 4, 46, 34, 13, 61], [[], []]], [[0, 32, 3, 39, 44, 61], [[[44, 1], [44, 22]], []]], [[0, 35, 33, 14, 61], [[[14, 29], [14, 6]], []]], [[0, 38, 17, 9, 16, 61], [[[16, 53]], []]], [[0, 50, 10, 49, 30, 61], [[], []]], [[0, 51, 28, 36, 21, 24, 61], [[], []]], [[0, 54, 8, 48, 61], [[], []]], [[0, 57, 40, 2, 52, 61], [[], []]], [[0, 58, 43, 41, 61], [[[41, 7], [41, 19], [41, 45]], []]], [[0, 59, 23, 61], [[], []]]], "termination_status": "time limit exceeded"}