{"problem": {"name": "CVS-31-2", "datafile": "problems/ups_tw/CVS-31-2.vrp", "num_cust_nodes": 30, "num_tot_nodes": 32, "Gamma": 2, "t_range": 0.25, "Delta": 2, "d_range": 0.25, "num_drones": 2, "drone_time_multiplier": 1, "drone_cost_multiplier": 1, "flight_limit": 500, "demand_ratio": 0.75}, "timelimit": 3600, "num_cpus": 4, "alg": "BnP", "root_LP": 44936.21428571429, "tot_cg_iterations": 20, "global_lb": 44936.21428571429, "time": 3620.123554944992, "obj": 45879.0, "tot_mp_time": 0.00998687744140625, "tot_sp_time": 3620.0811624526978, "tot_sp_heu1_time": 14.830082654953003, "tot_sp_heu2_time": 3597.954038143158, "tot_sp_exact_time": 7.290238380432129, "tot_num_sp_heu1": 20, "tot_num_sp_heu2": 7, "tot_num_sp_exact": 1, "tot_sp1_time": 14342.370210886002, "tot_sp2_time": 40.45679330825806, "tot_heu_time": 0.017110109329223633, "raw_solution": [[[1.0, [0, 20, 31], [[[20, 15], 0], [[20, 14], 1], [[20, 26], 1], [[20, 9], 0], [[20, 10], 1]]], [1.0, [0, 2, 11, 5, 16, 31], [[[2, 3], 0]]], [1.0, [0, 8, 19, 22, 17, 4, 31], [[[17, 29], 0], [[4, 21], 0]]], [1.0, [0, 6, 9, 23, 7, 10, 12, 18, 31], []], [1.0, [0, 1, 28, 13, 27, 24, 31], [[[24, 25], 0], [[24, 30], 1]]]], [[1.0, [2, 3]], [1.0, [4, 21]], [1.0, [17, 29]], [1.0, [20, 14]], [1.0, [20, 15]], [1.0, [20, 26]], [1.0, [24, 25]], [1.0, [24, 30]]]], "solution": [[[0, 20, 31], [[[20, 15]], [[20, 14], [20, 26]]]], [[0, 2, 11, 5, 16, 31], [[[2, 3]], []]], [[0, 8, 19, 22, 17, 4, 31], [[[17, 29], [4, 21]], []]], [[0, 6, 9, 23, 7, 10, 12, 18, 31], [[], []]], [[0, 1, 28, 13, 27, 24, 31], [[[24, 25]], [[24, 30]]]]], "num_bnb_nodes": 1, "num_bnb_remaining_nodes": 0, "tot_num_gen_cols": 404, "tot_num_labels": 10076663, "termination_status": "Time limit"}