{"problem": {"name": "CVS-91-6", "datafile": "problems/ups_tw/CVS-91-6.vrp", "num_cust_nodes": 90, "num_tot_nodes": 92, "Gamma": 2, "t_range": 0.25, "Delta": 2, "d_range": 0.25, "num_drones": 2, "drone_time_multiplier": 1, "drone_cost_multiplier": 1, "flight_limit": 500, "demand_ratio": 0.75}, "timelimit": 600, "num_cpus": 4, "alg": "CG Heuristic", "tot_cg_iterations": 381, "time": 480.2603688240051, "obj": 118866.0, "tot_heu_time": 58.71718907356262, "tot_mp_time": 1.7166647911071777, "tot_sp_time": 417.29325699806213, "tot_sp1_time": 463.54988861083984, "tot_sp2_time": 322.3018522262573, "raw_solution": [[[1.0, [0, 45, 91], [[[45, 37], 0], [[45, 40], 1], [[45, 38], 0], [[45, 13], 1], [[45, 61], 0]]], [1.0, [0, 62, 91], [[[62, 24], 0], [[62, 17], 1], [[62, 18], 0], [[62, 25], 1]]], [1.0, [0, 81, 91], [[[81, 27], 0], [[81, 16], 1], [[81, 35], 0], [[81, 41], 1], [[81, 52], 0]]], [1.0, [0, 58, 70, 54, 3, 91], []], [1.0, [0, 12, 64, 10, 61, 19, 80, 65, 91], []], [1.0, [0, 77, 34, 66, 51, 91], []], [1.0000000000000007, [0, 39, 26, 4, 76, 1, 91], []], [1.0000000000000007, [0, 73, 79, 42, 53, 89, 91], [[[79, 88], 0]]], [1.0, [0, 69, 33, 91], [[[33, 47], 0], [[33, 49], 1], [[33, 5], 1]]], [1.0, [0, 2, 14, 59, 91], [[[59, 90], 0]]], [1.0, [0, 74, 23, 46, 91], [[[74, 85], 0], [[23, 32], 0], [[23, 71], 1]]], [0.9999999999999997, [0, 50, 44, 60, 22, 8, 30, 43, 91], []], [1.0, [0, 82, 57, 86, 91], [[[86, 27], 0], [[86, 81], 1]]], [1.0, [0, 83, 7, 28, 11, 18, 68, 91], [[[28, 84], 0]]], [1.0, [0, 29, 72, 87, 6, 15, 36, 91], []], [1.0, [0, 75, 63, 84, 31, 56, 91], [[[84, 20], 0]]], [1.0, [0, 78, 48, 55, 67, 9, 91], [[[48, 21], 0]]]], [[1.0, [23, 32]], [1.0, [23, 71]], [1.0, [33, 5]], [1.0, [33, 47]], [1.0, [33, 49]], [1.0, [45, 13]], [1.0, [45, 37]], [1.0, [45, 38]], [1.0, [45, 40]], [1.0, [48, 21]], [1.0, [59, 90]], [1.0, [62, 17]], [1.0, [62, 24]], [1.0, [62, 25]], [1.0, [74, 85]], [1.0000000000000007, [79, 88]], [1.0, [81, 16]], [1.0, [81, 35]], [1.0, [81, 41]], [1.0, [81, 52]], [1.0, [84, 20]], [1.0, [86, 27]]]], "solution": [[[0, 45, 91], [[[45, 37], [45, 38]], [[45, 40], [45, 13]]]], [[0, 62, 91], [[[62, 24]], [[62, 17], [62, 25]]]], [[0, 81, 91], [[[81, 35], [81, 52]], [[81, 16], [81, 41]]]], [[0, 58, 70, 54, 3, 91], [[], []]], [[0, 12, 64, 10, 61, 19, 80, 65, 91], [[], []]], [[0, 77, 34, 66, 51, 91], [[], []]], [[0, 39, 26, 4, 76, 1, 91], [[], []]], [[0, 73, 79, 42, 53, 89, 91], [[[79, 88]], []]], [[0, 69, 33, 91], [[[33, 47]], [[33, 49], [33, 5]]]], [[0, 2, 14, 59, 91], [[[59, 90]], []]], [[0, 74, 23, 46, 91], [[[74, 85], [23, 32]], [[23, 71]]]], [[0, 50, 44, 60, 22, 8, 30, 43, 91], [[], []]], [[0, 82, 57, 86, 91], [[[86, 27]], []]], [[0, 83, 7, 28, 11, 18, 68, 91], [[], []]], [[0, 29, 72, 87, 6, 15, 36, 91], [[], []]], [[0, 75, 63, 84, 31, 56, 91], [[[84, 20]], []]], [[0, 78, 48, 55, 67, 9, 91], [[[48, 21]], []]]], "tot_num_gen_cols": 1920, "tot_num_labels": 2113, "tot_num_route_fixes": 129}