{"problem": {"name": "CVS-41-7", "datafile": "problems/ups_tw/CVS-41-7.vrp", "num_cust_nodes": 40, "num_tot_nodes": 42, "Gamma": 2, "t_range": 0.25, "Delta": 2, "d_range": 0.25, "num_drones": 2, "drone_time_multiplier": 1, "drone_cost_multiplier": 1, "flight_limit": 500, "demand_ratio": 0.75}, "timelimit": 600, "num_cpus": 4, "alg": "CG Heuristic", "tot_cg_iterations": 397, "time": 72.24404048919678, "obj": 65398.0, "tot_heu_time": 9.315894842147827, "tot_mp_time": 0.3779897689819336, "tot_sp_time": 60.51829242706299, "tot_sp1_time": 237.90230464935303, "tot_sp2_time": 0.1622304916381836, "raw_solution": [[[1.0, [0, 13, 41], [[[13, 34], 0], [[13, 26], 1], [[13, 25], 0], [[13, 19], 1]]], [1.0, [0, 4, 27, 7, 21, 41], []], [1.0, [0, 22, 3, 39, 41], [[[22, 1], 0]]], [1.0, [0, 32, 38, 9, 17, 16, 41], [[[38, 12], 0]]], [1.0, [0, 20, 37, 41], [[[37, 5], 0], [[37, 8], 1], [[37, 40], 1]]], [1.0, [0, 28, 30, 31, 10, 24, 41], [[[24, 36], 0]]], [1.0, [0, 33, 35, 14, 15, 41], [[[35, 2], 0]]], [1.0, [0, 18, 6, 29, 11, 23, 41], []]], [[1.0, [13, 19]], [1.0, [13, 25]], [1.0, [13, 26]], [1.0, [13, 34]], [1.0, [22, 1]], [1.0, [24, 36]], [1.0, [35, 2]], [1.0, [37, 5]], [1.0, [37, 8]], [1.0, [37, 40]], [1.0, [38, 12]]]], "solution": [[[0, 13, 41], [[[13, 34], [13, 25]], [[13, 26], [13, 19]]]], [[0, 4, 27, 7, 21, 41], [[], []]], [[0, 22, 3, 39, 41], [[[22, 1]], []]], [[0, 32, 38, 9, 17, 16, 41], [[[38, 12]], []]], [[0, 20, 37, 41], [[[37, 5]], [[37, 8], [37, 40]]]], [[0, 28, 30, 31, 10, 24, 41], [[[24, 36]], []]], [[0, 33, 35, 14, 15, 41], [[[35, 2]], []]], [[0, 18, 6, 29, 11, 23, 41], [[], []]]], "tot_num_gen_cols": 1418, "tot_num_labels": 1480, "tot_num_route_fixes": 132}