{"problem": {"name": "CVS-81-9", "datafile": "problems/ups_tw/CVS-81-9.vrp", "num_cust_nodes": 80, "num_tot_nodes": 82, "Gamma": 2, "t_range": 0.25, "Delta": 2, "d_range": 0.25, "num_drones": 2, "drone_time_multiplier": 1, "drone_cost_multiplier": 1, "flight_limit": 500, "demand_ratio": 0.75}, "timelimit": 600, "num_cpus": 4, "alg": "CG Heuristic", "tot_cg_iterations": 324, "time": 600.7361884117126, "obj": 102930.999999936, "tot_heu_time": 50.389166831970215, "tot_mp_time": 1.1531336307525635, "tot_sp_time": 546.951979637146, "tot_sp1_time": 2163.8945922851562, "tot_sp2_time": 3.6218862533569336, "raw_solution": [[[1.0, [0, 34, 51, 56, 76, 29, 81], []], [1.0, [0, 48, 39, 1, 23, 81], []], [1.0, [0, 58, 16, 65, 2, 12, 81], []], [1.0, [0, 79, 75, 4, 49, 81], [[[4, 15], 0]]], [1.0, [0, 31, 42, 21, 27, 5, 67, 81], []], [1.0, [0, 24, 43, 46, 68, 33, 81], []], [1.0, [0, 55, 36, 50, 57, 9, 3, 81], [[[55, 25], 0]]], [1.0, [0, 35, 41, 7, 53, 22, 81], [[[35, 38], 0], [[53, 17], 0]]], [1.0, [0, 19, 61, 28, 81], [[[19, 63], 0], [[28, 47], 0]]], [1.0, [0, 72, 70, 69, 26, 59, 81], [[[70, 18], 0], [[70, 73], 1]]], [1.0, [0, 74, 37, 30, 38, 81], [[[37, 6], 0]]], [1.0, [0, 54, 66, 8, 81], [[[8, 45], 0], [[8, 53], 1]]], [1.0, [0, 64, 77, 32, 10, 81], [[[10, 14], 0]]], [1.0, [0, 11, 71, 44, 62, 81], [[[11, 25], 0], [[44, 20], 0]]], [1.0, [0, 52, 40, 13, 60, 78, 81], [[[13, 80], 0]]]], [[1.0, [4, 15]], [1.0, [8, 45]], [1.0, [10, 14]], [1.000000001, [11, 25]], [1.0, [13, 80]], [1.0, [19, 63]], [1.0, [28, 47]], [1.0, [37, 6]], [1.0, [44, 20]], [1.0, [53, 17]], [1.0, [70, 18]], [1.0, [70, 73]]]], "solution": [[[0, 34, 51, 56, 76, 29, 81], [[], []]], [[0, 48, 39, 1, 23, 81], [[], []]], [[0, 58, 16, 65, 2, 12, 81], [[], []]], [[0, 79, 75, 4, 49, 81], [[[4, 15]], []]], [[0, 31, 42, 21, 27, 5, 67, 81], [[], []]], [[0, 24, 43, 46, 68, 33, 81], [[], []]], [[0, 55, 36, 50, 57, 9, 3, 81], [[], []]], [[0, 35, 41, 7, 53, 22, 81], [[[53, 17]], []]], [[0, 19, 61, 28, 81], [[[19, 63], [28, 47]], []]], [[0, 72, 70, 69, 26, 59, 81], [[[70, 18]], [[70, 73]]]], [[0, 74, 37, 30, 38, 81], [[[37, 6]], []]], [[0, 54, 66, 8, 81], [[[8, 45]], []]], [[0, 64, 77, 32, 10, 81], [[[10, 14]], []]], [[0, 11, 71, 44, 62, 81], [[[11, 25], [44, 20]], []]], [[0, 52, 40, 13, 60, 78, 81], [[[13, 80]], []]]], "tot_num_gen_cols": 2379, "tot_num_labels": 2255, "tot_num_route_fixes": 95}