{"problem": {"name": "CVS-91-4", "datafile": "problems/ups_tw/CVS-91-4.vrp", "num_cust_nodes": 90, "num_tot_nodes": 92, "Gamma": 2, "t_range": 0.25, "Delta": 2, "d_range": 0.25, "num_drones": 2, "drone_time_multiplier": 1, "drone_cost_multiplier": 1, "flight_limit": 500, "demand_ratio": 0.75}, "timelimit": 600, "num_cpus": 4, "alg": "MIP", "time": 600.1884689331055, "root_LP": 40500.50327998071, "obj": 206682.0, "final_gap": 0.8040443614829506, "global_lb": 40500.50327998075, "num_bnb_nodes": 0, "num_bnb_remaining_nodes": 1, "solution": [[[0, 3, 21, 29, 62, 78, 91], [[], []]], [[0, 7, 20, 91], [[], []]], [[0, 9, 14, 68, 66, 91], [[], []]], [[0, 24, 10, 91], [[], []]], [[0, 26, 91], [[], []]], [[0, 27, 91], [[], []]], [[0, 30, 69, 91], [[], [[69, 2]]]], [[0, 35, 91], [[], []]], [[0, 36, 79, 45, 91], [[], [[45, 58]]]], [[0, 38, 91], [[], []]], [[0, 39, 91], [[], []]], [[0, 40, 16, 72, 54, 91], [[], []]], [[0, 41, 91], [[[41, 15]], []]], [[0, 43, 91], [[], []]], [[0, 47, 12, 33, 4, 91], [[], []]], [[0, 49, 52, 91], [[], []]], [[0, 50, 61, 76, 91], [[], []]], [[0, 55, 28, 80, 91], [[], [[80, 23]]]], [[0, 57, 48, 44, 91], [[], []]], [[0, 59, 91], [[], []]], [[0, 60, 5, 34, 18, 91], [[], []]], [[0, 63, 1, 91], [[], []]], [[0, 64, 91], [[], []]], [[0, 65, 91], [[], []]], [[0, 67, 8, 46, 91], [[], []]], [[0, 70, 6, 32, 91], [[], []]], [[0, 71, 86, 19, 91], [[], []]], [[0, 73, 17, 51, 22, 91], [[], []]], [[0, 75, 81, 88, 77, 53, 91], [[], []]], [[0, 83, 84, 25, 74, 91], [[], []]], [[0, 85, 56, 91], [[], []]], [[0, 87, 82, 91], [[], [[82, 42]]]], [[0, 89, 31, 13, 11, 91], [[], []]]], "termination_status": "time limit exceeded"}