{"problem": {"name": "CVS-61-9", "datafile": "problems/ups_tw/CVS-61-9.vrp", "num_cust_nodes": 60, "num_tot_nodes": 62, "Gamma": 2, "t_range": 0.25, "Delta": 2, "d_range": 0.25, "num_drones": 2, "drone_time_multiplier": 1, "drone_cost_multiplier": 1, "flight_limit": 500, "demand_ratio": 0.75}, "timelimit": 600, "num_cpus": 4, "alg": "CG Heuristic", "tot_cg_iterations": 489, "time": 464.1211075782776, "obj": 80025.99999999706, "tot_heu_time": 27.223379850387573, "tot_mp_time": 0.8265402317047119, "tot_sp_time": 432.9948663711548, "tot_sp1_time": 1707.8089315891266, "tot_sp2_time": 1.001490831375122, "raw_solution": [[[1.0, [0, 1, 61], [[[1, 10], 0], [[1, 14], 1], [[1, 36], 1], [[1, 32], 0], [[1, 23], 1]]], [1.0, [0, 8, 61], [[[8, 13], 0], [[8, 18], 1], [[8, 22], 0], [[8, 26], 1]]], [1.0, [0, 24, 61], [[[24, 49], 0], [[24, 43], 1], [[24, 28], 1], [[24, 2], 1], [[24, 37], 0]]], [1.0000000000347826, [0, 59, 61], [[[59, 29], 0], [[59, 18], 1], [[59, 31], 1], [[59, 26], 0]]], [1.0, [0, 50, 57, 9, 20, 3, 61], [[[20, 44], 0], [[20, 11], 1]]], [1.0, [0, 4, 46, 15, 19, 61], []], [1.0, [0, 55, 48, 39, 61], [[[48, 25], 0]]], [1.0, [0, 40, 52, 5, 42, 21, 47, 6, 61], []], [1.0, [0, 7, 2, 12, 16, 33, 61], []], [1.0000000007826089, [0, 34, 60, 51, 56, 54, 61], [[[51, 27], 0]]], [1.0, [0, 26, 30, 38, 61], [[[26, 45], 0], [[26, 54], 1]]], [1.0, [0, 17, 58, 41, 35, 61], [[[17, 53], 0]]]], [[1.0, [1, 10]], [1.0, [1, 14]], [1.0, [1, 23]], [1.0, [1, 32]], [1.0, [1, 36]], [1.0000000007565217, [8, 13]], [1.0, [8, 22]], [1.0, [17, 53]], [1.0, [20, 11]], [1.0, [20, 44]], [1.0, [24, 28]], [1.0, [24, 37]], [1.0, [24, 43]], [1.0, [24, 49]], [1.0, [26, 45]], [1.0, [48, 25]], [1.000000001, [51, 27]], [1.0000000000347826, [59, 18]], [1.0000000000347826, [59, 29]], [1.0000000000347826, [59, 31]]]], "solution": [[[0, 1, 61], [[[1, 10], [1, 32]], [[1, 14], [1, 36], [1, 23]]]], [[0, 8, 61], [[[8, 13], [8, 22]], []]], [[0, 24, 61], [[[24, 49], [24, 37]], [[24, 43], [24, 28]]]], [[0, 59, 61], [[[59, 29]], [[59, 18], [59, 31]]]], [[0, 50, 57, 9, 20, 3, 61], [[[20, 44]], [[20, 11]]]], [[0, 4, 46, 15, 19, 61], [[], []]], [[0, 55, 48, 39, 61], [[[48, 25]], []]], [[0, 40, 52, 5, 42, 21, 47, 6, 61], [[], []]], [[0, 7, 2, 12, 16, 33, 61], [[], []]], [[0, 34, 60, 51, 56, 54, 61], [[[51, 27]], []]], [[0, 26, 30, 38, 61], [[[26, 45]], []]], [[0, 17, 58, 41, 35, 61], [[[17, 53]], []]]], "tot_num_gen_cols": 2172, "tot_num_labels": 2807, "tot_num_route_fixes": 150}