{"problem": {"name": "CVS-91-8", "datafile": "problems/ups_tw/CVS-91-8.vrp", "num_cust_nodes": 90, "num_tot_nodes": 92, "Gamma": 2, "t_range": 0.25, "Delta": 2, "d_range": 0.25, "num_drones": 2, "drone_time_multiplier": 1, "drone_cost_multiplier": 1, "flight_limit": 500, "demand_ratio": 0.75}, "timelimit": 600, "num_cpus": 4, "alg": "MIP", "time": 600.1846950054169, "root_LP": 43535.63829290974, "obj": 227494.0, "final_gap": 0.8086295098204355, "global_lb": 43535.638292909774, "num_bnb_nodes": 0, "num_bnb_remaining_nodes": 1, "solution": [[[0, 1, 91], [[], []]], [[0, 2, 91], [[], []]], [[0, 11, 84, 91], [[], []]], [[0, 12, 62, 5, 22, 91], [[], []]], [[0, 13, 72, 40, 91], [[], []]], [[0, 14, 91], [[], []]], [[0, 15, 27, 59, 91], [[], []]], [[0, 16, 46, 91], [[], [[46, 79]]]], [[0, 18, 91], [[], []]], [[0, 19, 91], [[], []]], [[0, 24, 8, 49, 91], [[], []]], [[0, 25, 60, 17, 91], [[], []]], [[0, 26, 47, 91], [[], []]], [[0, 31, 91], [[], []]], [[0, 34, 29, 67, 91], [[], []]], [[0, 35, 91], [[], []]], [[0, 36, 91], [[], []]], [[0, 41, 85, 75, 91], [[[75, 56]], []]], [[0, 42, 32, 91], [[[32, 33]], []]], [[0, 45, 91], [[], [[45, 39]]]], [[0, 48, 91], [[], []]], [[0, 50, 91], [[], []]], [[0, 52, 30, 91], [[], []]], [[0, 53, 91], [[], [[53, 4]]]], [[0, 57, 91], [[], []]], [[0, 58, 91], [[], []]], [[0, 61, 80, 28, 78, 91], [[], []]], [[0, 65, 3, 91], [[], []]], [[0, 66, 64, 54, 91], [[], []]], [[0, 68, 23, 87, 91], [[], []]], [[0, 71, 91], [[], []]], [[0, 73, 63, 55, 88, 91], [[[88, 74]], []]], [[0, 76, 91], [[], []]], [[0, 82, 51, 44, 91], [[], []]], [[0, 83, 20, 69, 10, 91], [[], []]], [[0, 86, 9, 38, 91], [[[38, 43]], []]], [[0, 89, 81, 91], [[], []]], [[0, 90, 91], [[], []]]], "termination_status": "time limit exceeded"}