{"problem": {"name": "CVS-91-7", "datafile": "problems/ups_tw/CVS-91-7.vrp", "num_cust_nodes": 90, "num_tot_nodes": 92, "Gamma": 2, "t_range": 0.25, "Delta": 2, "d_range": 0.25, "num_drones": 2, "drone_time_multiplier": 1, "drone_cost_multiplier": 1, "flight_limit": 500, "demand_ratio": 0.75}, "timelimit": 600, "num_cpus": 4, "alg": "MIP", "time": 600.2287602424622, "root_LP": 38802.210909995374, "obj": 239399.0, "final_gap": 0.8379182414713701, "global_lb": 38802.210909995396, "num_bnb_nodes": 0, "num_bnb_remaining_nodes": 1, "solution": [[[0, 9, 38, 91], [[], []]], [[0, 10, 91], [[], []]], [[0, 11, 59, 91], [[], []]], [[0, 12, 87, 91], [[], []]], [[0, 15, 91], [[], []]], [[0, 20, 37, 88, 91], [[], []]], [[0, 23, 35, 14, 91], [[], []]], [[0, 24, 58, 43, 91], [[], []]], [[0, 27, 28, 51, 4, 56, 91], [[], []]], [[0, 29, 57, 91], [[], []]], [[0, 31, 30, 49, 91], [[], []]], [[0, 32, 91], [[], []]], [[0, 33, 91], [[[33, 5]], []]], [[0, 34, 13, 26, 40, 91], [[], []]], [[0, 36, 21, 45, 91], [[], []]], [[0, 39, 91], [[], []]], [[0, 41, 91], [[], []]], [[0, 42, 86, 91], [[], []]], [[0, 55, 91], [[], []]], [[0, 60, 91], [[], []]], [[0, 63, 46, 91], [[], []]], [[0, 64, 91], [[], []]], [[0, 66, 91], [[[66, 89]], [[66, 22]]]], [[0, 68, 91], [[], []]], [[0, 69, 53, 3, 65, 91], [[], []]], [[0, 70, 17, 91], [[], []]], [[0, 72, 2, 91], [[[2, 25]], [[2, 52]]]], [[0, 73, 44, 80, 91], [[], []]], [[0, 74, 71, 19, 91], [[], []]], [[0, 75, 91], [[], []]], [[0, 76, 50, 91], [[], []]], [[0, 77, 16, 91], [[], []]], [[0, 79, 62, 8, 48, 54, 91], [[], []]], [[0, 81, 91], [[], []]], [[0, 82, 1, 67, 91], [[], []]], [[0, 83, 91], [[], []]], [[0, 84, 91], [[], []]], [[0, 85, 6, 18, 91], [[], []]], [[0, 90, 61, 47, 91], [[], []]]], "termination_status": "time limit exceeded"}