{"problem": {"name": "CVS-61-4", "datafile": "problems/ups_tw/CVS-61-4.vrp", "num_cust_nodes": 60, "num_tot_nodes": 62, "Gamma": 2, "t_range": 0.25, "Delta": 2, "d_range": 0.25, "num_drones": 2, "drone_time_multiplier": 1, "drone_cost_multiplier": 1, "flight_limit": 500, "demand_ratio": 0.75}, "timelimit": 600, "num_cpus": 4, "alg": "CG Heuristic", "tot_cg_iterations": 547, "time": 601.3548941612244, "obj": 83657.0, "tot_heu_time": 93.72451090812683, "tot_mp_time": 1.4903945922851562, "tot_sp_time": 501.2464747428894, "tot_sp1_time": 1979.6953518390656, "tot_sp2_time": 0.5285444259643555, "raw_solution": [[[1.0, [0, 2, 61], [[[2, 53], 0], [[2, 13], 1], [[2, 39], 1], [[2, 40], 0], [[2, 30], 1]]], [1.0, [0, 35, 61], [[[35, 10], 0], [[35, 46], 1], [[35, 29], 1], [[35, 21], 1], [[35, 49], 1]]], [1.0, [0, 47, 61], [[[47, 17], 0], [[47, 23], 1], [[47, 22], 0], [[47, 4], 1], [[47, 12], 0]]], [1.0, [0, 54, 61], [[[54, 39], 0], [[54, 16], 1], [[54, 49], 1]]], [1.0, [0, 9, 14, 24, 8, 49, 61], [[[8, 10], 0]]], [1.0, [0, 1, 43, 41, 3, 21, 61], [[[21, 38], 0]]], [1.0, [0, 33, 4, 19, 26, 27, 61], [[[19, 58], 0]]], [1.0, [0, 42, 7, 20, 55, 28, 61], [[[7, 14], 0]]], [1.0, [0, 52, 38, 36, 45, 51, 15, 61], []], [1.0, [0, 31, 11, 44, 48, 61], [[[11, 59], 0]]], [1.0, [0, 57, 5, 60, 34, 56, 61], [[[56, 18], 0]]], [1.0, [0, 50, 32, 6, 25, 61], [[[50, 37], 0]]]], [[1.0, [2, 13]], [1.0, [2, 30]], [1.0, [2, 39]], [1.0, [2, 40]], [1.0, [2, 53]], [1.0, [8, 10]], [1.0, [11, 59]], [1.0, [19, 58]], [1.0, [35, 29]], [1.0, [35, 46]], [1.0, [47, 12]], [1.0, [47, 17]], [1.0, [47, 22]], [1.0, [47, 23]], [1.0, [50, 37]], [1.0, [54, 16]], [1.0, [56, 18]]]], "solution": [[[0, 2, 61], [[[2, 53], [2, 40]], [[2, 13], [2, 39], [2, 30]]]], [[0, 35, 61], [[], [[35, 46], [35, 29]]]], [[0, 47, 61], [[[47, 17], [47, 22], [47, 12]], [[47, 23]]]], [[0, 54, 61], [[], [[54, 16]]]], [[0, 9, 14, 24, 8, 49, 61], [[[8, 10]], []]], [[0, 1, 43, 41, 3, 21, 61], [[], []]], [[0, 33, 4, 19, 26, 27, 61], [[[19, 58]], []]], [[0, 42, 7, 20, 55, 28, 61], [[], []]], [[0, 52, 38, 36, 45, 51, 15, 61], [[], []]], [[0, 31, 11, 44, 48, 61], [[[11, 59]], []]], [[0, 57, 5, 60, 34, 56, 61], [[[56, 18]], []]], [[0, 50, 32, 6, 25, 61], [[[50, 37]], []]]], "tot_num_gen_cols": 3243, "tot_num_labels": 3270, "tot_num_route_fixes": 168}