{"problem": {"name": "CVS-41-10", "datafile": "problems/ups_tw/CVS-41-10.vrp", "num_cust_nodes": 40, "num_tot_nodes": 42, "Gamma": 2, "t_range": 0.25, "Delta": 2, "d_range": 0.25, "num_drones": 2, "drone_time_multiplier": 1, "drone_cost_multiplier": 1, "flight_limit": 500, "demand_ratio": 0.75}, "timelimit": 600, "num_cpus": 4, "alg": "CG Heuristic", "tot_cg_iterations": 426, "time": 71.75708293914795, "obj": 63414.0, "tot_heu_time": 13.31068754196167, "tot_mp_time": 0.41447019577026367, "tot_sp_time": 56.12721538543701, "tot_sp1_time": 218.4864478111267, "tot_sp2_time": 0.11236119270324707, "raw_solution": [[[1.0, [0, 8, 41], [[[8, 26], 0], [[8, 16], 1], [[8, 31], 0], [[8, 14], 1]]], [1.0, [0, 34, 39, 27, 22, 41], []], [1.0, [0, 4, 36, 20, 25, 3, 41], []], [1.0, [0, 15, 9, 19, 1, 30, 41], []], [1.0, [0, 38, 18, 32, 7, 28, 41], [[[28, 24], 0]]], [1.0, [0, 2, 13, 21, 6, 41], [[[2, 17], 0], [[6, 7], 0]]], [1.0, [0, 23, 37, 12, 41], [[[23, 13], 0], [[37, 2], 0], [[12, 21], 0]]], [1.0, [0, 29, 33, 24, 40, 11, 41], [[[29, 35], 0], [[40, 5], 0], [[40, 10], 1]]]], [[1.0, [2, 17]], [1.0, [8, 14]], [1.0, [8, 16]], [1.0, [8, 26]], [1.0, [8, 31]], [1.0, [29, 35]], [1.0, [40, 5]], [1.0, [40, 10]]]], "solution": [[[0, 8, 41], [[[8, 26], [8, 31]], [[8, 16], [8, 14]]]], [[0, 34, 39, 27, 22, 41], [[], []]], [[0, 4, 36, 20, 25, 3, 41], [[], []]], [[0, 15, 9, 19, 1, 30, 41], [[], []]], [[0, 38, 18, 32, 7, 28, 41], [[], []]], [[0, 2, 13, 21, 6, 41], [[[2, 17]], []]], [[0, 23, 37, 12, 41], [[], []]], [[0, 29, 33, 24, 40, 11, 41], [[[29, 35], [40, 5]], [[40, 10]]]]], "tot_num_gen_cols": 1548, "tot_num_labels": 1749, "tot_num_route_fixes": 132}