{"problem": {"name": "CVS-31-10", "datafile": "problems/ups_tw/CVS-31-10.vrp", "num_cust_nodes": 30, "num_tot_nodes": 32, "Gamma": 2, "t_range": 0.25, "Delta": 2, "d_range": 0.25, "num_drones": 2, "drone_time_multiplier": 1, "drone_cost_multiplier": 1, "flight_limit": 500, "demand_ratio": 0.75}, "timelimit": 3600, "num_cpus": 4, "alg": "BnP", "root_LP": 42396.85714285715, "tot_cg_iterations": 18, "global_lb": 42396.85714285715, "time": 3642.096159696579, "obj": 46215.0, "tot_mp_time": 0.016622304916381836, "tot_sp_time": 3641.9517369270325, "tot_sp_heu1_time": 22.0680730342865, "tot_sp_heu2_time": 3605.9268503189087, "tot_sp_exact_time": 13.951661825180054, "tot_num_sp_heu1": 18, "tot_num_sp_heu2": 1, "tot_num_sp_exact": 1, "tot_sp1_time": 14558.399843215942, "tot_sp2_time": 5.079645395278931, "tot_heu_time": 0.06659865379333496, "raw_solution": [[[1.0, [0, 14, 31], [[[14, 17], 0]]], [1.0, [0, 28, 31], [[[28, 24], 0], [[28, 7], 1], [[28, 18], 1], [[28, 23], 0]]], [1.0, [0, 5, 1, 30, 19, 10, 31], []], [1.0, [0, 4, 8, 16, 26, 3, 31], [[[16, 25], 0]]], [1.0, [0, 6, 21, 2, 13, 31], [[[13, 12], 0]]], [1.0, [0, 9, 15, 29, 22, 27, 20, 25, 11, 31], []]], [[1.0, [13, 12]], [1.0, [14, 17]], [1.0, [28, 7]], [1.0, [28, 18]], [1.0, [28, 23]], [1.0, [28, 24]]]], "solution": [[[0, 14, 31], [[[14, 17]], []]], [[0, 28, 31], [[[28, 24], [28, 23]], [[28, 7], [28, 18]]]], [[0, 5, 1, 30, 19, 10, 31], [[], []]], [[0, 4, 8, 16, 26, 3, 31], [[], []]], [[0, 6, 21, 2, 13, 31], [[[13, 12]], []]], [[0, 9, 15, 29, 22, 27, 20, 25, 11, 31], [[], []]]], "num_bnb_nodes": 1, "num_bnb_remaining_nodes": 0, "tot_num_gen_cols": 369, "tot_num_labels": 4794210, "termination_status": "Time limit"}