{"problem": {"name": "CVS-91-5", "datafile": "problems/ups_tw/CVS-91-5.vrp", "num_cust_nodes": 90, "num_tot_nodes": 92, "Gamma": 2, "t_range": 0.25, "Delta": 2, "d_range": 0.25, "num_drones": 2, "drone_time_multiplier": 1, "drone_cost_multiplier": 1, "flight_limit": 500, "demand_ratio": 0.75}, "timelimit": 600, "num_cpus": 4, "alg": "CG Heuristic", "tot_cg_iterations": 699, "time": 604.6986236572266, "obj": 121978.99999997603, "tot_heu_time": 260.44684624671936, "tot_mp_time": 3.6153619289398193, "tot_sp_time": 334.7758152484894, "tot_sp1_time": 1277.653528213501, "tot_sp2_time": 24.87210249900818, "raw_solution": [[[0.9999999997240956, [0, 40, 91], [[[40, 32], 0], [[40, 74], 1], [[40, 15], 1], [[40, 43], 1], [[40, 78], 0], [[40, 75], 0]]], [1.0000000004796965, [0, 80, 91], [[[80, 49], 0], [[80, 68], 1], [[80, 7], 0], [[80, 5], 0], [[80, 6], 1], [[80, 3], 0]]], [1.0, [0, 59, 81, 91], [[[59, 88], 0], [[81, 84], 0], [[81, 61], 1]]], [1.0, [0, 82, 70, 24, 13, 9, 91], []], [1.0, [0, 12, 39, 22, 28, 91], [[[22, 67], 0]]], [1.0, [0, 33, 47, 38, 44, 52, 43, 91], [[[44, 21], 0]]], [0.9999999987828138, [0, 23, 65, 60, 20, 89, 11, 91], []], [0.9999999996992407, [0, 1, 34, 35, 64, 50, 91], [[[35, 8], 0], [[35, 25], 1]]], [0.9999999998794509, [0, 18, 42, 31, 29, 91], [[[29, 56], 0]]], [1.0, [0, 30, 87, 73, 19, 46, 91], []], [0.9999999993484412, [0, 37, 41, 51, 14, 53, 91], [[[51, 26], 0], [[53, 77], 0]]], [1.0, [0, 54, 58, 76, 69, 91], [[[76, 55], 0]]], [1.0, [0, 71, 17, 45, 36, 63, 91], [[[45, 86], 0], [[45, 4], 1]]], [1.0, [0, 10, 57, 16, 86, 79, 91], [[[16, 27], 0]]], [0.9999999998620478, [0, 66, 72, 90, 62, 91], [[[72, 87], 0]]], [1.0, [0, 85, 25, 2, 83, 91], [[[2, 48], 0]]]], [[1.0, [2, 48]], [1.0, [16, 27]], [1.000000001, [22, 67]], [0.9999999998620477, [29, 56]], [0.9999999996992407, [35, 8]], [0.9999999997240956, [40, 15]], [0.9999999997240956, [40, 32]], [1.000000000203792, [40, 74]], [0.9999999997240956, [40, 75]], [0.9999999997240956, [40, 78]], [1.0, [44, 21]], [1.0, [45, 4]], [0.9999999993484412, [51, 26]], [0.9999999993484412, [53, 77]], [1.0, [59, 88]], [1.0, [76, 55]], [1.0000000004796965, [80, 3]], [1.0000000004796965, [80, 5]], [1.0000000004796965, [80, 6]], [1.0000000004796965, [80, 7]], [1.0000000004796965, [80, 49]], [1.0000000004796965, [80, 68]], [1.0, [81, 61]], [1.0, [81, 84]]]], "solution": [[[0, 40, 91], [[[40, 32], [40, 78], [40, 75]], [[40, 74], [40, 15]]]], [[0, 80, 91], [[[80, 49], [80, 7], [80, 5], [80, 3]], [[80, 68], [80, 6]]]], [[0, 59, 81, 91], [[[59, 88], [81, 84]], [[81, 61]]]], [[0, 82, 70, 24, 13, 9, 91], [[], []]], [[0, 12, 39, 22, 28, 91], [[[22, 67]], []]], [[0, 33, 47, 38, 44, 52, 43, 91], [[[44, 21]], []]], [[0, 23, 65, 60, 20, 89, 11, 91], [[], []]], [[0, 1, 34, 35, 64, 50, 91], [[[35, 8]], []]], [[0, 18, 42, 31, 29, 91], [[[29, 56]], []]], [[0, 30, 87, 73, 19, 46, 91], [[], []]], [[0, 37, 41, 51, 14, 53, 91], [[[51, 26], [53, 77]], []]], [[0, 54, 58, 76, 69, 91], [[[76, 55]], []]], [[0, 71, 17, 45, 36, 63, 91], [[], [[45, 4]]]], [[0, 10, 57, 16, 86, 79, 91], [[[16, 27]], []]], [[0, 66, 72, 90, 62, 91], [[], []]], [[0, 85, 25, 2, 83, 91], [[[2, 48]], []]]], "tot_num_gen_cols": 2462, "tot_num_labels": 2106, "tot_num_route_fixes": 271}