{"problem": {"name": "CVS-51-9", "datafile": "problems/ups_tw/CVS-51-9.vrp", "num_cust_nodes": 50, "num_tot_nodes": 52, "Gamma": 2, "t_range": 0.25, "Delta": 2, "d_range": 0.25, "num_drones": 2, "drone_time_multiplier": 1, "drone_cost_multiplier": 1, "flight_limit": 500, "demand_ratio": 0.75}, "timelimit": 600, "num_cpus": 4, "alg": "CG Heuristic", "tot_cg_iterations": 257, "time": 51.78464078903198, "obj": 66493.0, "tot_heu_time": 15.208276987075806, "tot_mp_time": 0.5215578079223633, "tot_sp_time": 34.47399830818176, "tot_sp1_time": 128.548189163208, "tot_sp2_time": 3.073366641998291, "raw_solution": [[[1.0, [0, 3, 51], [[[3, 20], 0], [[3, 36], 1], [[3, 44], 0], [[3, 9], 1], [[3, 14], 0]]], [1.0, [0, 26, 51], [[[26, 30], 0], [[26, 8], 1], [[26, 7], 0], [[26, 5], 1], [[26, 34], 1], [[26, 13], 0]]], [1.0, [0, 24, 43, 15, 49, 4, 46, 51], []], [1.0, [0, 17, 22, 35, 16, 2, 12, 41, 51], []], [1.0, [0, 18, 39, 48, 23, 1, 51], [[[18, 29], 0], [[18, 38], 1], [[18, 45], 1]]], [1.0, [0, 31, 5, 6, 19, 28, 51], [[[19, 33], 0]]], [1.0, [0, 10, 32, 25, 11, 51], [[[10, 50], 0], [[32, 39], 0]]], [1.0, [0, 40, 47, 27, 21, 51], [[[40, 38], 0], [[21, 37], 0], [[21, 42], 1]]]], [[1.0, [3, 9]], [1.0, [3, 14]], [1.0, [3, 20]], [1.0, [3, 36]], [1.0, [3, 44]], [1.0, [10, 50]], [1.0, [18, 29]], [1.0, [18, 45]], [1.0, [19, 33]], [1.0, [21, 37]], [1.0, [21, 42]], [1.0, [26, 7]], [1.0, [26, 8]], [1.0, [26, 13]], [1.0, [26, 30]], [1.0, [26, 34]], [1.0, [40, 38]]]], "solution": [[[0, 3, 51], [[[3, 20], [3, 44], [3, 14]], [[3, 36], [3, 9]]]], [[0, 26, 51], [[[26, 30], [26, 7], [26, 13]], [[26, 8], [26, 34]]]], [[0, 24, 43, 15, 49, 4, 46, 51], [[], []]], [[0, 17, 22, 35, 16, 2, 12, 41, 51], [[], []]], [[0, 18, 39, 48, 23, 1, 51], [[[18, 29]], [[18, 45]]]], [[0, 31, 5, 6, 19, 28, 51], [[[19, 33]], []]], [[0, 10, 32, 25, 11, 51], [[[10, 50]], []]], [[0, 40, 47, 27, 21, 51], [[[40, 38], [21, 37]], [[21, 42]]]]], "tot_num_gen_cols": 1334, "tot_num_labels": 833, "tot_num_route_fixes": 106}