{"problem": {"name": "CVS-61-3", "datafile": "problems/ups_tw/CVS-61-3.vrp", "num_cust_nodes": 60, "num_tot_nodes": 62, "Gamma": 2, "t_range": 0.25, "Delta": 2, "d_range": 0.25, "num_drones": 2, "drone_time_multiplier": 1, "drone_cost_multiplier": 1, "flight_limit": 500, "demand_ratio": 0.75}, "timelimit": 600, "num_cpus": 4, "alg": "MIP", "time": 600.0653305053711, "root_LP": 44666.03925460332, "obj": 113666.0, "final_gap": 0.6052585431626831, "global_lb": 44868.682432870395, "num_bnb_nodes": 501, "num_bnb_remaining_nodes": 467, "solution": [[[0, 3, 49, 58, 1, 56, 61], [[], []]], [[0, 11, 31, 19, 61], [[[19, 5]], []]], [[0, 21, 15, 29, 33, 59, 61], [[], []]], [[0, 23, 61], [[[23, 44]], [[23, 46]]]], [[0, 24, 27, 8, 22, 61], [[], []]], [[0, 26, 25, 17, 48, 20, 61], [[], []]], [[0, 28, 61], [[[28, 12], [28, 39], [28, 51]], [[28, 4], [28, 32]]]], [[0, 38, 60, 55, 61], [[[55, 35]], []]], [[0, 43, 14, 2, 61], [[], []]], [[0, 45, 42, 36, 18, 40, 9, 6, 61], [[], []]], [[0, 47, 7, 52, 13, 61], [[], []]], [[0, 50, 10, 37, 61], [[[37, 54], [37, 57], [37, 34]], []]]], "termination_status": "time limit exceeded"}