{"problem": {"name": "CVS-81-7", "datafile": "problems/ups_tw/CVS-81-7.vrp", "num_cust_nodes": 80, "num_tot_nodes": 82, "Gamma": 2, "t_range": 0.25, "Delta": 2, "d_range": 0.25, "num_drones": 2, "drone_time_multiplier": 1, "drone_cost_multiplier": 1, "flight_limit": 500, "demand_ratio": 0.75}, "timelimit": 600, "num_cpus": 4, "alg": "CG Heuristic", "tot_cg_iterations": 340, "time": 606.7116937637329, "obj": 109647.0, "tot_heu_time": 115.64656639099121, "tot_mp_time": 1.0789439678192139, "tot_sp_time": 487.9748606681824, "tot_sp1_time": 1923.440631389618, "tot_sp2_time": 3.6639134883880615, "raw_solution": [[[1.0, [0, 24, 81], [[[24, 10], 0], [[24, 36], 1], [[24, 21], 0], [[24, 19], 1], [[24, 31], 0], [[24, 7], 1]]], [1.0, [0, 59, 81], [[[59, 25], 0], [[59, 23], 1], [[59, 11], 0], [[59, 26], 0], [[59, 33], 0]]], [1.0, [0, 80, 81], [[[80, 66], 0], [[80, 1], 1], [[80, 44], 0], [[80, 65], 1], [[80, 39], 0], [[80, 22], 1]]], [1.0, [0, 14, 35, 33, 5, 15, 20, 81], []], [1.0, [0, 77, 70, 9, 38, 32, 68, 81], []], [1.0, [0, 58, 43, 41, 74, 71, 81], [[[41, 19], 0]]], [1.0, [0, 75, 27, 28, 76, 49, 30, 81], []], [1.0, [0, 42, 12, 67, 73, 51, 4, 81], []], [1.0, [0, 6, 18, 29, 57, 81], [[[29, 33], 0]]], [1.0, [0, 40, 72, 2, 13, 81], [[[40, 61], 0]]], [1.0, [0, 65, 53, 3, 69, 16, 81], [[[16, 17], 0]]], [1.0, [0, 55, 45, 64, 78, 50, 63, 56, 81], []], [1.0, [0, 37, 79, 62, 81], [[[37, 47], 0], [[62, 26], 0], [[62, 34], 1], [[62, 52], 1]]], [1.0, [0, 54, 48, 8, 81], [[[48, 46], 0], [[8, 60], 0]]]], [[1.0, [8, 60]], [1.0, [16, 17]], [1.0, [24, 7]], [1.0, [24, 10]], [1.0, [24, 21]], [1.0, [24, 31]], [1.0, [24, 36]], [1.0, [37, 47]], [1.0, [40, 61]], [1.0, [41, 19]], [1.0, [48, 46]], [1.0, [59, 11]], [1.0, [59, 23]], [1.0, [59, 25]], [1.0, [62, 26]], [1.0, [62, 34]], [1.0, [62, 52]], [1.0, [80, 1]], [1.0, [80, 22]], [1.0, [80, 39]], [1.0, [80, 44]], [1.0, [80, 66]]]], "solution": [[[0, 24, 81], [[[24, 10], [24, 21], [24, 31]], [[24, 36], [24, 7]]]], [[0, 59, 81], [[[59, 25], [59, 11]], [[59, 23]]]], [[0, 80, 81], [[[80, 66], [80, 44], [80, 39]], [[80, 1], [80, 22]]]], [[0, 14, 35, 33, 5, 15, 20, 81], [[], []]], [[0, 77, 70, 9, 38, 32, 68, 81], [[], []]], [[0, 58, 43, 41, 74, 71, 81], [[[41, 19]], []]], [[0, 75, 27, 28, 76, 49, 30, 81], [[], []]], [[0, 42, 12, 67, 73, 51, 4, 81], [[], []]], [[0, 6, 18, 29, 57, 81], [[], []]], [[0, 40, 72, 2, 13, 81], [[[40, 61]], []]], [[0, 65, 53, 3, 69, 16, 81], [[[16, 17]], []]], [[0, 55, 45, 64, 78, 50, 63, 56, 81], [[], []]], [[0, 37, 79, 62, 81], [[[37, 47], [62, 26]], [[62, 34], [62, 52]]]], [[0, 54, 48, 8, 81], [[[48, 46], [8, 60]], []]]], "tot_num_gen_cols": 2351, "tot_num_labels": 2672, "tot_num_route_fixes": 86}