{"problem": {"name": "CVS-61-8", "datafile": "problems/ups_tw/CVS-61-8.vrp", "num_cust_nodes": 60, "num_tot_nodes": 62, "Gamma": 2, "t_range": 0.25, "Delta": 2, "d_range": 0.25, "num_drones": 2, "drone_time_multiplier": 1, "drone_cost_multiplier": 1, "flight_limit": 500, "demand_ratio": 0.75}, "timelimit": 600, "num_cpus": 4, "alg": "CG Heuristic", "tot_cg_iterations": 606, "time": 569.3306477069855, "obj": 82012.99999944013, "tot_heu_time": 78.68610501289368, "tot_mp_time": 1.517106056213379, "tot_sp_time": 483.92299365997314, "tot_sp1_time": 1910.9859745502472, "tot_sp2_time": 0.7854526042938232, "raw_solution": [[[1.000000001, [0, 3, 61], [[[3, 23], 0], [[3, 16], 1], [[3, 19], 0], [[3, 2], 1], [[3, 18], 0]]], [1.0, [0, 17, 61], [[[17, 50], 0], [[17, 30], 1], [[17, 52], 1], [[17, 60], 0]]], [0.9999999999915921, [0, 37, 61], [[[37, 22], 0], [[37, 29], 1], [[37, 34], 1], [[37, 26], 0]]], [1.0000000009411443, [0, 49, 61], [[[49, 7], 0], [[49, 15], 1], [[49, 8], 1], [[49, 24], 0], [[49, 9], 1]]], [0.9999999951453474, [0, 53, 12, 5, 4, 61], []], [1.0, [0, 25, 50, 11, 61], [[[25, 52], 0]]], [1.0, [0, 41, 56, 58, 21, 54, 61], []], [1.0, [0, 47, 10, 35, 38, 61], [[[10, 20], 0], [[38, 43], 0]]], [0.9999999978203306, [0, 57, 39, 45, 7, 59, 27, 55, 61], [[[55, 1], 0]]], [1.0, [0, 6, 36, 44, 14, 61], [[[6, 51], 0]]], [1.0, [0, 42, 31, 16, 33, 13, 61], [[[42, 40], 0]]], [0.9999999995294279, [0, 46, 32, 28, 48, 61], [[[28, 51], 0], [[48, 43], 0]]]], [[1.000000001, [3, 2]], [1.000000001, [3, 18]], [1.000000001, [3, 19]], [1.000000001, [3, 23]], [1.0, [6, 51]], [0.9999999994962784, [10, 20]], [1.000000001, [17, 30]], [1.0, [17, 60]], [1.0, [25, 52]], [0.9999999999915921, [37, 22]], [0.9999999999915921, [37, 26]], [0.9999999999915921, [37, 29]], [0.9999999999915921, [37, 34]], [1.0000000006120606, [38, 43]], [1.0, [42, 40]], [1.0000000009411443, [49, 8]], [1.0000000009411443, [49, 9]], [1.0000000009411443, [49, 15]], [1.0000000009411443, [49, 24]], [0.9999999978203306, [55, 1]]]], "solution": [[[0, 3, 61], [[[3, 23], [3, 19], [3, 18]], [[3, 2]]]], [[0, 17, 61], [[[17, 60]], [[17, 30]]]], [[0, 37, 61], [[[37, 22], [37, 26]], [[37, 29], [37, 34]]]], [[0, 49, 61], [[[49, 24]], [[49, 15], [49, 8], [49, 9]]]], [[0, 53, 12, 5, 4, 61], [[], []]], [[0, 25, 50, 11, 61], [[[25, 52]], []]], [[0, 41, 56, 58, 21, 54, 61], [[], []]], [[0, 47, 10, 35, 38, 61], [[[10, 20], [38, 43]], []]], [[0, 57, 39, 45, 7, 59, 27, 55, 61], [[[55, 1]], []]], [[0, 6, 36, 44, 14, 61], [[[6, 51]], []]], [[0, 42, 31, 16, 33, 13, 61], [[[42, 40]], []]], [[0, 46, 32, 28, 48, 61], [[], []]]], "tot_num_gen_cols": 3107, "tot_num_labels": 3399, "tot_num_route_fixes": 194}