{"problem": {"name": "CVS-41-10", "datafile": "problems/ups_tw/CVS-41-10.vrp", "num_cust_nodes": 40, "num_tot_nodes": 42, "Gamma": 2, "t_range": 0.25, "Delta": 2, "d_range": 0.25, "num_drones": 2, "drone_time_multiplier": 1, "drone_cost_multiplier": 1, "flight_limit": 500, "demand_ratio": 0.75}, "timelimit": 600, "num_cpus": 4, "alg": "MIP", "time": 600.026798248291, "root_LP": 25357.424195630687, "obj": 62041.0, "final_gap": 0.5698976603323037, "global_lb": 26683.979255323487, "num_bnb_nodes": 53378, "num_bnb_remaining_nodes": 51467, "solution": [[[0, 4, 23, 37, 12, 41], [[], []]], [[0, 6, 21, 2, 13, 41], [[], []]], [[0, 8, 36, 31, 41], [[], []]], [[0, 16, 26, 34, 3, 39, 41], [[], []]], [[0, 18, 10, 41], [[[10, 24], [10, 40]], [[10, 28], [10, 19]]]], [[0, 20, 25, 27, 22, 41], [[], []]], [[0, 29, 15, 41], [[[15, 9], [15, 11]], []]], [[0, 32, 7, 30, 41], [[[30, 1], [30, 5]], []]]], "termination_status": "time limit exceeded"}