{"problem": {"name": "CVS-71-8", "datafile": "problems/ups_tw/CVS-71-8.vrp", "num_cust_nodes": 70, "num_tot_nodes": 72, "Gamma": 2, "t_range": 0.25, "Delta": 2, "d_range": 0.25, "num_drones": 2, "drone_time_multiplier": 1, "drone_cost_multiplier": 1, "flight_limit": 500, "demand_ratio": 0.75}, "timelimit": 600, "num_cpus": 4, "alg": "MIP", "time": 600.0864634513855, "root_LP": 29144.415950052608, "obj": 117302.0, "final_gap": 0.7329634245164153, "global_lb": 31323.924377375388, "num_bnb_nodes": 1250, "num_bnb_remaining_nodes": 1, "solution": [[[0, 11, 60, 25, 30, 71], [[], []]], [[0, 14, 44, 51, 56, 71], [[], []]], [[0, 23, 68, 65, 3, 28, 71], [[], []]], [[0, 33, 32, 16, 71], [[], []]], [[0, 38, 70, 26, 47, 66, 34, 49, 71], [[], []]], [[0, 43, 37, 58, 21, 54, 29, 71], [[], []]], [[0, 52, 50, 46, 42, 71], [[], []]], [[0, 57, 27, 15, 7, 55, 71], [[], []]], [[0, 59, 45, 71], [[], [[45, 39]]]], [[0, 61, 36, 48, 71], [[], []]], [[0, 62, 12, 53, 71], [[], []]], [[0, 63, 4, 1, 22, 71], [[[22, 5]], []]], [[0, 64, 67, 41, 35, 9, 71], [[], []]], [[0, 69, 10, 71], [[[10, 20]], []]]], "termination_status": "time limit exceeded"}