{"problem": {"name": "CVS-81-10", "datafile": "problems/ups_tw/CVS-81-10.vrp", "num_cust_nodes": 80, "num_tot_nodes": 82, "Gamma": 2, "t_range": 0.25, "Delta": 2, "d_range": 0.25, "num_drones": 2, "drone_time_multiplier": 1, "drone_cost_multiplier": 1, "flight_limit": 500, "demand_ratio": 0.75}, "timelimit": 600, "num_cpus": 4, "alg": "CG Heuristic", "tot_cg_iterations": 235, "time": 601.851484298706, "obj": 115519.99999997758, "tot_heu_time": 36.83031105995178, "tot_mp_time": 0.31163692474365234, "tot_sp_time": 563.3087010383606, "tot_sp1_time": 2232.8212745189667, "tot_sp2_time": 0.12703299522399902, "raw_solution": [[[1.0, [0, 11, 81], [[[11, 59], 0], [[11, 35], 1], [[11, 72], 1]]], [1.0000000010000007, [0, 44, 81], [[[44, 17], 0], [[44, 75], 1], [[44, 69], 1], [[44, 12], 0]]], [1.0, [0, 66, 18, 38, 45, 51, 81], []], [1.0, [0, 4, 14, 62, 81], [[[4, 61], 0], [[62, 31], 0]]], [1.0, [0, 47, 46, 32, 63, 81], []], [1.0, [0, 78, 10, 5, 60, 28, 81], []], [1.0, [0, 23, 37, 12, 81], [[[23, 67], 0], [[23, 76], 1]]], [1.0000000003047738, [0, 50, 8, 16, 52, 81], []], [1.0000000006952263, [0, 55, 27, 39, 65, 48, 81], []], [1.000000000620909, [0, 26, 34, 57, 70, 81], []], [1.0, [0, 71, 40, 80, 24, 9, 81], []], [1.000000001, [0, 41, 20, 25, 22, 3, 81], []], [1.0, [0, 36, 77, 56, 79, 64, 81], [[[64, 7], 0]]], [1.0, [0, 58, 6, 68, 21, 81], [[[21, 42], 0]]], [1.0, [0, 75, 73, 2, 13, 81], [[[13, 12], 0]]], [1.0, [0, 30, 74, 49, 1, 43, 81], [[[30, 54], 0]]], [1.0, [0, 15, 29, 33, 53, 19, 81], []]], [[0.9999999984258912, [4, 61]], [1.0, [11, 35]], [1.0, [11, 59]], [1.0, [11, 72]], [1.0, [21, 42]], [1.0, [23, 67]], [1.0, [23, 76]], [1.0, [30, 54]], [1.0000000010000007, [44, 17]], [1.0000000010000007, [44, 69]], [1.000000001, [62, 31]], [1.0, [64, 7]]]], "solution": [[[0, 11, 81], [[[11, 59]], [[11, 35], [11, 72]]]], [[0, 44, 81], [[[44, 17]], [[44, 69]]]], [[0, 66, 18, 38, 45, 51, 81], [[], []]], [[0, 4, 14, 62, 81], [[[4, 61], [62, 31]], []]], [[0, 47, 46, 32, 63, 81], [[], []]], [[0, 78, 10, 5, 60, 28, 81], [[], []]], [[0, 23, 37, 12, 81], [[[23, 67]], [[23, 76]]]], [[0, 50, 8, 16, 52, 81], [[], []]], [[0, 55, 27, 39, 65, 48, 81], [[], []]], [[0, 26, 34, 57, 70, 81], [[], []]], [[0, 71, 40, 80, 24, 9, 81], [[], []]], [[0, 41, 20, 25, 22, 3, 81], [[], []]], [[0, 36, 77, 56, 79, 64, 81], [[[64, 7]], []]], [[0, 58, 6, 68, 21, 81], [[[21, 42]], []]], [[0, 75, 73, 2, 13, 81], [[], []]], [[0, 30, 74, 49, 1, 43, 81], [[[30, 54]], []]], [[0, 15, 29, 33, 53, 19, 81], [[], []]]], "tot_num_gen_cols": 2006, "tot_num_labels": 2497, "tot_num_route_fixes": 65}