{"problem": {"name": "CVS-31-4", "datafile": "problems/ups_tw/CVS-31-4.vrp", "num_cust_nodes": 30, "num_tot_nodes": 32, "Gamma": 2, "t_range": 0.25, "Delta": 2, "d_range": 0.25, "num_drones": 2, "drone_time_multiplier": 1, "drone_cost_multiplier": 1, "flight_limit": 500, "demand_ratio": 0.75}, "timelimit": 3600, "num_cpus": 4, "alg": "BnP", "root_LP": 47760.90243902438, "tot_cg_iterations": 105, "global_lb": 47760.90243902438, "time": 3606.8724439144135, "obj": 56362.0, "tot_mp_time": 0.48729491233825684, "tot_sp_time": 3606.0085940361023, "tot_sp_heu1_time": 52.917526960372925, "tot_sp_heu2_time": 3548.962522506714, "tot_sp_exact_time": 4.074887037277222, "tot_num_sp_heu1": 105, "tot_num_sp_heu2": 87, "tot_num_sp_exact": 1, "tot_sp1_time": 13958.90262746811, "tot_sp2_time": 347.9677486419678, "tot_heu_time": 0.1022493839263916, "raw_solution": [[[1.0, [0, 5, 31], [[[5, 11], 0], [[5, 18], 1], [[5, 30], 1], [[5, 2], 0]]], [1.0, [0, 8, 31], [[[8, 29], 0], [[8, 21], 1], [[8, 10], 0], [[8, 24], 1]]], [1.0, [0, 16, 31], [[[16, 13], 0]]], [1.0, [0, 26, 31], [[[26, 12], 0], [[26, 22], 1], [[26, 4], 1], [[26, 15], 1], [[26, 19], 0], [[26, 27], 1]]], [1.0, [0, 28, 31], [[[28, 12], 0], [[28, 9], 1], [[28, 14], 1], [[28, 15], 0], [[28, 20], 1]]], [1.0, [0, 1, 17, 6, 25, 31], []], [1.0, [0, 3, 21, 7, 23, 31], []]], [[1.0, [5, 2]], [1.0, [5, 11]], [1.0, [5, 18]], [1.0, [5, 30]], [1.0, [8, 10]], [1.0, [8, 24]], [1.0, [8, 29]], [1.0, [16, 13]], [1.0, [26, 4]], [1.0, [26, 12]], [1.0, [26, 19]], [1.0, [26, 22]], [1.0, [26, 27]], [1.0, [28, 9]], [1.0, [28, 14]], [1.0, [28, 15]], [1.0, [28, 20]]]], "solution": [[[0, 5, 31], [[[5, 11], [5, 2]], [[5, 18], [5, 30]]]], [[0, 8, 31], [[[8, 29], [8, 10]], [[8, 24]]]], [[0, 16, 31], [[[16, 13]], []]], [[0, 26, 31], [[[26, 12], [26, 19]], [[26, 22], [26, 4], [26, 27]]]], [[0, 28, 31], [[[28, 15]], [[28, 9], [28, 14], [28, 20]]]], [[0, 1, 17, 6, 25, 31], [[], []]], [[0, 3, 21, 7, 23, 31], [[], []]]], "num_bnb_nodes": 1, "num_bnb_remaining_nodes": 0, "tot_num_gen_cols": 819, "tot_num_labels": 42425411, "termination_status": "Time limit"}