{"problem": {"name": "CVS-31-5", "datafile": "problems/ups_tw/CVS-31-5.vrp", "num_cust_nodes": 30, "num_tot_nodes": 32, "Gamma": 2, "t_range": 0.25, "Delta": 2, "d_range": 0.25, "num_drones": 2, "drone_time_multiplier": 1, "drone_cost_multiplier": 1, "flight_limit": 500, "demand_ratio": 0.75}, "timelimit": 3600, "num_cpus": 4, "alg": "BnP", "root_LP": 47199.0, "tot_cg_iterations": 30, "global_lb": 47199.0, "time": 3633.2755081653595, "obj": 50362.0, "tot_mp_time": 0.01999211311340332, "tot_sp_time": 3633.171195268631, "tot_sp_heu1_time": 32.697864055633545, "tot_sp_heu2_time": 3586.626227378845, "tot_sp_exact_time": 13.838687419891357, "tot_num_sp_heu1": 30, "tot_num_sp_heu2": 8, "tot_num_sp_exact": 1, "tot_sp1_time": 14439.258783102036, "tot_sp2_time": 51.82838225364685, "tot_heu_time": 0.06157851219177246, "raw_solution": [[[1.0, [0, 7, 31], [[[7, 3], 0], [[7, 12], 1]]], [1.0, [0, 29, 31], [[[29, 24], 0], [[29, 13], 1], [[29, 14], 1], [[29, 21], 0]]], [1.0, [0, 2, 25, 11, 18, 23, 21, 31], [[[18, 26], 0]]], [1.0, [0, 16, 4, 27, 17, 9, 31], []], [1.0, [0, 1, 5, 28, 20, 31], [[[1, 8], 0], [[1, 22], 1]]], [1.0, [0, 15, 10, 19, 30, 3, 6, 31], []]], [[1.0, [1, 8]], [1.0, [1, 22]], [1.0, [7, 12]], [1.0, [18, 26]], [1.0, [29, 13]], [1.0, [29, 14]], [1.0, [29, 24]]]], "solution": [[[0, 7, 31], [[], [[7, 12]]]], [[0, 29, 31], [[[29, 24]], [[29, 13], [29, 14]]]], [[0, 2, 25, 11, 18, 23, 21, 31], [[[18, 26]], []]], [[0, 16, 4, 27, 17, 9, 31], [[], []]], [[0, 1, 5, 28, 20, 31], [[[1, 8]], [[1, 22]]]], [[0, 15, 10, 19, 30, 3, 6, 31], [[], []]]], "num_bnb_nodes": 1, "num_bnb_remaining_nodes": 0, "tot_num_gen_cols": 631, "tot_num_labels": 7793786, "termination_status": "Time limit"}