{"problem": {"name": "CVS-51-10", "datafile": "problems/ups_tw/CVS-51-10.vrp", "num_cust_nodes": 50, "num_tot_nodes": 52, "Gamma": 2, "t_range": 0.25, "Delta": 2, "d_range": 0.25, "num_drones": 2, "drone_time_multiplier": 1, "drone_cost_multiplier": 1, "flight_limit": 500, "demand_ratio": 0.75}, "timelimit": 600, "num_cpus": 4, "alg": "CG Heuristic", "tot_cg_iterations": 125, "time": 14.097023248672485, "obj": 68449.0, "tot_heu_time": 1.1420323848724365, "tot_mp_time": 0.10179972648620605, "tot_sp_time": 12.551374197006226, "tot_sp1_time": 48.966859102249146, "tot_sp2_time": 0.06744170188903809, "raw_solution": [[[1.0, [0, 3, 51], [[[3, 25], 0], [[3, 27], 1], [[3, 22], 0], [[3, 20], 0], [[3, 34], 1]]], [1.0, [0, 31, 51], [[[31, 50], 0], [[31, 36], 1], [[31, 41], 1], [[31, 3], 0], [[31, 34], 1]]], [1.0, [0, 44, 51], [[[44, 17], 0], [[44, 14], 1], [[44, 4], 0], [[44, 12], 0]]], [1.0, [0, 16, 26, 48, 51], [[[16, 39], 0], [[26, 8], 0]]], [1.0, [0, 28, 19, 30, 1, 10, 51], []], [1.0, [0, 7, 47, 32, 46, 51], [[[46, 6], 0]]], [1.0, [0, 13, 42, 21, 2, 51], [[[13, 12], 0], [[13, 23], 1]]], [1.0, [0, 12, 23, 37, 51], [[[23, 33], 0], [[37, 2], 0], [[37, 42], 1]]], [1.0, [0, 11, 40, 9, 35, 29, 15, 51], [[[35, 24], 0]]], [1.0, [0, 18, 45, 38, 5, 43, 51], [[[5, 49], 0]]]], [[1.0, [3, 20]], [1.0, [3, 22]], [1.0, [3, 25]], [1.0, [3, 27]], [1.0, [3, 34]], [1.0, [5, 49]], [1.0, [16, 39]], [1.0, [23, 33]], [1.0, [26, 8]], [1.0, [31, 36]], [1.0, [31, 41]], [1.0, [31, 50]], [1.0, [35, 24]], [1.0, [44, 4]], [1.0, [44, 14]], [1.0, [44, 17]], [1.0, [46, 6]]]], "solution": [[[0, 3, 51], [[[3, 25], [3, 22], [3, 20]], [[3, 27], [3, 34]]]], [[0, 31, 51], [[[31, 50]], [[31, 36], [31, 41]]]], [[0, 44, 51], [[[44, 17], [44, 4]], [[44, 14]]]], [[0, 16, 26, 48, 51], [[[16, 39], [26, 8]], []]], [[0, 28, 19, 30, 1, 10, 51], [[], []]], [[0, 7, 47, 32, 46, 51], [[[46, 6]], []]], [[0, 13, 42, 21, 2, 51], [[], []]], [[0, 12, 23, 37, 51], [[[23, 33]], []]], [[0, 11, 40, 9, 35, 29, 15, 51], [[[35, 24]], []]], [[0, 18, 45, 38, 5, 43, 51], [[[5, 49]], []]]], "tot_num_gen_cols": 557, "tot_num_labels": 469, "tot_num_route_fixes": 36}