{"problem": {"name": "CVS-31-3", "datafile": "problems/ups_tw/CVS-31-3.vrp", "num_cust_nodes": 30, "num_tot_nodes": 32, "Gamma": 2, "t_range": 0.25, "Delta": 2, "d_range": 0.25, "num_drones": 2, "drone_time_multiplier": 1, "drone_cost_multiplier": 1, "flight_limit": 500, "demand_ratio": 0.75}, "timelimit": 3600, "num_cpus": 4, "alg": "BnP", "root_LP": 45341.405405405414, "tot_cg_iterations": 30, "global_lb": 45341.405405405414, "time": 3622.3551383018494, "obj": 49379.0, "tot_mp_time": 0.06655764579772949, "tot_sp_time": 3622.047490119934, "tot_sp_heu1_time": 29.038608074188232, "tot_sp_heu2_time": 3581.94797372818, "tot_sp_exact_time": 11.05090045928955, "tot_num_sp_heu1": 30, "tot_num_sp_heu2": 6, "tot_num_sp_exact": 1, "tot_sp1_time": 14224.091259241104, "tot_sp2_time": 202.61934399604797, "tot_heu_time": 0.09609532356262207, "raw_solution": [[[1.0, [0, 7, 31], [[[7, 23], 0], [[7, 30], 1]]], [1.0, [0, 18, 31], [[[18, 11], 0], [[18, 6], 1], [[18, 9], 1], [[18, 8], 0], [[18, 2], 1]]], [1.0, [0, 20, 31], [[[20, 16], 0], [[20, 9], 1], [[20, 3], 1], [[20, 15], 1], [[20, 14], 1], [[20, 1], 1]]], [1.0, [0, 4, 17, 28, 25, 10, 31], [[[4, 12], 0]]], [1.0, [0, 23, 5, 19, 31], [[[23, 13], 0]]], [1.0, [0, 24, 22, 8, 27, 31], [[[8, 9], 0]]], [1.0, [0, 1, 3, 21, 31], [[[1, 26], 0], [[3, 16], 0], [[21, 15], 0], [[21, 29], 1]]]], [[1.0, [1, 26]], [1.0, [3, 16]], [1.0, [4, 12]], [1.0, [7, 30]], [1.0, [18, 2]], [1.0, [18, 6]], [1.0, [18, 9]], [1.0, [18, 11]], [1.0, [20, 14]], [1.0, [21, 15]], [1.0, [21, 29]], [1.0, [23, 13]]]], "solution": [[[0, 7, 31], [[], [[7, 30]]]], [[0, 18, 31], [[[18, 11]], [[18, 6], [18, 9], [18, 2]]]], [[0, 20, 31], [[], [[20, 14]]]], [[0, 4, 17, 28, 25, 10, 31], [[[4, 12]], []]], [[0, 23, 5, 19, 31], [[[23, 13]], []]], [[0, 24, 22, 8, 27, 31], [[], []]], [[0, 1, 3, 21, 31], [[[1, 26], [3, 16], [21, 15]], [[21, 29]]]]], "num_bnb_nodes": 1, "num_bnb_remaining_nodes": 0, "tot_num_gen_cols": 775, "tot_num_labels": 9267106, "termination_status": "Time limit"}