{"problem": {"name": "CVS-71-8", "datafile": "problems/ups_tw/CVS-71-8.vrp", "num_cust_nodes": 70, "num_tot_nodes": 72, "Gamma": 2, "t_range": 0.25, "Delta": 2, "d_range": 0.25, "num_drones": 2, "drone_time_multiplier": 1, "drone_cost_multiplier": 1, "flight_limit": 500, "demand_ratio": 0.75}, "timelimit": 600, "num_cpus": 4, "alg": "CG Heuristic", "tot_cg_iterations": 344, "time": 601.1562275886536, "obj": 96382.0, "tot_heu_time": 23.56474018096924, "tot_mp_time": 0.6436917781829834, "tot_sp_time": 575.103595495224, "tot_sp1_time": 2269.921248435974, "tot_sp2_time": 0.267075777053833, "raw_solution": [[[1.0, [0, 7, 71], [[[7, 8], 0], [[7, 24], 1], [[7, 9], 0], [[7, 35], 0], [[7, 38], 0]]], [1.0, [0, 70, 71], [[[70, 58], 0], [[70, 54], 1], [[70, 29], 1], [[70, 20], 0], [[70, 47], 1], [[70, 37], 0]]], [1.0, [0, 11, 50, 52, 30, 71], []], [1.0, [0, 19, 42, 31, 32, 46, 16, 13, 71], []], [1.0, [0, 57, 39, 45, 15, 27, 71], []], [1.0, [0, 47, 26, 10, 69, 43, 71], []], [1.0, [0, 1, 4, 22, 5, 62, 38, 71], []], [1.0, [0, 12, 53, 63, 55, 49, 71], [[[49, 24], 0], [[49, 59], 1]]], [1.0, [0, 18, 65, 60, 17, 25, 71], [[[65, 19], 0], [[65, 40], 1]]], [1.0, [0, 66, 34, 21, 64, 67, 71], []], [1.0, [0, 23, 68, 2, 3, 71], [[[3, 33], 0]]], [1.0, [0, 41, 56, 44, 14, 71], [[[44, 36], 0]]], [1.0, [0, 6, 61, 28, 48, 71], [[[48, 51], 0]]]], [[1.0, [3, 33]], [1.0, [7, 8]], [1.0, [7, 9]], [1.0, [7, 35]], [1.0, [44, 36]], [1.0, [48, 51]], [1.0, [49, 24]], [1.0, [49, 59]], [1.0, [65, 40]], [1.0, [70, 20]], [1.0, [70, 29]], [1.0, [70, 37]], [1.0, [70, 54]], [1.0, [70, 58]]]], "solution": [[[0, 7, 71], [[[7, 8], [7, 9], [7, 35]], []]], [[0, 70, 71], [[[70, 58], [70, 20], [70, 37]], [[70, 54], [70, 29]]]], [[0, 11, 50, 52, 30, 71], [[], []]], [[0, 19, 42, 31, 32, 46, 16, 13, 71], [[], []]], [[0, 57, 39, 45, 15, 27, 71], [[], []]], [[0, 47, 26, 10, 69, 43, 71], [[], []]], [[0, 1, 4, 22, 5, 62, 38, 71], [[], []]], [[0, 12, 53, 63, 55, 49, 71], [[[49, 24]], [[49, 59]]]], [[0, 18, 65, 60, 17, 25, 71], [[], [[65, 40]]]], [[0, 66, 34, 21, 64, 67, 71], [[], []]], [[0, 23, 68, 2, 3, 71], [[[3, 33]], []]], [[0, 41, 56, 44, 14, 71], [[[44, 36]], []]], [[0, 6, 61, 28, 48, 71], [[[48, 51]], []]]], "tot_num_gen_cols": 2594, "tot_num_labels": 2679, "tot_num_route_fixes": 76}