{"problem": {"name": "CVS-41-5", "datafile": "problems/ups_tw/CVS-41-5.vrp", "num_cust_nodes": 40, "num_tot_nodes": 42, "Gamma": 2, "t_range": 0.25, "Delta": 2, "d_range": 0.25, "num_drones": 2, "drone_time_multiplier": 1, "drone_cost_multiplier": 1, "flight_limit": 500, "demand_ratio": 0.75}, "timelimit": 600, "num_cpus": 4, "alg": "MIP", "time": 600.0230417251587, "root_LP": 30969.54269337603, "obj": 64788.0, "final_gap": 0.4904056313115552, "global_lb": 33015.599958586914, "num_bnb_nodes": 28993, "num_bnb_remaining_nodes": 27368, "solution": [[[0, 5, 8, 22, 21, 41], [[], []]], [[0, 7, 41], [[[7, 6], [7, 3]], [[7, 12]]]], [[0, 9, 13, 24, 37, 41], [[[37, 14]], []]], [[0, 10, 19, 30, 17, 36, 41], [[], []]], [[0, 15, 40, 41], [[[40, 32]], []]], [[0, 18, 11, 23, 38, 41], [[[38, 33]], []]], [[0, 27, 31, 29, 41], [[], []]], [[0, 34, 1, 39, 28, 25, 41], [[], []]]], "termination_status": "time limit exceeded"}