{"problem": {"name": "CVS-91-1", "datafile": "problems/ups_tw/CVS-91-1.vrp", "num_cust_nodes": 90, "num_tot_nodes": 92, "Gamma": 2, "t_range": 0.25, "Delta": 2, "d_range": 0.25, "num_drones": 2, "drone_time_multiplier": 1, "drone_cost_multiplier": 1, "flight_limit": 500, "demand_ratio": 0.75}, "timelimit": 600, "num_cpus": 4, "alg": "CG Heuristic", "tot_cg_iterations": 660, "time": 603.0018112659454, "obj": 125979.0, "tot_heu_time": 194.93415904045105, "tot_mp_time": 3.2321736812591553, "tot_sp_time": 399.0270721912384, "tot_sp1_time": 1575.0840754508972, "tot_sp2_time": 2.5069401264190674, "raw_solution": [[[1.0, [0, 25, 91], [[[25, 28], 0], [[25, 40], 1], [[25, 32], 0], [[25, 19], 1], [[25, 34], 0]]], [1.0, [0, 44, 91], [[[44, 6], 0], [[44, 35], 1], [[44, 22], 0], [[44, 1], 0], [[44, 4], 1], [[44, 21], 0]]], [1.0, [0, 49, 91], [[[49, 65], 0], [[49, 61], 1], [[49, 59], 0], [[49, 45], 0]]], [1.0, [0, 68, 91], [[[68, 20], 0], [[68, 50], 1], [[68, 64], 0], [[68, 62], 1], [[68, 33], 0]]], [1.0, [0, 82, 91], [[[82, 28], 0], [[82, 27], 1], [[82, 29], 0], [[82, 32], 1], [[82, 38], 0], [[82, 19], 1]]], [1.0, [0, 51, 14, 3, 89, 91], [[[14, 67], 0], [[14, 75], 1]]], [1.0, [0, 90, 36, 80, 15, 59, 91], [[[90, 78], 0]]], [1.0, [0, 11, 56, 23, 46, 91], [[[11, 40], 0]]], [1.0, [0, 77, 58, 37, 22, 87, 91], [[[37, 84], 0]]], [1.0, [0, 85, 63, 66, 81, 86, 47, 91], []], [1.0, [0, 60, 69, 18, 42, 91], [[[42, 48], 0]]], [1.0, [0, 8, 79, 10, 41, 91], []], [1.0, [0, 13, 72, 64, 71, 91], [[[71, 7], 0]]], [1.0, [0, 9, 24, 74, 70, 91], [[[70, 21], 0]]], [1.0, [0, 12, 5, 91], [[[12, 49], 0], [[12, 55], 1], [[12, 63], 0]]], [1.0, [0, 2, 43, 31, 53, 91], [[[43, 39], 0]]], [1.0, [0, 83, 26, 73, 52, 88, 55, 91], [[[73, 16], 0]]], [1.0, [0, 57, 76, 30, 54, 91], [[[54, 17], 0]]]], [[1.0, [11, 40]], [1.0, [14, 67]], [1.0, [14, 75]], [1.0, [25, 19]], [1.0, [25, 34]], [1.0, [37, 84]], [1.0, [42, 48]], [1.0, [43, 39]], [1.0, [44, 1]], [1.0, [44, 4]], [1.0, [44, 6]], [1.0, [44, 35]], [1.0, [49, 45]], [1.0, [49, 61]], [1.0, [49, 65]], [1.0, [54, 17]], [1.0, [68, 20]], [1.0, [68, 33]], [1.0, [68, 50]], [1.0, [68, 62]], [1.0, [70, 21]], [1.0, [71, 7]], [1.0, [73, 16]], [1.0, [82, 27]], [1.0, [82, 28]], [1.0, [82, 29]], [1.0, [82, 32]], [1.0, [82, 38]], [1.0, [90, 78]]]], "solution": [[[0, 25, 91], [[[25, 34]], [[25, 19]]]], [[0, 44, 91], [[[44, 6], [44, 1]], [[44, 35], [44, 4]]]], [[0, 49, 91], [[[49, 65], [49, 45]], [[49, 61]]]], [[0, 68, 91], [[[68, 20], [68, 33]], [[68, 50], [68, 62]]]], [[0, 82, 91], [[[82, 28], [82, 29], [82, 38]], [[82, 27], [82, 32]]]], [[0, 51, 14, 3, 89, 91], [[[14, 67]], [[14, 75]]]], [[0, 90, 36, 80, 15, 59, 91], [[[90, 78]], []]], [[0, 11, 56, 23, 46, 91], [[[11, 40]], []]], [[0, 77, 58, 37, 22, 87, 91], [[[37, 84]], []]], [[0, 85, 63, 66, 81, 86, 47, 91], [[], []]], [[0, 60, 69, 18, 42, 91], [[[42, 48]], []]], [[0, 8, 79, 10, 41, 91], [[], []]], [[0, 13, 72, 64, 71, 91], [[[71, 7]], []]], [[0, 9, 24, 74, 70, 91], [[[70, 21]], []]], [[0, 12, 5, 91], [[], []]], [[0, 2, 43, 31, 53, 91], [[[43, 39]], []]], [[0, 83, 26, 73, 52, 88, 55, 91], [[[73, 16]], []]], [[0, 57, 76, 30, 54, 91], [[[54, 17]], []]]], "tot_num_gen_cols": 2285, "tot_num_labels": 2239, "tot_num_route_fixes": 276}