{"problem": {"name": "CVS-41-4", "datafile": "problems/ups_tw/CVS-41-4.vrp", "num_cust_nodes": 40, "num_tot_nodes": 42, "Gamma": 2, "t_range": 0.25, "Delta": 2, "d_range": 0.25, "num_drones": 2, "drone_time_multiplier": 1, "drone_cost_multiplier": 1, "flight_limit": 500, "demand_ratio": 0.75}, "timelimit": 600, "num_cpus": 4, "alg": "MIP", "time": 603.9895911216736, "root_LP": 29977.006886473595, "obj": 67050.0, "final_gap": 0.5130471015560897, "global_lb": 32650.191840664138, "num_bnb_nodes": 15955, "num_bnb_remaining_nodes": 13567, "solution": [[[0, 5, 34, 18, 37, 41], [[], [[37, 39]]]], [[0, 8, 35, 15, 41], [[[15, 3]], []]], [[0, 12, 4, 41], [[[4, 33]], []]], [[0, 14, 9, 24, 41], [[], []]], [[0, 22, 27, 26, 41], [[[26, 19]], []]], [[0, 28, 7, 10, 41], [[], []]], [[0, 30, 41], [[], [[30, 11], [30, 31]]]], [[0, 38, 36, 25, 41], [[], []]], [[0, 40, 2, 41], [[[2, 13]], []]]], "termination_status": "time limit exceeded"}