{"problem": {"name": "CVS-41-6", "datafile": "problems/ups_tw/CVS-41-6.vrp", "num_cust_nodes": 40, "num_tot_nodes": 42, "Gamma": 2, "t_range": 0.25, "Delta": 2, "d_range": 0.25, "num_drones": 2, "drone_time_multiplier": 1, "drone_cost_multiplier": 1, "flight_limit": 500, "demand_ratio": 0.75}, "timelimit": 600, "num_cpus": 4, "alg": "CG Heuristic", "tot_cg_iterations": 80, "time": 9.914252996444702, "obj": 61668.0, "tot_heu_time": 0.4312741756439209, "tot_mp_time": 0.060865163803100586, "tot_sp_time": 9.269744396209717, "tot_sp1_time": 36.28945302963257, "tot_sp2_time": 0.07021903991699219, "raw_solution": [[[1.0, [0, 16, 41], [[[16, 13], 0], [[16, 35], 1], [[16, 2], 0], [[16, 3], 1], [[16, 27], 1]]], [1.0, [0, 28, 41], [[[28, 1], 0], [[28, 11], 1], [[28, 18], 0], [[28, 22], 1], [[28, 9], 0], [[28, 4], 1]]], [1.0, [0, 15, 29, 8, 30, 32, 27, 41], [[[30, 31], 0]]], [1.0, [0, 34, 35, 19, 10, 41], [[[34, 37], 0], [[34, 38], 1], [[10, 12], 0]]], [1.0, [0, 40, 5, 14, 7, 41], [[[5, 33], 0]]], [1.0, [0, 17, 24, 23, 36, 41], [[[17, 25], 0], [[23, 4], 0]]], [1.0, [0, 26, 6, 20, 21, 39, 41], []]], [[1.0, [5, 33]], [1.0, [10, 12]], [1.0, [16, 2]], [1.0, [16, 3]], [1.0, [16, 13]], [1.0, [17, 25]], [1.0, [28, 1]], [1.0, [28, 4]], [1.0, [28, 9]], [1.0, [28, 11]], [1.0, [28, 18]], [1.0, [28, 22]], [1.0, [30, 31]], [1.0, [34, 37]], [1.0, [34, 38]]]], "solution": [[[0, 16, 41], [[[16, 13], [16, 2]], [[16, 3]]]], [[0, 28, 41], [[[28, 1], [28, 18], [28, 9]], [[28, 11], [28, 22], [28, 4]]]], [[0, 15, 29, 8, 30, 32, 27, 41], [[[30, 31]], []]], [[0, 34, 35, 19, 10, 41], [[[34, 37], [10, 12]], [[34, 38]]]], [[0, 40, 5, 14, 7, 41], [[[5, 33]], []]], [[0, 17, 24, 23, 36, 41], [[[17, 25]], []]], [[0, 26, 6, 20, 21, 39, 41], [[], []]]], "tot_num_gen_cols": 630, "tot_num_labels": 608, "tot_num_route_fixes": 12}