{"problem": {"name": "CVS-61-1", "datafile": "problems/ups_tw/CVS-61-1.vrp", "num_cust_nodes": 60, "num_tot_nodes": 62, "Gamma": 2, "t_range": 0.25, "Delta": 2, "d_range": 0.25, "num_drones": 2, "drone_time_multiplier": 1, "drone_cost_multiplier": 1, "flight_limit": 500, "demand_ratio": 0.75}, "timelimit": 600, "num_cpus": 4, "alg": "CG Heuristic", "tot_cg_iterations": 287, "time": 139.50881099700928, "obj": 78655.99999968124, "tot_heu_time": 11.312833309173584, "tot_mp_time": 0.5321693420410156, "tot_sp_time": 126.21400284767151, "tot_sp1_time": 492.72413778305054, "tot_sp2_time": 1.105985164642334, "raw_solution": [[[1.0000000005, [0, 42, 61], [[[42, 2], 0], [[42, 18], 1], [[42, 6], 1], [[42, 11], 0], [[42, 4], 1]]], [1.0, [0, 60, 61], [[[60, 27], 0], [[60, 25], 1], [[60, 14], 0], [[60, 28], 0], [[60, 40], 0], [[60, 34], 0]]], [1.0, [0, 49, 45, 47, 19, 61], [[[49, 59], 0], [[47, 54], 0]]], [1.000000001, [0, 55, 12, 5, 32, 61], [[[5, 13], 0], [[32, 60], 0]]], [1.0, [0, 8, 50, 7, 20, 61], [[[8, 52], 0], [[20, 10], 0]]], [1.0, [0, 16, 52, 33, 15, 41, 61], [[[16, 26], 0], [[41, 36], 0]]], [1.0, [0, 31, 53, 21, 57, 30, 54, 61], []], [1.0, [0, 48, 56, 1, 46, 23, 61], [[[48, 35], 0], [[46, 3], 0]]], [1.0, [0, 9, 17, 24, 44, 61], [[[24, 39], 0]]], [1.0000000015000001, [0, 29, 14, 51, 38, 61], [[[14, 40], 0]]], [0.9999999995, [0, 58, 37, 22, 2, 43, 61], [[[58, 34], 0], [[22, 40], 0]]]], [[1.000000001, [5, 13]], [1.0, [16, 26]], [0.9999999995, [20, 10]], [0.9999999989999999, [22, 40]], [1.0, [24, 39]], [1.0, [41, 36]], [1.0000000005, [42, 4]], [1.0000000005, [42, 6]], [1.0000000005, [42, 11]], [1.0000000005, [42, 18]], [1.0, [46, 3]], [1.0, [48, 35]], [1.0, [49, 59]], [1.0, [60, 25]], [1.0, [60, 27]], [1.0, [60, 28]], [0.9999999995, [60, 34]]]], "solution": [[[0, 42, 61], [[[42, 11]], [[42, 18], [42, 6], [42, 4]]]], [[0, 60, 61], [[[60, 27], [60, 28], [60, 34]], [[60, 25]]]], [[0, 49, 45, 47, 19, 61], [[[49, 59]], []]], [[0, 55, 12, 5, 32, 61], [[[5, 13]], []]], [[0, 8, 50, 7, 20, 61], [[[20, 10]], []]], [[0, 16, 52, 33, 15, 41, 61], [[[16, 26], [41, 36]], []]], [[0, 31, 53, 21, 57, 30, 54, 61], [[], []]], [[0, 48, 56, 1, 46, 23, 61], [[[48, 35], [46, 3]], []]], [[0, 9, 17, 24, 44, 61], [[[24, 39]], []]], [[0, 29, 14, 51, 38, 61], [[], []]], [[0, 58, 37, 22, 2, 43, 61], [[[22, 40]], []]]], "tot_num_gen_cols": 1918, "tot_num_labels": 1858, "tot_num_route_fixes": 72}