{"problem": {"name": "CVS-71-1", "datafile": "problems/ups_tw/CVS-71-1.vrp", "num_cust_nodes": 70, "num_tot_nodes": 72, "Gamma": 2, "t_range": 0.25, "Delta": 2, "d_range": 0.25, "num_drones": 2, "drone_time_multiplier": 1, "drone_cost_multiplier": 1, "flight_limit": 500, "demand_ratio": 0.75}, "timelimit": 600, "num_cpus": 4, "alg": "MIP", "time": 600.2391836643219, "root_LP": 37504.58723128651, "obj": 142725.0, "final_gap": 0.7342018243595814, "global_lb": 37936.04461827869, "num_bnb_nodes": 894, "num_bnb_remaining_nodes": 728, "solution": [[[0, 3, 71], [[], []]], [[0, 4, 44, 71], [[], []]], [[0, 12, 5, 55, 32, 71], [[], []]], [[0, 19, 63, 71], [[], []]], [[0, 20, 71], [[], []]], [[0, 23, 71], [[], []]], [[0, 25, 60, 71], [[], []]], [[0, 26, 16, 8, 71], [[], []]], [[0, 28, 71], [[], []]], [[0, 30, 17, 66, 71], [[], []]], [[0, 31, 53, 43, 71], [[], []]], [[0, 33, 10, 71], [[], []]], [[0, 36, 15, 41, 71], [[], []]], [[0, 37, 22, 71], [[], [[22, 58], [22, 69]]]], [[0, 38, 29, 27, 51, 14, 71], [[], []]], [[0, 45, 59, 49, 71], [[], []]], [[0, 46, 71], [[], []]], [[0, 47, 34, 54, 9, 71], [[], []]], [[0, 48, 6, 42, 71], [[[42, 18]], []]], [[0, 56, 67, 1, 11, 71], [[], [[11, 35]]]], [[0, 64, 65, 71], [[], []]], [[0, 68, 62, 7, 50, 71], [[], []]], [[0, 70, 24, 71], [[], []]]], "termination_status": "time limit exceeded"}