{"problem": {"name": "CVS-41-1", "datafile": "problems/ups_tw/CVS-41-1.vrp", "num_cust_nodes": 40, "num_tot_nodes": 42, "Gamma": 2, "t_range": 0.25, "Delta": 2, "d_range": 0.25, "num_drones": 2, "drone_time_multiplier": 1, "drone_cost_multiplier": 1, "flight_limit": 500, "demand_ratio": 0.75}, "timelimit": 600, "num_cpus": 4, "alg": "CG Heuristic", "tot_cg_iterations": 115, "time": 14.568670749664307, "obj": 59383.0, "tot_heu_time": 0.9534714221954346, "tot_mp_time": 0.08633589744567871, "tot_sp_time": 13.175636768341064, "tot_sp1_time": 51.34231209754944, "tot_sp2_time": 0.10907697677612305, "raw_solution": [[[1.0, [0, 5, 41], [[[5, 12], 0], [[5, 13], 1]]], [1.0, [0, 11, 41], [[[11, 18], 0], [[11, 1], 1], [[11, 35], 0], [[11, 23], 0], [[11, 31], 0], [[11, 4], 1]]], [1.0, [0, 20, 41], [[[20, 8], 0], [[20, 7], 1], [[20, 33], 1], [[20, 10], 0]]], [1.0, [0, 15, 36, 26, 41], [[[26, 16], 0]]], [1.0, [0, 3, 14, 27, 29, 38, 41], []], [1.0, [0, 9, 30, 17, 24, 21, 41], [[[24, 39], 0], [[21, 2], 0]]], [1.0, [0, 40, 6, 32, 41], [[[6, 18], 0]]], [1.0, [0, 19, 34, 22, 25, 41], [[[22, 37], 0], [[25, 28], 0]]]], [[1.0, [5, 12]], [1.0, [5, 13]], [1.0, [6, 18]], [1.0, [11, 1]], [1.0, [11, 4]], [1.0, [11, 23]], [1.0, [11, 31]], [1.0, [11, 35]], [1.0, [20, 7]], [1.0, [20, 8]], [1.0, [20, 10]], [1.0, [20, 33]], [1.0, [21, 2]], [1.0, [22, 37]], [1.0, [24, 39]], [1.0, [25, 28]], [1.0, [26, 16]]]], "solution": [[[0, 5, 41], [[[5, 12]], [[5, 13]]]], [[0, 11, 41], [[[11, 35], [11, 23], [11, 31]], [[11, 1], [11, 4]]]], [[0, 20, 41], [[[20, 8], [20, 10]], [[20, 7], [20, 33]]]], [[0, 15, 36, 26, 41], [[[26, 16]], []]], [[0, 3, 14, 27, 29, 38, 41], [[], []]], [[0, 9, 30, 17, 24, 21, 41], [[[24, 39], [21, 2]], []]], [[0, 40, 6, 32, 41], [[[6, 18]], []]], [[0, 19, 34, 22, 25, 41], [[[22, 37], [25, 28]], []]]], "tot_num_gen_cols": 778, "tot_num_labels": 651, "tot_num_route_fixes": 35}