{"problem": {"name": "CVS-61-3", "datafile": "problems/ups_tw/CVS-61-3.vrp", "num_cust_nodes": 60, "num_tot_nodes": 62, "Gamma": 2, "t_range": 0.25, "Delta": 2, "d_range": 0.25, "num_drones": 2, "drone_time_multiplier": 1, "drone_cost_multiplier": 1, "flight_limit": 500, "demand_ratio": 0.75}, "timelimit": 600, "num_cpus": 4, "alg": "CG Heuristic", "tot_cg_iterations": 389, "time": 80.186514377594, "obj": 88620.0, "tot_heu_time": 31.48729372024536, "tot_mp_time": 0.8301620483398438, "tot_sp_time": 45.71733856201172, "tot_sp1_time": 175.97586107254028, "tot_sp2_time": 0.7059774398803711, "raw_solution": [[[1.0, [0, 38, 61], [[[38, 30], 0], [[38, 41], 1], [[38, 23], 0], [[38, 19], 1], [[38, 13], 0]]], [1.0, [0, 26, 16, 1, 61], [[[1, 20], 0], [[1, 56], 1], [[1, 17], 1]]], [1.0, [0, 10, 12, 32, 54, 37, 61], [[[37, 34], 0], [[37, 28], 1]]], [1.0, [0, 31, 24, 8, 22, 61], [[[24, 27], 0]]], [1.0, [0, 47, 60, 19, 61], [[[19, 5], 0]]], [1.0, [0, 7, 46, 52, 13, 61], [[[46, 50], 0], [[13, 44], 0]]], [1.0, [0, 4, 25, 51, 17, 28, 61], [[[4, 3], 0]]], [1.0, [0, 21, 15, 29, 40, 6, 61], []], [1.0, [0, 53, 55, 61], [[[55, 35], 0], [[55, 39], 1], [[55, 59], 1], [[55, 57], 1]]], [1.0, [0, 45, 43, 14, 58, 48, 61], [[[58, 18], 0]]], [1.0, [0, 33, 11, 36, 2, 9, 49, 61], [[[2, 42], 0]]]], [[1.0, [1, 20]], [1.0, [1, 56]], [1.0, [2, 42]], [1.0, [4, 3]], [1.0, [13, 44]], [1.0, [19, 5]], [1.0, [24, 27]], [1.0, [37, 34]], [1.0, [38, 23]], [1.0, [38, 30]], [1.0, [38, 41]], [1.0, [46, 50]], [1.0, [55, 35]], [1.0, [55, 39]], [1.0, [55, 57]], [1.0, [55, 59]], [1.0, [58, 18]]]], "solution": [[[0, 38, 61], [[[38, 30], [38, 23]], [[38, 41]]]], [[0, 26, 16, 1, 61], [[[1, 20]], [[1, 56]]]], [[0, 10, 12, 32, 54, 37, 61], [[[37, 34]], []]], [[0, 31, 24, 8, 22, 61], [[[24, 27]], []]], [[0, 47, 60, 19, 61], [[[19, 5]], []]], [[0, 7, 46, 52, 13, 61], [[[46, 50], [13, 44]], []]], [[0, 4, 25, 51, 17, 28, 61], [[[4, 3]], []]], [[0, 21, 15, 29, 40, 6, 61], [[], []]], [[0, 53, 55, 61], [[[55, 35]], [[55, 39], [55, 59], [55, 57]]]], [[0, 45, 43, 14, 58, 48, 61], [[[58, 18]], []]], [[0, 33, 11, 36, 2, 9, 49, 61], [[[2, 42]], []]]], "tot_num_gen_cols": 1443, "tot_num_labels": 1291, "tot_num_route_fixes": 127}