{"problem": {"name": "CVS-51-7", "datafile": "problems/ups_tw/CVS-51-7.vrp", "num_cust_nodes": 50, "num_tot_nodes": 52, "Gamma": 2, "t_range": 0.25, "Delta": 2, "d_range": 0.25, "num_drones": 2, "drone_time_multiplier": 1, "drone_cost_multiplier": 1, "flight_limit": 500, "demand_ratio": 0.75}, "timelimit": 600, "num_cpus": 4, "alg": "CG Heuristic", "tot_cg_iterations": 90, "time": 6.207738876342773, "obj": 79213.0, "tot_heu_time": 1.1922779083251953, "tot_mp_time": 0.08636784553527832, "tot_sp_time": 4.696253299713135, "tot_sp1_time": 17.979530572891235, "tot_sp2_time": 0.07289242744445801, "raw_solution": [[[1.0, [0, 24, 51], [[[24, 31], 0], [[24, 19], 1], [[24, 7], 1], [[24, 10], 0], [[24, 21], 1], [[24, 30], 0]]], [1.0, [0, 32, 51], [[[32, 3], 0], [[32, 22], 1], [[32, 16], 1], [[32, 17], 0]]], [1.0, [0, 48, 51], [[[48, 47], 0], [[48, 46], 1], [[48, 40], 1], [[48, 8], 0], [[48, 25], 1]]], [1.0, [0, 45, 50, 43, 51], [[[45, 36], 0], [[45, 41], 1], [[45, 49], 1]]], [1.0, [0, 38, 9, 44, 51], [[[44, 39], 0]]], [1.0, [0, 29, 6, 18, 15, 51], [[[29, 5], 0]]], [1.0, [0, 35, 23, 14, 33, 51], [[[33, 11], 0]]], [1.0, [0, 13, 2, 26, 37, 51], [[[26, 34], 0]]], [1.0, [0, 20, 42, 1, 51], [[[1, 12], 0]]], [1.0, [0, 4, 28, 51], [[[4, 27], 0], [[28, 46], 0], [[28, 49], 1]]]], [[1.0, [1, 12]], [1.0, [4, 27]], [1.0, [24, 7]], [1.0, [24, 10]], [1.0, [24, 19]], [1.0, [24, 21]], [1.0, [24, 30]], [1.0, [24, 31]], [1.0, [26, 34]], [1.0, [28, 46]], [1.0, [29, 5]], [1.0, [32, 3]], [1.0, [32, 16]], [1.0, [32, 17]], [1.0, [32, 22]], [1.0, [33, 11]], [1.0, [44, 39]], [1.0, [45, 36]], [1.0, [45, 41]], [1.0, [45, 49]], [1.0, [48, 8]], [1.0, [48, 25]], [1.0, [48, 40]], [1.0, [48, 47]]]], "solution": [[[0, 24, 51], [[[24, 31], [24, 10], [24, 30]], [[24, 19], [24, 7], [24, 21]]]], [[0, 32, 51], [[[32, 3], [32, 17]], [[32, 22], [32, 16]]]], [[0, 48, 51], [[[48, 47], [48, 8]], [[48, 40], [48, 25]]]], [[0, 45, 50, 43, 51], [[[45, 36]], [[45, 41], [45, 49]]]], [[0, 38, 9, 44, 51], [[[44, 39]], []]], [[0, 29, 6, 18, 15, 51], [[[29, 5]], []]], [[0, 35, 23, 14, 33, 51], [[[33, 11]], []]], [[0, 13, 2, 26, 37, 51], [[[26, 34]], []]], [[0, 20, 42, 1, 51], [[[1, 12]], []]], [[0, 4, 28, 51], [[[4, 27], [28, 46]], []]]], "tot_num_gen_cols": 393, "tot_num_labels": 331, "tot_num_route_fixes": 33}