{"problem": {"name": "CVS-71-6", "datafile": "problems/ups_tw/CVS-71-6.vrp", "num_cust_nodes": 70, "num_tot_nodes": 72, "Gamma": 2, "t_range": 0.25, "Delta": 2, "d_range": 0.25, "num_drones": 2, "drone_time_multiplier": 1, "drone_cost_multiplier": 1, "flight_limit": 500, "demand_ratio": 0.75}, "timelimit": 600, "num_cpus": 4, "alg": "MIP", "time": 600.1291425228119, "root_LP": 43196.209630164434, "obj": 150349.0, "final_gap": 0.7121813162640713, "global_lb": 43273.25128101307, "num_bnb_nodes": 385, "num_bnb_remaining_nodes": 344, "solution": [[[0, 5, 71], [[], []]], [[0, 6, 20, 21, 29, 71], [[], []]], [[0, 7, 39, 71], [[[39, 62]], [[39, 18]]]], [[0, 12, 53, 11, 28, 26, 71], [[], []]], [[0, 22, 30, 8, 25, 71], [[], []]], [[0, 31, 36, 16, 54, 71], [[[54, 41]], []]], [[0, 35, 3, 56, 71], [[], []]], [[0, 43, 13, 66, 37, 71], [[[37, 38]], [[37, 40]]]], [[0, 49, 33, 2, 47, 71], [[], []]], [[0, 50, 27, 57, 71], [[], []]], [[0, 52, 71], [[], [[52, 58]]]], [[0, 55, 48, 71], [[[48, 1]], []]], [[0, 60, 44, 71], [[], []]], [[0, 61, 10, 71], [[], [[10, 45], [10, 19]]]], [[0, 64, 65, 71], [[], [[65, 51]]]], [[0, 68, 9, 67, 15, 71], [[], []]], [[0, 70, 69, 46, 42, 17, 71], [[[17, 24]], []]]], "termination_status": "time limit exceeded"}