{"problem": {"name": "CVS-71-9", "datafile": "problems/ups_tw/CVS-71-9.vrp", "num_cust_nodes": 70, "num_tot_nodes": 72, "Gamma": 2, "t_range": 0.25, "Delta": 2, "d_range": 0.25, "num_drones": 2, "drone_time_multiplier": 1, "drone_cost_multiplier": 1, "flight_limit": 500, "demand_ratio": 0.75}, "timelimit": 600, "num_cpus": 4, "alg": "MIP", "time": 600.147145986557, "root_LP": 34311.0469014202, "obj": 182211.0, "final_gap": 0.8116960726771695, "global_lb": 34311.046901420195, "num_bnb_nodes": 0, "num_bnb_remaining_nodes": 1, "solution": [[[0, 2, 71], [[], []]], [[0, 4, 46, 43, 24, 71], [[], []]], [[0, 5, 40, 52, 71], [[], []]], [[0, 8, 71], [[], []]], [[0, 10, 71], [[], []]], [[0, 12, 16, 65, 71], [[], []]], [[0, 13, 60, 56, 29, 71], [[], []]], [[0, 15, 71], [[], []]], [[0, 17, 3, 71], [[], []]], [[0, 18, 71], [[], []]], [[0, 19, 63, 49, 71], [[], []]], [[0, 22, 71], [[], []]], [[0, 25, 11, 62, 71], [[], []]], [[0, 26, 69, 70, 71], [[], []]], [[0, 28, 61, 71], [[], []]], [[0, 31, 67, 71], [[], []]], [[0, 32, 71], [[], []]], [[0, 33, 71], [[], []]], [[0, 34, 71], [[], []]], [[0, 37, 71], [[], []]], [[0, 38, 30, 71], [[], []]], [[0, 39, 48, 23, 1, 71], [[], []]], [[0, 41, 58, 35, 71], [[], []]], [[0, 42, 27, 21, 71], [[], []]], [[0, 44, 20, 9, 57, 71], [[], []]], [[0, 45, 71], [[], []]], [[0, 50, 14, 71], [[], []]], [[0, 51, 71], [[], []]], [[0, 53, 71], [[], []]], [[0, 55, 71], [[], []]], [[0, 59, 71], [[], []]], [[0, 66, 54, 64, 71], [[], []]], [[0, 68, 71], [[], []]]], "termination_status": "time limit exceeded"}