{"problem": {"name": "CVS-41-3", "datafile": "problems/ups_tw/CVS-41-3.vrp", "num_cust_nodes": 40, "num_tot_nodes": 42, "Gamma": 2, "t_range": 0.25, "Delta": 2, "d_range": 0.25, "num_drones": 2, "drone_time_multiplier": 1, "drone_cost_multiplier": 1, "flight_limit": 500, "demand_ratio": 0.75}, "timelimit": 600, "num_cpus": 4, "alg": "CG Heuristic", "tot_cg_iterations": 272, "time": 29.088775634765625, "obj": 70475.0, "tot_heu_time": 10.126224279403687, "tot_mp_time": 0.2692406177520752, "tot_sp_time": 17.7137508392334, "tot_sp1_time": 68.48592138290405, "tot_sp2_time": 0.10356020927429199, "raw_solution": [[[1.0, [0, 14, 41], [[[14, 3], 0], [[14, 9], 1], [[14, 2], 0], [[14, 16], 1], [[14, 15], 0]]], [1.0, [0, 18, 41], [[[18, 14], 0], [[18, 6], 1], [[18, 9], 1], [[18, 21], 1], [[18, 15], 1]]], [1.0, [0, 35, 41], [[[35, 39], 0], [[35, 37], 1], [[35, 10], 0]]], [1.0, [0, 26, 1, 41], [[[26, 18], 0], [[26, 20], 1], [[26, 40], 0]]], [1.0, [0, 25, 28, 10, 34, 41], [[[28, 32], 0]]], [1.0, [0, 24, 22, 8, 41], [[[22, 27], 0]]], [1.0, [0, 31, 11, 36, 33, 41], [[[36, 29], 0]]], [1.0, [0, 7, 13, 4, 17, 41], [[[17, 12], 0]]], [1.0, [0, 38, 30, 19, 23, 5, 41], []]], [[1.0, [14, 2]], [1.0, [14, 3]], [1.0, [14, 15]], [1.0, [14, 16]], [1.0, [17, 12]], [1.0, [18, 6]], [1.0, [18, 9]], [1.0, [18, 21]], [1.0, [22, 27]], [1.0, [26, 20]], [1.0, [26, 40]], [1.0, [28, 32]], [1.0, [35, 37]], [1.0, [35, 39]], [1.0, [36, 29]]]], "solution": [[[0, 14, 41], [[[14, 3], [14, 2], [14, 15]], [[14, 16]]]], [[0, 18, 41], [[], [[18, 6], [18, 9], [18, 21]]]], [[0, 35, 41], [[[35, 39]], [[35, 37]]]], [[0, 26, 1, 41], [[[26, 40]], [[26, 20]]]], [[0, 25, 28, 10, 34, 41], [[[28, 32]], []]], [[0, 24, 22, 8, 41], [[[22, 27]], []]], [[0, 31, 11, 36, 33, 41], [[[36, 29]], []]], [[0, 7, 13, 4, 17, 41], [[[17, 12]], []]], [[0, 38, 30, 19, 23, 5, 41], [[], []]]], "tot_num_gen_cols": 883, "tot_num_labels": 904, "tot_num_route_fixes": 86}