{"problem": {"name": "CVS-71-1", "datafile": "problems/ups_tw/CVS-71-1.vrp", "num_cust_nodes": 70, "num_tot_nodes": 72, "Gamma": 2, "t_range": 0.25, "Delta": 2, "d_range": 0.25, "num_drones": 2, "drone_time_multiplier": 1, "drone_cost_multiplier": 1, "flight_limit": 500, "demand_ratio": 0.75}, "timelimit": 600, "num_cpus": 4, "alg": "CG Heuristic", "tot_cg_iterations": 181, "time": 87.90420246124268, "obj": 101805.0, "tot_heu_time": 11.019363403320312, "tot_mp_time": 0.28476524353027344, "tot_sp_time": 75.81583070755005, "tot_sp1_time": 298.37900590896606, "tot_sp2_time": 0.8873844146728516, "raw_solution": [[[1.0, [0, 7, 71], [[[7, 50], 0], [[7, 62], 1], [[7, 68], 1]]], [1.0, [0, 54, 71], [[[54, 47], 0], [[54, 34], 1], [[54, 9], 0], [[54, 57], 1], [[54, 19], 0]]], [1.0, [0, 48, 67, 56, 40, 42, 6, 71], [[[56, 3], 0]]], [1.0, [0, 52, 10, 16, 71], [[[10, 41], 0]]], [1.0, [0, 13, 64, 65, 71], [[[65, 20], 0]]], [1.0, [0, 55, 60, 25, 71], [[[25, 66], 0]]], [1.0, [0, 8, 26, 36, 15, 71], []], [1.0, [0, 51, 38, 29, 27, 71], [[[51, 14], 0]]], [1.0, [0, 46, 23, 1, 11, 71], [[[11, 35], 0], [[11, 18], 1]]], [1.0, [0, 12, 5, 32, 71], [[[32, 28], 0]]], [1.0, [0, 33, 45, 59, 49, 71], [[[33, 26], 0], [[45, 61], 0]]], [1.0, [0, 44, 4, 37, 2, 43, 71], [[[43, 39], 0]]], [1.0, [0, 31, 53, 22, 58, 69, 71], [[[53, 21], 0]]], [1.0, [0, 9, 30, 70, 24, 17, 71], [[[9, 63], 0]]]], [[1.0, [7, 50]], [1.0, [7, 62]], [1.0, [7, 68]], [1.0, [9, 63]], [1.0, [10, 41]], [1.0, [11, 18]], [1.0, [11, 35]], [1.0, [25, 66]], [1.0, [32, 28]], [1.0, [43, 39]], [1.0, [45, 61]], [1.0, [51, 14]], [1.0, [53, 21]], [1.0, [54, 19]], [1.0, [54, 34]], [1.0, [54, 47]], [1.0, [54, 57]], [1.0, [56, 3]], [1.0, [65, 20]]]], "solution": [[[0, 7, 71], [[[7, 50]], [[7, 62], [7, 68]]]], [[0, 54, 71], [[[54, 47], [54, 19]], [[54, 34], [54, 57]]]], [[0, 48, 67, 56, 40, 42, 6, 71], [[[56, 3]], []]], [[0, 52, 10, 16, 71], [[[10, 41]], []]], [[0, 13, 64, 65, 71], [[[65, 20]], []]], [[0, 55, 60, 25, 71], [[[25, 66]], []]], [[0, 8, 26, 36, 15, 71], [[], []]], [[0, 51, 38, 29, 27, 71], [[[51, 14]], []]], [[0, 46, 23, 1, 11, 71], [[[11, 35]], [[11, 18]]]], [[0, 12, 5, 32, 71], [[[32, 28]], []]], [[0, 33, 45, 59, 49, 71], [[[45, 61]], []]], [[0, 44, 4, 37, 2, 43, 71], [[[43, 39]], []]], [[0, 31, 53, 22, 58, 69, 71], [[[53, 21]], []]], [[0, 9, 30, 70, 24, 17, 71], [[[9, 63]], []]]], "tot_num_gen_cols": 1237, "tot_num_labels": 911, "tot_num_route_fixes": 56}