{"problem": {"name": "CVS-81-2", "datafile": "problems/ups_tw/CVS-81-2.vrp", "num_cust_nodes": 80, "num_tot_nodes": 82, "Gamma": 2, "t_range": 0.25, "Delta": 2, "d_range": 0.25, "num_drones": 2, "drone_time_multiplier": 1, "drone_cost_multiplier": 1, "flight_limit": 500, "demand_ratio": 0.75}, "timelimit": 600, "num_cpus": 4, "alg": "MIP", "time": 600.2446312904358, "root_LP": 53475.76698512262, "obj": 140244.0, "final_gap": 0.6183986934344219, "global_lb": 53517.29363798288, "num_bnb_nodes": 18, "num_bnb_remaining_nodes": 19, "solution": [[[0, 4, 57, 72, 81], [[], [[72, 73]]]], [[0, 12, 18, 81], [[], []]], [[0, 20, 55, 81], [[[55, 14], [55, 60]], []]], [[0, 30, 3, 81], [[[3, 2]], []]], [[0, 37, 50, 58, 35, 81], [[], []]], [[0, 38, 67, 10, 81], [[], []]], [[0, 40, 1, 28, 27, 81], [[], []]], [[0, 44, 36, 49, 81], [[], []]], [[0, 45, 81], [[[45, 42]], [[45, 62]]]], [[0, 46, 33, 81], [[], []]], [[0, 52, 51, 39, 81], [[], []]], [[0, 53, 7, 81], [[[7, 63]], []]], [[0, 59, 31, 81], [[[31, 56]], [[31, 8]]]], [[0, 66, 71, 48, 16, 5, 11, 43, 81], [[], []]], [[0, 70, 81], [[], [[70, 68], [70, 21]]]], [[0, 76, 6, 65, 81], [[], []]], [[0, 77, 75, 78, 81], [[], []]], [[0, 80, 25, 69, 47, 81], [[], []]]], "termination_status": "time limit exceeded"}