{"problem": {"name": "CVS-81-1", "datafile": "problems/ups_tw/CVS-81-1.vrp", "num_cust_nodes": 80, "num_tot_nodes": 82, "Gamma": 2, "t_range": 0.25, "Delta": 2, "d_range": 0.25, "num_drones": 2, "drone_time_multiplier": 1, "drone_cost_multiplier": 1, "flight_limit": 500, "demand_ratio": 0.75}, "timelimit": 600, "num_cpus": 4, "alg": "CG Heuristic", "tot_cg_iterations": 696, "time": 601.8452260494232, "obj": 111851.999999618, "tot_heu_time": 213.46619820594788, "tot_mp_time": 2.891995429992676, "tot_sp_time": 379.2470381259918, "tot_sp1_time": 1460.4804465770721, "tot_sp2_time": 11.32512903213501, "raw_solution": [[[1.0, [0, 49, 81], [[[49, 13], 0], [[49, 78], 1], [[49, 61], 0], [[49, 65], 1]]], [1.0, [0, 51, 81], [[[51, 28], 0], [[51, 29], 1], [[51, 27], 0], [[51, 40], 0], [[51, 3], 0]]], [1.0, [0, 77, 81], [[[77, 24], 0], [[77, 31], 1], [[77, 11], 0], [[77, 18], 0], [[77, 21], 1]]], [1.0, [0, 54, 30, 57, 76, 81], []], [1.0, [0, 69, 6, 42, 81], [[[6, 46], 0]]], [1.0, [0, 56, 48, 1, 67, 81], [[[1, 23], 0], [[1, 35], 1]]], [1.0, [0, 16, 52, 26, 73, 81], [[[26, 80], 0]]], [1.0, [0, 64, 65, 71, 72, 81], [[[65, 20], 0], [[65, 62], 1]]], [1.0, [0, 19, 47, 63, 81], [[[47, 9], 0], [[47, 17], 1]]], [1.0, [0, 12, 59, 45, 81], [[[45, 15], 0]]], [1.0, [0, 33, 10, 41, 15, 81], [[[41, 36], 0]]], [1.0, [0, 53, 2, 43, 81], [[[53, 39], 0], [[53, 70], 1], [[43, 74], 0]]], [1.0, [0, 25, 60, 44, 22, 37, 58, 81], [[[44, 4], 0]]], [1.0, [0, 14, 28, 29, 38, 81], [[[14, 75], 0]]], [1.0, [0, 55, 5, 32, 81], [[[32, 34], 0], [[32, 66], 1]]], [1.0, [0, 8, 7, 50, 68, 81], [[[8, 79], 0]]]], [[1.0, [1, 23]], [1.0, [1, 35]], [1.0, [6, 46]], [1.0, [8, 79]], [1.0, [14, 75]], [1.0, [26, 80]], [1.0, [32, 34]], [1.0, [32, 66]], [1.000000001, [41, 36]], [1.0, [43, 74]], [1.0, [44, 4]], [1.0, [47, 9]], [1.0, [47, 17]], [1.000000001, [49, 13]], [1.0, [49, 61]], [1.0, [49, 78]], [1.0, [51, 3]], [1.0, [51, 27]], [1.0, [51, 40]], [1.0, [53, 39]], [1.0, [53, 70]], [1.0, [65, 20]], [1.0, [65, 62]], [1.0, [77, 11]], [1.0, [77, 18]], [1.0, [77, 21]], [1.0, [77, 24]], [1.0, [77, 31]]]], "solution": [[[0, 49, 81], [[[49, 13], [49, 61]], [[49, 78]]]], [[0, 51, 81], [[[51, 27], [51, 40], [51, 3]], []]], [[0, 77, 81], [[[77, 24], [77, 11], [77, 18]], [[77, 31], [77, 21]]]], [[0, 54, 30, 57, 76, 81], [[], []]], [[0, 69, 6, 42, 81], [[[6, 46]], []]], [[0, 56, 48, 1, 67, 81], [[[1, 23]], [[1, 35]]]], [[0, 16, 52, 26, 73, 81], [[[26, 80]], []]], [[0, 64, 65, 71, 72, 81], [[[65, 20]], [[65, 62]]]], [[0, 19, 47, 63, 81], [[[47, 9]], [[47, 17]]]], [[0, 12, 59, 45, 81], [[], []]], [[0, 33, 10, 41, 15, 81], [[[41, 36]], []]], [[0, 53, 2, 43, 81], [[[53, 39], [43, 74]], [[53, 70]]]], [[0, 25, 60, 44, 22, 37, 58, 81], [[[44, 4]], []]], [[0, 14, 28, 29, 38, 81], [[[14, 75]], []]], [[0, 55, 5, 32, 81], [[[32, 34]], [[32, 66]]]], [[0, 8, 7, 50, 68, 81], [[[8, 79]], []]]], "tot_num_gen_cols": 2475, "tot_num_labels": 2327, "tot_num_route_fixes": 308}