{"problem": {"name": "CVS-21-10", "datafile": "problems/ups_tw/CVS-21-10.vrp", "num_cust_nodes": 20, "num_tot_nodes": 22, "Gamma": 2, "t_range": 0.25, "Delta": 2, "d_range": 0.25, "num_drones": 2, "drone_time_multiplier": 1, "drone_cost_multiplier": 1, "flight_limit": 500, "demand_ratio": 0.75}, "timelimit": 3600, "num_cpus": 4, "alg": "BnP", "root_LP": 34796.2, "tot_cg_iterations": 113, "global_lb": 35776.0, "time": 24.70367741584778, "obj": 35776.0, "tot_mp_time": 0.052420616149902344, "tot_sp_time": 23.754860639572144, "tot_sp_heu1_time": 8.121912717819214, "tot_sp_heu2_time": 9.597786664962769, "tot_sp_exact_time": 6.017503976821899, "tot_num_sp_heu1": 113, "tot_num_sp_heu2": 101, "tot_num_sp_exact": 56, "tot_sp1_time": 68.60044455528259, "tot_sp2_time": 18.500080347061157, "tot_heu_time": 0.7532989978790283, "raw_solution": [[[1.0, [0, 4, 21], [[[4, 17], 0], [[4, 14], 1], [[4, 8], 1]]], [1.0, [0, 12, 21], [[[12, 15], 0], [[12, 13], 1], [[12, 2], 1]]], [1.0, [0, 3, 20, 21], [[[20, 16], 0]]], [1.0, [0, 18, 1, 15, 21], [[[15, 9], 0], [[15, 11], 1]]], [1.0, [0, 7, 19, 10, 21], [[[7, 6], 0], [[19, 5], 0]]]], [[1.0, [4, 8]], [1.0, [4, 14]], [1.0, [4, 17]], [1.0, [7, 6]], [1.0, [12, 2]], [1.0, [12, 13]], [1.0, [15, 9]], [1.0, [15, 11]], [1.0, [19, 5]], [1.0, [20, 16]]]], "solution": [[[0, 4, 21], [[[4, 17]], [[4, 14], [4, 8]]]], [[0, 12, 21], [[], [[12, 13], [12, 2]]]], [[0, 3, 20, 21], [[[20, 16]], []]], [[0, 18, 1, 15, 21], [[[15, 9]], [[15, 11]]]], [[0, 7, 19, 10, 21], [[[7, 6], [19, 5]], []]]], "num_bnb_nodes": 53, "num_bnb_remaining_nodes": 0, "tot_num_gen_cols": 520, "tot_num_labels": 494261, "termination_status": "Optimal"}