{"problem": {"name": "CVS-71-7", "datafile": "problems/ups_tw/CVS-71-7.vrp", "num_cust_nodes": 70, "num_tot_nodes": 72, "Gamma": 2, "t_range": 0.25, "Delta": 2, "d_range": 0.25, "num_drones": 2, "drone_time_multiplier": 1, "drone_cost_multiplier": 1, "flight_limit": 500, "demand_ratio": 0.75}, "timelimit": 600, "num_cpus": 4, "alg": "MIP", "time": 600.2013056278229, "root_LP": 39817.92222806258, "obj": 156452.0, "final_gap": 0.7443229675005618, "global_lb": 40001.18308860204, "num_bnb_nodes": 548, "num_bnb_remaining_nodes": 534, "solution": [[[0, 2, 52, 71], [[], [[52, 62]]]], [[0, 4, 71], [[[4, 56]], []]], [[0, 5, 71], [[], []]], [[0, 6, 29, 57, 71], [[], []]], [[0, 10, 7, 50, 71], [[], []]], [[0, 14, 59, 33, 35, 71], [[[35, 23]], []]], [[0, 15, 71], [[], []]], [[0, 18, 71], [[], []]], [[0, 19, 71], [[], []]], [[0, 21, 55, 71], [[], []]], [[0, 26, 71], [[], []]], [[0, 27, 71], [[[27, 28], [27, 51]], []]], [[0, 32, 68, 3, 69, 71], [[], [[69, 16]]]], [[0, 37, 54, 48, 8, 71], [[], []]], [[0, 38, 9, 17, 71], [[], []]], [[0, 39, 71], [[], []]], [[0, 40, 71], [[], []]], [[0, 41, 71], [[], []]], [[0, 42, 20, 61, 71], [[], []]], [[0, 43, 58, 36, 45, 71], [[], []]], [[0, 44, 53, 65, 67, 71], [[[67, 1]], []]], [[0, 47, 13, 25, 71], [[], []]], [[0, 63, 46, 60, 49, 30, 31, 71], [[], []]], [[0, 70, 71], [[], []]]], "termination_status": "time limit exceeded"}