{"problem": {"name": "CVS-71-10", "datafile": "problems/ups_tw/CVS-71-10.vrp", "num_cust_nodes": 70, "num_tot_nodes": 72, "Gamma": 2, "t_range": 0.25, "Delta": 2, "d_range": 0.25, "num_drones": 2, "drone_time_multiplier": 1, "drone_cost_multiplier": 1, "flight_limit": 500, "demand_ratio": 0.75}, "timelimit": 600, "num_cpus": 4, "alg": "MIP", "time": 600.2450757026672, "root_LP": 27671.079273838885, "obj": 107660.0, "final_gap": 0.7236967024500268, "global_lb": 29746.813014230032, "num_bnb_nodes": 2437, "num_bnb_remaining_nodes": 1, "solution": [[[0, 12, 37, 23, 28, 71], [[], []]], [[0, 43, 1, 10, 71], [[], [[10, 19]]]], [[0, 44, 57, 26, 34, 52, 71], [[], []]], [[0, 51, 45, 38, 18, 71], [[], []]], [[0, 53, 33, 15, 29, 71], [[], []]], [[0, 55, 41, 56, 36, 31, 71], [[], []]], [[0, 59, 11, 40, 24, 71], [[], []]], [[0, 60, 35, 49, 5, 71], [[], []]], [[0, 61, 70, 48, 71], [[], []]], [[0, 63, 32, 46, 47, 71], [[], []]], [[0, 65, 3, 25, 39, 71], [[], [[39, 27]]]], [[0, 66, 54, 71], [[[54, 30]], []]], [[0, 68, 42, 13, 2, 21, 71], [[[21, 58]], []]], [[0, 69, 4, 62, 50, 8, 16, 71], [[], []]]], "termination_status": "time limit exceeded"}