{"problem": {"name": "CVS-81-10", "datafile": "problems/ups_tw/CVS-81-10.vrp", "num_cust_nodes": 80, "num_tot_nodes": 82, "Gamma": 2, "t_range": 0.25, "Delta": 2, "d_range": 0.25, "num_drones": 2, "drone_time_multiplier": 1, "drone_cost_multiplier": 1, "flight_limit": 500, "demand_ratio": 0.75}, "timelimit": 600, "num_cpus": 4, "alg": "MIP", "time": 600.1411271095276, "root_LP": 26224.50423330193, "obj": 130186.0, "final_gap": 0.7892638905089082, "global_lb": 27434.891150207204, "num_bnb_nodes": 1193, "num_bnb_remaining_nodes": 1, "solution": [[[0, 5, 43, 60, 81], [[], []]], [[0, 8, 50, 16, 81], [[], []]], [[0, 23, 37, 12, 81], [[], []]], [[0, 35, 9, 29, 33, 54, 81], [[], []]], [[0, 38, 45, 51, 18, 66, 81], [[], []]], [[0, 42, 21, 68, 13, 2, 81], [[], []]], [[0, 55, 61, 48, 39, 27, 81], [[], []]], [[0, 56, 77, 36, 79, 17, 81], [[], []]], [[0, 57, 34, 26, 81], [[], []]], [[0, 59, 11, 72, 53, 81], [[], []]], [[0, 62, 41, 52, 81], [[], []]], [[0, 64, 63, 28, 81], [[], []]], [[0, 69, 14, 81], [[[14, 4]], []]], [[0, 70, 65, 25, 3, 81], [[], []]], [[0, 75, 73, 58, 6, 81], [[], []]], [[0, 76, 7, 47, 46, 81], [[], [[46, 32]]]], [[0, 78, 30, 19, 10, 81], [[], []]], [[0, 80, 24, 71, 81], [[], []]]], "termination_status": "time limit exceeded"}