{"problem": {"name": "CVS-51-9", "datafile": "problems/ups_tw/CVS-51-9.vrp", "num_cust_nodes": 50, "num_tot_nodes": 52, "Gamma": 2, "t_range": 0.25, "Delta": 2, "d_range": 0.25, "num_drones": 2, "drone_time_multiplier": 1, "drone_cost_multiplier": 1, "flight_limit": 500, "demand_ratio": 0.75}, "timelimit": 600, "num_cpus": 4, "alg": "MIP", "time": 600.0666437149048, "root_LP": 32842.490543783046, "obj": 74799.9999998674, "final_gap": 0.5554554952099502, "global_lb": 33251.92895823673, "num_bnb_nodes": 1182, "num_bnb_remaining_nodes": 1, "solution": [[[0, 6, 47, 21, 42, 51], [[], []]], [[0, 8, 10, 23, 51], [[[23, 1]], []]], [[0, 11, 51], [[[11, 25]], [[11, 20]]]], [[0, 17, 22, 7, 51], [[[7, 26]], [[7, 41]]]], [[0, 18, 51], [[[18, 13]], [[18, 34]]]], [[0, 24, 43, 15, 49, 2, 12, 51], [[], []]], [[0, 31, 40, 51], [[[40, 5]], []]], [[0, 35, 33, 46, 19, 51], [[], []]], [[0, 37, 51], [[[37, 28]], []]], [[0, 39, 48, 36, 50, 44, 3, 51], [[], [[3, 14]]]]], "termination_status": "time limit exceeded"}