{"problem": {"name": "CVS-51-7", "datafile": "problems/ups_tw/CVS-51-7.vrp", "num_cust_nodes": 50, "num_tot_nodes": 52, "Gamma": 2, "t_range": 0.25, "Delta": 2, "d_range": 0.25, "num_drones": 2, "drone_time_multiplier": 1, "drone_cost_multiplier": 1, "flight_limit": 500, "demand_ratio": 0.75}, "timelimit": 600, "num_cpus": 4, "alg": "MIP", "time": 600.0319490432739, "root_LP": 44673.63519175323, "obj": 96063.0, "final_gap": 0.5076278880437525, "global_lb": 47298.74219085296, "num_bnb_nodes": 1383, "num_bnb_remaining_nodes": 164, "solution": [[[0, 4, 46, 28, 10, 30, 51], [[[30, 50]], []]], [[0, 6, 29, 15, 51], [[], []]], [[0, 8, 51], [[], [[8, 47], [8, 27], [8, 25]]]], [[0, 13, 20, 42, 1, 51], [[[1, 12]], []]], [[0, 19, 2, 40, 26, 51], [[[26, 34]], []]], [[0, 24, 31, 49, 21, 51], [[], []]], [[0, 32, 51], [[[32, 16], [32, 17]], []]], [[0, 35, 23, 51], [[[23, 11]], [[23, 33]]]], [[0, 37, 3, 22, 44, 51], [[[44, 39]], []]], [[0, 38, 9, 14, 18, 51], [[], []]], [[0, 41, 48, 45, 51], [[], [[45, 43]]]]], "termination_status": "time limit exceeded"}