{"problem": {"name": "CVS-21-2", "datafile": "problems/ups_tw/CVS-21-2.vrp", "num_cust_nodes": 20, "num_tot_nodes": 22, "Gamma": 2, "t_range": 0.25, "Delta": 2, "d_range": 0.25, "num_drones": 2, "drone_time_multiplier": 1, "drone_cost_multiplier": 1, "flight_limit": 500, "demand_ratio": 0.75}, "timelimit": 3600, "num_cpus": 4, "alg": "BnP", "root_LP": 34259.5, "tot_cg_iterations": 4670, "global_lb": 35798.0, "time": 2895.683517217636, "obj": 35798.0, "tot_mp_time": 17.120907306671143, "tot_sp_time": 2546.6325681209564, "tot_sp_heu1_time": 366.9657642841339, "tot_sp_heu2_time": 1085.8251049518585, "tot_sp_exact_time": 1092.5612020492554, "tot_num_sp_heu1": 4670, "tot_num_sp_heu2": 4567, "tot_num_sp_exact": 3062, "tot_sp1_time": 6602.988123178482, "tot_sp2_time": 2905.869861841202, "tot_heu_time": 279.4661965370178, "raw_solution": [[[1.0, [0, 2, 8, 4, 21], [[[2, 3], 0], [[8, 17], 0], [[8, 19], 1]]], [1.0, [0, 12, 10, 7, 15, 18, 21], [[[15, 20], 0]]], [1.0, [0, 16, 5, 11, 21], [[[5, 9], 0]]], [1.0, [0, 6, 9, 13, 1, 21], [[[9, 14], 0]]]], [[1.0, [2, 3]], [1.0, [8, 17]], [1.0, [8, 19]], [1.0, [9, 14]], [1.0, [15, 20]]]], "solution": [[[0, 2, 8, 4, 21], [[[2, 3], [8, 17]], [[8, 19]]]], [[0, 12, 10, 7, 15, 18, 21], [[[15, 20]], []]], [[0, 16, 5, 11, 21], [[], []]], [[0, 6, 9, 13, 1, 21], [[[9, 14]], []]]], "num_bnb_nodes": 2461, "num_bnb_remaining_nodes": 0, "tot_num_gen_cols": 8422, "tot_num_labels": 126397217, "termination_status": "Optimal"}