{"problem": {"name": "CVS-51-4", "datafile": "problems/ups_tw/CVS-51-4.vrp", "num_cust_nodes": 50, "num_tot_nodes": 52, "Gamma": 2, "t_range": 0.25, "Delta": 2, "d_range": 0.25, "num_drones": 2, "drone_time_multiplier": 1, "drone_cost_multiplier": 1, "flight_limit": 500, "demand_ratio": 0.75}, "timelimit": 600, "num_cpus": 4, "alg": "CG Heuristic", "tot_cg_iterations": 405, "time": 202.4904658794403, "obj": 72652.99976027799, "tot_heu_time": 11.018402814865112, "tot_mp_time": 0.5238771438598633, "tot_sp_time": 188.60727286338806, "tot_sp1_time": 744.8783400058746, "tot_sp2_time": 0.20280694961547852, "raw_solution": [[[1.0, [0, 39, 51], [[[39, 2], 0], [[39, 40], 1], [[39, 30], 0], [[39, 16], 1], [[39, 37], 1]]], [1.0, [0, 50, 18, 34, 5, 51], []], [1.0, [0, 30, 13, 31, 11, 48, 44, 51], []], [0.9999990936785984, [0, 32, 6, 25, 51], [[[32, 19], 0]]], [0.9999986405178976, [0, 38, 36, 45, 17, 51], []], [0.9999952418126417, [0, 46, 8, 35, 51], [[[46, 42], 0], [[35, 29], 0]]], [0.9999941089108897, [0, 9, 14, 24, 10, 49, 51], [[[9, 23], 0], [[24, 42], 0]]], [0.9999981873571968, [0, 1, 33, 4, 12, 47, 51], [[[47, 22], 0], [[47, 26], 1]]], [1.0, [0, 15, 43, 41, 21, 51], [[[43, 27], 0]]], [0.9999929760091377, [0, 42, 7, 20, 28, 3, 51], [[[28, 23], 0]]]], [[0.9999929760091377, [28, 23]], [0.999997734196496, [32, 19]], [0.9999997734196495, [35, 29]], [1.0, [39, 2]], [1.0, [39, 16]], [1.0, [39, 37]], [1.0, [39, 40]], [1.0, [43, 27]], [0.9999981873571968, [47, 22]], [0.9999995468392993, [47, 26]]]], "solution": [[[0, 39, 51], [[[39, 2]], [[39, 40], [39, 16], [39, 37]]]], [[0, 50, 18, 34, 5, 51], [[], []]], [[0, 30, 13, 31, 11, 48, 44, 51], [[], []]], [[0, 32, 6, 25, 51], [[[32, 19]], []]], [[0, 38, 36, 45, 17, 51], [[], []]], [[0, 46, 8, 35, 51], [[[35, 29]], []]], [[0, 9, 14, 24, 10, 49, 51], [[], []]], [[0, 1, 33, 4, 12, 47, 51], [[[47, 22]], [[47, 26]]]], [[0, 15, 43, 41, 21, 51], [[[43, 27]], []]], [[0, 42, 7, 20, 28, 3, 51], [[[28, 23]], []]]], "tot_num_gen_cols": 1890, "tot_num_labels": 1929, "tot_num_route_fixes": 128}