{"problem": {"name": "CVS-51-3", "datafile": "problems/ups_tw/CVS-51-3.vrp", "num_cust_nodes": 50, "num_tot_nodes": 52, "Gamma": 2, "t_range": 0.25, "Delta": 2, "d_range": 0.25, "num_drones": 2, "drone_time_multiplier": 1, "drone_cost_multiplier": 1, "flight_limit": 500, "demand_ratio": 0.75}, "timelimit": 600, "num_cpus": 4, "alg": "CG Heuristic", "tot_cg_iterations": 298, "time": 102.11878657341003, "obj": 71431.99981077964, "tot_heu_time": 6.900810718536377, "tot_mp_time": 0.526710033416748, "tot_sp_time": 93.33142518997192, "tot_sp1_time": 365.03073024749756, "tot_sp2_time": 0.9054107666015625, "raw_solution": [[[1.0, [0, 19, 51], [[[19, 44], 0], [[19, 47], 1], [[19, 7], 0], [[19, 41], 0], [[19, 23], 1], [[19, 30], 0]]], [1.0, [0, 20, 51], [[[20, 29], 0], [[20, 14], 1], [[20, 26], 0], [[20, 9], 1], [[20, 3], 1], [[20, 21], 0]]], [1.0, [0, 33, 51], [[[33, 6], 0], [[33, 18], 1], [[33, 24], 0], [[33, 27], 1], [[33, 35], 0], [[33, 11], 1]]], [1.0, [0, 35, 51], [[[35, 37], 0], [[35, 25], 1], [[35, 28], 0], [[35, 33], 0], [[35, 10], 0], [[35, 34], 1]]], [0.99999982081405, [0, 31, 22, 8, 51], [[[8, 2], 0]]], [1.0, [0, 37, 32, 12, 39, 51], [[[12, 4], 0], [[12, 17], 1], [[39, 28], 0]]], [1.0, [0, 38, 5, 50, 13, 51], [[[38, 44], 0], [[13, 46], 0]]], [1.0, [0, 1, 16, 18, 45, 43, 51], [[[16, 40], 0]]], [0.9999996416281002, [0, 26, 36, 49, 9, 42, 15, 48, 51], []]], [[0.99999982081405, [8, 2]], [1.0, [12, 4]], [1.0, [12, 17]], [1.0, [13, 46]], [1.0, [16, 40]], [1.0, [19, 7]], [1.0, [19, 23]], [1.0, [19, 30]], [1.0, [19, 41]], [1.0, [19, 47]], [1.0, [20, 3]], [1.0, [20, 14]], [1.0000001791859499, [20, 21]], [1.0, [20, 29]], [1.0, [33, 6]], [1.0, [33, 11]], [1.0, [33, 24]], [1.0, [33, 27]], [1.0, [35, 10]], [1.0, [35, 25]], [1.0, [35, 34]], [1.0, [38, 44]], [1.0, [39, 28]]]], "solution": [[[0, 19, 51], [[[19, 7], [19, 41], [19, 30]], [[19, 47], [19, 23]]]], [[0, 20, 51], [[[20, 29], [20, 21]], [[20, 14], [20, 3]]]], [[0, 33, 51], [[[33, 6], [33, 24]], [[33, 27], [33, 11]]]], [[0, 35, 51], [[[35, 10]], [[35, 25], [35, 34]]]], [[0, 31, 22, 8, 51], [[[8, 2]], []]], [[0, 37, 32, 12, 39, 51], [[[12, 4], [39, 28]], [[12, 17]]]], [[0, 38, 5, 50, 13, 51], [[[38, 44], [13, 46]], []]], [[0, 1, 16, 18, 45, 43, 51], [[[16, 40]], []]], [[0, 26, 36, 49, 9, 42, 15, 48, 51], [[], []]]], "tot_num_gen_cols": 1690, "tot_num_labels": 1370, "tot_num_route_fixes": 74}