{"problem": {"name": "CVS-61-9", "datafile": "problems/ups_tw/CVS-61-9.vrp", "num_cust_nodes": 60, "num_tot_nodes": 62, "Gamma": 2, "t_range": 0.25, "Delta": 2, "d_range": 0.25, "num_drones": 2, "drone_time_multiplier": 1, "drone_cost_multiplier": 1, "flight_limit": 500, "demand_ratio": 0.75}, "timelimit": 600, "num_cpus": 4, "alg": "MIP", "time": 600.0899186134338, "root_LP": 24306.261228929412, "obj": 98897.00000000001, "final_gap": 0.7413520417270681, "global_lb": 25579.50712931806, "num_bnb_nodes": 1241, "num_bnb_remaining_nodes": 1, "solution": [[[0, 10, 59, 61], [[[59, 26], [59, 6]], []]], [[0, 11, 55, 36, 50, 14, 61], [[], []]], [[0, 13, 45, 39, 48, 3, 61], [[], []]], [[0, 17, 28, 19, 38, 30, 61], [[], []]], [[0, 20, 44, 61], [[], []]], [[0, 23, 1, 54, 60, 18, 5, 61], [[], []]], [[0, 24, 15, 43, 61], [[], []]], [[0, 27, 21, 42, 37, 61], [[], []]], [[0, 29, 40, 52, 31, 61], [[], [[31, 34]]]], [[0, 35, 12, 16, 33, 61], [[], []]], [[0, 41, 7, 61], [[[7, 8], [7, 53], [7, 22]], []]], [[0, 58, 46, 4, 49, 61], [[[49, 2]], []]]], "termination_status": "time limit exceeded"}