{"problem": {"name": "CVS-71-5", "datafile": "problems/ups_tw/CVS-71-5.vrp", "num_cust_nodes": 70, "num_tot_nodes": 72, "Gamma": 2, "t_range": 0.25, "Delta": 2, "d_range": 0.25, "num_drones": 2, "drone_time_multiplier": 1, "drone_cost_multiplier": 1, "flight_limit": 500, "demand_ratio": 0.75}, "timelimit": 600, "num_cpus": 4, "alg": "MIP", "time": 600.2857930660248, "root_LP": 34299.6308442323, "obj": 131057.0, "final_gap": 0.7339450301979973, "global_lb": 34868.36617734099, "num_bnb_nodes": 1215, "num_bnb_remaining_nodes": 1178, "solution": [[[0, 13, 56, 40, 7, 71], [[], []]], [[0, 15, 66, 39, 71], [[], [[39, 25]]]], [[0, 16, 69, 10, 33, 71], [[], []]], [[0, 23, 18, 11, 71], [[], [[11, 2], [11, 20]]]], [[0, 28, 5, 49, 68, 3, 6, 71], [[], []]], [[0, 32, 29, 37, 53, 51, 41, 14, 71], [[], []]], [[0, 45, 36, 17, 27, 61, 71], [[], []]], [[0, 50, 12, 60, 71], [[], [[60, 22]]]], [[0, 52, 59, 44, 4, 71], [[], []]], [[0, 55, 46, 62, 71], [[], []]], [[0, 63, 30, 19, 54, 71], [[], []]], [[0, 64, 35, 47, 43, 71], [[[43, 38]], []]], [[0, 67, 71], [[], [[67, 1], [67, 65], [67, 48], [67, 8]]]], [[0, 70, 31, 42, 71], [[], []]]], "termination_status": "time limit exceeded"}