{"problem": {"name": "CVS-61-8", "datafile": "problems/ups_tw/CVS-61-8.vrp", "num_cust_nodes": 60, "num_tot_nodes": 62, "Gamma": 2, "t_range": 0.25, "Delta": 2, "d_range": 0.25, "num_drones": 2, "drone_time_multiplier": 1, "drone_cost_multiplier": 1, "flight_limit": 500, "demand_ratio": 0.75}, "timelimit": 600, "num_cpus": 4, "alg": "MIP", "time": 600.0577504634857, "root_LP": 27910.409410089735, "obj": 85946.0, "final_gap": 0.6402707154020785, "global_lb": 30917.293094052897, "num_bnb_nodes": 1261, "num_bnb_remaining_nodes": 15, "solution": [[[0, 3, 2, 18, 61], [[], []]], [[0, 14, 44, 56, 41, 61], [[], []]], [[0, 22, 12, 5, 61], [[], []]], [[0, 28, 6, 36, 48, 61], [[], []]], [[0, 29, 61], [[[29, 58], [29, 21], [29, 54]], []]], [[0, 32, 16, 61], [[], []]], [[0, 35, 49, 8, 61], [[], []]], [[0, 42, 31, 61], [[[31, 46]], []]], [[0, 47, 26, 10, 61], [[[10, 20]], []]], [[0, 50, 25, 61], [[[25, 30]], [[25, 52]]]], [[0, 55, 4, 61], [[[4, 45]], []]], [[0, 59, 27, 15, 38, 61], [[], [[38, 9], [38, 43]]]], [[0, 60, 17, 11, 61], [[], []]]], "termination_status": "time limit exceeded"}