{"problem": {"name": "CVS-91-3", "datafile": "problems/ups_tw/CVS-91-3.vrp", "num_cust_nodes": 90, "num_tot_nodes": 92, "Gamma": 2, "t_range": 0.25, "Delta": 2, "d_range": 0.25, "num_drones": 2, "drone_time_multiplier": 1, "drone_cost_multiplier": 1, "flight_limit": 500, "demand_ratio": 0.75}, "timelimit": 600, "num_cpus": 4, "alg": "MIP", "time": 600.5283672809601, "root_LP": 26637.814999548522, "obj": 212170.0, "final_gap": 0.8744506056485432, "global_lb": 26637.81499954852, "num_bnb_nodes": 0, "num_bnb_remaining_nodes": 1, "solution": [[[0, 6, 91], [[], []]], [[0, 7, 69, 47, 60, 91], [[], []]], [[0, 13, 50, 91], [[], []]], [[0, 15, 21, 91], [[], []]], [[0, 22, 8, 61, 91], [[], []]], [[0, 23, 44, 64, 91], [[], []]], [[0, 24, 91], [[], []]], [[0, 25, 28, 17, 88, 51, 4, 91], [[], []]], [[0, 26, 1, 71, 91], [[], []]], [[0, 27, 89, 91], [[], []]], [[0, 29, 91], [[], []]], [[0, 30, 62, 19, 91], [[], []]], [[0, 31, 87, 80, 78, 91], [[], []]], [[0, 34, 10, 12, 32, 91], [[], []]], [[0, 35, 55, 91], [[], []]], [[0, 38, 41, 66, 5, 91], [[], []]], [[0, 39, 37, 74, 91], [[], []]], [[0, 46, 52, 81, 91], [[], []]], [[0, 48, 14, 58, 91], [[], []]], [[0, 49, 9, 42, 91], [[[42, 65]], []]], [[0, 57, 91], [[], []]], [[0, 59, 33, 77, 91], [[], []]], [[0, 63, 91], [[], []]], [[0, 67, 91], [[], []]], [[0, 70, 36, 2, 91], [[], []]], [[0, 72, 91], [[], []]], [[0, 73, 76, 11, 91], [[], []]], [[0, 75, 91], [[], []]], [[0, 79, 91], [[], []]], [[0, 82, 3, 91], [[[3, 16]], []]], [[0, 83, 90, 40, 91], [[], []]], [[0, 84, 91], [[], []]], [[0, 85, 53, 91], [[], []]], [[0, 86, 45, 18, 43, 91], [[], []]]], "termination_status": "time limit exceeded"}