{"problem": {"name": "CVS-91-6", "datafile": "problems/ups_tw/CVS-91-6.vrp", "num_cust_nodes": 90, "num_tot_nodes": 92, "Gamma": 2, "t_range": 0.25, "Delta": 2, "d_range": 0.25, "num_drones": 2, "drone_time_multiplier": 1, "drone_cost_multiplier": 1, "flight_limit": 500, "demand_ratio": 0.75}, "timelimit": 600, "num_cpus": 4, "alg": "MIP", "time": 600.1172935962677, "root_LP": 53743.971644958525, "obj": 292449.0, "final_gap": 0.8162278836824247, "global_lb": 53743.971644958474, "num_bnb_nodes": 0, "num_bnb_remaining_nodes": 1, "solution": [[[0, 3, 52, 91], [[], [[52, 81]]]], [[0, 5, 91], [[], []]], [[0, 6, 91], [[], []]], [[0, 7, 83, 91], [[], []]], [[0, 8, 30, 91], [[], []]], [[0, 10, 51, 65, 91], [[], []]], [[0, 11, 91], [[], []]], [[0, 12, 91], [[], []]], [[0, 13, 91], [[], []]], [[0, 14, 59, 91], [[], []]], [[0, 16, 91], [[], []]], [[0, 18, 91], [[], []]], [[0, 19, 91], [[], []]], [[0, 21, 72, 20, 91], [[], []]], [[0, 23, 91], [[], []]], [[0, 24, 53, 89, 91], [[], []]], [[0, 26, 4, 31, 15, 91], [[[15, 25]], []]], [[0, 32, 22, 71, 91], [[], []]], [[0, 35, 91], [[], []]], [[0, 37, 91], [[], []]], [[0, 38, 91], [[], []]], [[0, 40, 91], [[], []]], [[0, 41, 58, 70, 54, 91], [[], []]], [[0, 44, 60, 91], [[], []]], [[0, 46, 91], [[], []]], [[0, 48, 91], [[], []]], [[0, 55, 67, 9, 1, 39, 91], [[], []]], [[0, 56, 91], [[], []]], [[0, 61, 91], [[], []]], [[0, 63, 91], [[], []]], [[0, 64, 91], [[], []]], [[0, 68, 91], [[], []]], [[0, 69, 33, 91], [[[33, 49]], []]], [[0, 73, 2, 91], [[], []]], [[0, 75, 91], [[], []]], [[0, 76, 62, 36, 91], [[], []]], [[0, 77, 45, 34, 66, 91], [[], []]], [[0, 78, 74, 28, 91], [[], []]], [[0, 80, 91], [[], []]], [[0, 82, 27, 50, 91], [[], []]], [[0, 84, 91], [[], []]], [[0, 85, 79, 17, 42, 91], [[], []]], [[0, 86, 57, 43, 91], [[], []]], [[0, 87, 91], [[], []]], [[0, 88, 91], [[], []]], [[0, 90, 91], [[], []]]], "termination_status": "time limit exceeded"}