{"problem": {"name": "CVS-41-3", "datafile": "problems/ups_tw/CVS-41-3.vrp", "num_cust_nodes": 40, "num_tot_nodes": 42, "Gamma": 2, "t_range": 0.25, "Delta": 2, "d_range": 0.25, "num_drones": 2, "drone_time_multiplier": 1, "drone_cost_multiplier": 1, "flight_limit": 500, "demand_ratio": 0.75}, "timelimit": 600, "num_cpus": 4, "alg": "MIP", "time": 600.0383503437042, "root_LP": 32040.530928787204, "obj": 72907.0, "final_gap": 0.5360865696262569, "global_lb": 33822.53646825843, "num_bnb_nodes": 1687, "num_bnb_remaining_nodes": 471, "solution": [[[0, 3, 20, 21, 15, 41], [[[15, 40]], []]], [[0, 6, 11, 33, 41], [[], []]], [[0, 7, 13, 23, 5, 41], [[], []]], [[0, 9, 41], [[[9, 2]], [[9, 29], [9, 36]]]], [[0, 10, 32, 34, 41], [[], []]], [[0, 18, 16, 1, 41], [[[1, 26]], []]], [[0, 19, 31, 41], [[], []]], [[0, 24, 22, 8, 41], [[], []]], [[0, 28, 17, 4, 41], [[[4, 12]], []]], [[0, 35, 41], [[[35, 37]], []]]], "termination_status": "time limit exceeded"}