{"problem": {"name": "CVS-41-6", "datafile": "problems/ups_tw/CVS-41-6.vrp", "num_cust_nodes": 40, "num_tot_nodes": 42, "Gamma": 2, "t_range": 0.25, "Delta": 2, "d_range": 0.25, "num_drones": 2, "drone_time_multiplier": 1, "drone_cost_multiplier": 1, "flight_limit": 500, "demand_ratio": 0.75}, "timelimit": 600, "num_cpus": 4, "alg": "MIP", "time": 600.0140161514282, "root_LP": 33663.13901175058, "obj": 68708.0, "final_gap": 0.4914051773198577, "global_lb": 34944.533076707165, "num_bnb_nodes": 14883, "num_bnb_remaining_nodes": 11211, "solution": [[[0, 5, 24, 17, 14, 41], [[], []]], [[0, 6, 20, 21, 26, 41], [[], [[26, 4]]]], [[0, 15, 30, 8, 27, 41], [[], []]], [[0, 22, 39, 36, 41], [[], []]], [[0, 35, 10, 41], [[[10, 19], [10, 12]], []]], [[0, 37, 3, 16, 41], [[], [[16, 2]]]], [[0, 40, 7, 28, 18, 41], [[[18, 23]], []]]], "termination_status": "time limit exceeded"}