{"problem": {"name": "CVS-61-1", "datafile": "problems/ups_tw/CVS-61-1.vrp", "num_cust_nodes": 60, "num_tot_nodes": 62, "Gamma": 2, "t_range": 0.25, "Delta": 2, "d_range": 0.25, "num_drones": 2, "drone_time_multiplier": 1, "drone_cost_multiplier": 1, "flight_limit": 500, "demand_ratio": 0.75}, "timelimit": 600, "num_cpus": 4, "alg": "MIP", "time": 600.2523100376129, "root_LP": 30323.493993924603, "obj": 116899.0, "final_gap": 0.7392566187778249, "global_lb": 30480.640521490976, "num_bnb_nodes": 1100, "num_bnb_remaining_nodes": 915, "solution": [[[0, 3, 40, 35, 1, 11, 42, 37, 61], [[], []]], [[0, 4, 61], [[], []]], [[0, 12, 7, 8, 13, 59, 49, 61], [[], []]], [[0, 16, 52, 33, 41, 61], [[[41, 36]], []]], [[0, 19, 21, 24, 54, 61], [[], []]], [[0, 25, 58, 22, 31, 2, 61], [[], []]], [[0, 30, 9, 47, 34, 57, 61], [[], []]], [[0, 38, 28, 14, 32, 61], [[], []]], [[0, 45, 26, 20, 50, 61], [[], []]], [[0, 51, 23, 61], [[], []]], [[0, 53, 18, 6, 44, 43, 61], [[], []]], [[0, 55, 27, 29, 48, 60, 61], [[], []]]], "termination_status": "time limit exceeded"}