{"problem": {"name": "CVS-51-4", "datafile": "problems/ups_tw/CVS-51-4.vrp", "num_cust_nodes": 50, "num_tot_nodes": 52, "Gamma": 2, "t_range": 0.25, "Delta": 2, "d_range": 0.25, "num_drones": 2, "drone_time_multiplier": 1, "drone_cost_multiplier": 1, "flight_limit": 500, "demand_ratio": 0.75}, "timelimit": 600, "num_cpus": 4, "alg": "MIP", "time": 600.0257911682129, "root_LP": 27160.69867929234, "obj": 78697.0, "final_gap": 0.6262384580936982, "global_lb": 29413.912063400174, "num_bnb_nodes": 2171, "num_bnb_remaining_nodes": 986, "solution": [[[0, 9, 14, 24, 10, 51], [[], []]], [[0, 19, 12, 4, 33, 1, 51], [[], []]], [[0, 28, 20, 27, 38, 51], [[], []]], [[0, 31, 13, 11, 37, 51], [[], []]], [[0, 32, 6, 25, 51], [[], []]], [[0, 35, 46, 51], [[[46, 8]], []]], [[0, 36, 45, 17, 26, 22, 51], [[], []]], [[0, 39, 50, 18, 51], [[], []]], [[0, 43, 41, 15, 21, 51], [[[21, 3]], []]], [[0, 48, 44, 5, 51], [[[5, 34]], []]]], "termination_status": "time limit exceeded"}