{"problem": {"name": "CVS-31-10", "datafile": "problems/ups_tw/CVS-31-10.vrp", "num_cust_nodes": 30, "num_tot_nodes": 32, "Gamma": 2, "t_range": 0.25, "Delta": 2, "d_range": 0.25, "num_drones": 2, "drone_time_multiplier": 1, "drone_cost_multiplier": 1, "flight_limit": 500, "demand_ratio": 0.75}, "timelimit": 3600, "num_cpus": 4, "alg": "MIP", "time": 3601.3195464611053, "root_LP": 18005.44491149205, "obj": 42994.0, "final_gap": 0.42332617976974196, "global_lb": 24793.51422697967, "num_bnb_nodes": 813538, "num_bnb_remaining_nodes": 758018, "solution": [[[0, 4, 14, 31], [[], [[14, 17]]]], [[0, 6, 21, 2, 13, 31], [[], []]], [[0, 8, 16, 26, 3, 31], [[], []]], [[0, 12, 23, 28, 31], [[[28, 24]], [[28, 7], [28, 18]]]], [[0, 15, 9, 29, 25, 27, 31], [[], [[27, 22]]]], [[0, 30, 19, 10, 31], [[], []]]], "termination_status": "time limit exceeded"}