{"problem": {"name": "CVS-71-2", "datafile": "problems/ups_tw/CVS-71-2.vrp", "num_cust_nodes": 70, "num_tot_nodes": 72, "Gamma": 2, "t_range": 0.25, "Delta": 2, "d_range": 0.25, "num_drones": 2, "drone_time_multiplier": 1, "drone_cost_multiplier": 1, "flight_limit": 500, "demand_ratio": 0.75}, "timelimit": 600, "num_cpus": 4, "alg": "CG Heuristic", "tot_cg_iterations": 370, "time": 95.47728562355042, "obj": 107342.0, "tot_heu_time": 42.64425563812256, "tot_mp_time": 0.7249529361724854, "tot_sp_time": 50.45837378501892, "tot_sp1_time": 180.09545850753784, "tot_sp2_time": 5.041702032089233, "raw_solution": [[[1.0, [0, 57, 71], [[[57, 46], 0], [[57, 32], 1], [[57, 31], 0], [[57, 29], 1], [[57, 22], 0]]], [1.0, [0, 65, 71], [[[65, 23], 0], [[65, 20], 1], [[65, 6], 0], [[65, 11], 1], [[65, 9], 0]]], [1.0, [0, 18, 10, 12, 66, 71], []], [1.0, [0, 51, 30, 24, 71], [[[24, 69], 0]]], [1.0, [0, 21, 26, 55, 14, 71], [[[14, 34], 0]]], [1.0, [0, 47, 68, 70, 69, 25, 45, 71], []], [1.0, [0, 58, 35, 37, 50, 71], [[[50, 27], 0], [[50, 3], 1]]], [1.0, [0, 2, 40, 28, 13, 71], []], [1.0, [0, 56, 52, 19, 33, 71], [[[33, 59], 0]]], [1.0, [0, 42, 8, 17, 4, 71], [[[42, 62], 0]]], [1.0, [0, 36, 49, 23, 53, 6, 38, 71], [[[38, 43], 0]]], [1.0, [0, 60, 67, 54, 64, 71], []], [1.0, [0, 61, 63, 15, 48, 71], [[[15, 7], 0]]], [1.0, [0, 39, 16, 41, 44, 71], [[[16, 1], 0], [[44, 5], 0]]]], [[1.0, [14, 34]], [1.0, [15, 7]], [1.0, [16, 1]], [1.0, [33, 59]], [1.0, [38, 43]], [1.0, [42, 62]], [1.0, [44, 5]], [1.0, [50, 3]], [1.0, [50, 27]], [1.0, [57, 22]], [1.0, [57, 29]], [1.0, [57, 31]], [1.0, [57, 32]], [1.0, [57, 46]], [1.0, [65, 9]], [1.0, [65, 11]], [1.0, [65, 20]]]], "solution": [[[0, 57, 71], [[[57, 46], [57, 31], [57, 22]], [[57, 32], [57, 29]]]], [[0, 65, 71], [[[65, 9]], [[65, 20], [65, 11]]]], [[0, 18, 10, 12, 66, 71], [[], []]], [[0, 51, 30, 24, 71], [[], []]], [[0, 21, 26, 55, 14, 71], [[[14, 34]], []]], [[0, 47, 68, 70, 69, 25, 45, 71], [[], []]], [[0, 58, 35, 37, 50, 71], [[[50, 27]], [[50, 3]]]], [[0, 2, 40, 28, 13, 71], [[], []]], [[0, 56, 52, 19, 33, 71], [[[33, 59]], []]], [[0, 42, 8, 17, 4, 71], [[[42, 62]], []]], [[0, 36, 49, 23, 53, 6, 38, 71], [[[38, 43]], []]], [[0, 60, 67, 54, 64, 71], [[], []]], [[0, 61, 63, 15, 48, 71], [[[15, 7]], []]], [[0, 39, 16, 41, 44, 71], [[[16, 1], [44, 5]], []]]], "tot_num_gen_cols": 1152, "tot_num_labels": 1102, "tot_num_route_fixes": 150}