{"problem": {"name": "CVS-61-10", "datafile": "problems/ups_tw/CVS-61-10.vrp", "num_cust_nodes": 60, "num_tot_nodes": 62, "Gamma": 2, "t_range": 0.25, "Delta": 2, "d_range": 0.25, "num_drones": 2, "drone_time_multiplier": 1, "drone_cost_multiplier": 1, "flight_limit": 500, "demand_ratio": 0.75}, "timelimit": 600, "num_cpus": 4, "alg": "CG Heuristic", "tot_cg_iterations": 451, "time": 323.8656539916992, "obj": 90456.0, "tot_heu_time": 47.77855134010315, "tot_mp_time": 0.6131398677825928, "tot_sp_time": 272.74955916404724, "tot_sp1_time": 1079.6294457912445, "tot_sp2_time": 0.2677631378173828, "raw_solution": [[[1.0, [0, 30, 61], [[[30, 49], 0], [[30, 1], 1], [[30, 38], 1], [[30, 45], 0], [[30, 18], 0]]], [1.0, [0, 31, 61], [[[31, 36], 0], [[31, 34], 1], [[31, 41], 1], [[31, 26], 0], [[31, 50], 1]]], [1.0, [0, 37, 61], [[[37, 21], 0], [[37, 13], 1], [[37, 28], 1], [[37, 23], 0]]], [1.0, [0, 44, 61], [[[44, 14], 0], [[44, 4], 1], [[44, 12], 1], [[44, 17], 0]]], [1.0, [0, 10, 43, 60, 5, 61], []], [1.0, [0, 58, 6, 2, 13, 42, 61], []], [1.0, [0, 55, 48, 20, 25, 27, 61], [[[27, 22], 0]]], [1.0, [0, 7, 47, 32, 46, 61], [[[7, 51], 0]]], [1.0, [0, 29, 53, 40, 19, 61], []], [1.0, [0, 15, 35, 9, 61], [[[35, 33], 0]]], [1.0, [0, 59, 11, 24, 54, 61], [[[54, 38], 0]]], [1.0, [0, 16, 34, 57, 26, 52, 61], [[[16, 56], 0]]], [1.0, [0, 8, 39, 3, 61], [[[3, 20], 0]]]], [[1.0, [7, 51]], [1.0, [16, 56]], [1.0, [27, 22]], [1.0, [30, 1]], [1.0, [30, 18]], [1.0, [30, 45]], [1.0, [30, 49]], [1.0, [31, 36]], [1.0, [31, 41]], [1.0, [31, 50]], [1.0, [35, 33]], [1.0, [37, 21]], [1.0, [37, 23]], [1.0, [37, 28]], [1.0, [44, 4]], [1.0, [44, 12]], [1.0, [44, 14]], [1.0, [44, 17]], [1.0, [54, 38]]]], "solution": [[[0, 30, 61], [[[30, 49], [30, 45], [30, 18]], [[30, 1]]]], [[0, 31, 61], [[[31, 36]], [[31, 41], [31, 50]]]], [[0, 37, 61], [[[37, 21], [37, 23]], [[37, 28]]]], [[0, 44, 61], [[[44, 14], [44, 17]], [[44, 4], [44, 12]]]], [[0, 10, 43, 60, 5, 61], [[], []]], [[0, 58, 6, 2, 13, 42, 61], [[], []]], [[0, 55, 48, 20, 25, 27, 61], [[[27, 22]], []]], [[0, 7, 47, 32, 46, 61], [[[7, 51]], []]], [[0, 29, 53, 40, 19, 61], [[], []]], [[0, 15, 35, 9, 61], [[[35, 33]], []]], [[0, 59, 11, 24, 54, 61], [[[54, 38]], []]], [[0, 16, 34, 57, 26, 52, 61], [[[16, 56]], []]], [[0, 8, 39, 3, 61], [[], []]]], "tot_num_gen_cols": 1651, "tot_num_labels": 1787, "tot_num_route_fixes": 151}