{"problem": {"name": "CVS-51-1", "datafile": "problems/ups_tw/CVS-51-1.vrp", "num_cust_nodes": 50, "num_tot_nodes": 52, "Gamma": 2, "t_range": 0.25, "Delta": 2, "d_range": 0.25, "num_drones": 2, "drone_time_multiplier": 1, "drone_cost_multiplier": 1, "flight_limit": 500, "demand_ratio": 0.75}, "timelimit": 600, "num_cpus": 4, "alg": "CG Heuristic", "tot_cg_iterations": 33, "time": 1.3381271362304688, "obj": 80513.0, "tot_heu_time": 0.27477192878723145, "tot_mp_time": 0.02254629135131836, "tot_sp_time": 0.9760856628417969, "tot_sp1_time": 3.662666082382202, "tot_sp2_time": 0.03719186782836914, "raw_solution": [[[1.0, [0, 5, 51], [[[5, 12], 0], [[5, 49], 1], [[5, 13], 0]]], [1.0, [0, 8, 51], [[[8, 41], 0], [[8, 36], 1], [[8, 50], 0], [[8, 16], 1], [[8, 26], 0]]], [1.0, [0, 27, 51], [[[27, 32], 0], [[27, 28], 1], [[27, 3], 0], [[27, 29], 1], [[27, 14], 0], [[27, 38], 1]]], [1.0, [0, 31, 51], [[[31, 2], 0], [[31, 11], 1], [[31, 4], 0], [[31, 1], 1], [[31, 21], 0]]], [1.0, [0, 47, 51], [[[47, 9], 0], [[47, 32], 1], [[47, 25], 0], [[47, 30], 1], [[47, 19], 0]]], [1.0, [0, 33, 10, 45, 15, 51], []], [1.0, [0, 34, 39, 24, 17, 51], []], [1.0, [0, 25, 37, 22, 43, 44, 51], []], [1.0, [0, 40, 18, 42, 6, 51], [[[42, 35], 0]]], [1.0, [0, 7, 20, 48, 46, 23, 51], []]], [[1.0, [5, 12]], [1.0, [5, 13]], [1.0, [5, 49]], [1.0, [8, 16]], [1.0, [8, 26]], [1.0, [8, 36]], [1.0, [8, 41]], [1.0, [8, 50]], [1.0, [27, 3]], [1.0, [27, 14]], [1.0, [27, 28]], [1.0, [27, 29]], [1.0, [27, 38]], [1.0, [31, 1]], [1.0, [31, 2]], [1.0, [31, 4]], [1.0, [31, 11]], [1.0, [31, 21]], [1.0, [42, 35]], [1.0, [47, 9]], [1.0, [47, 19]], [1.0, [47, 30]], [1.0, [47, 32]]]], "solution": [[[0, 5, 51], [[[5, 12], [5, 13]], [[5, 49]]]], [[0, 8, 51], [[[8, 41], [8, 50], [8, 26]], [[8, 36], [8, 16]]]], [[0, 27, 51], [[[27, 3], [27, 14]], [[27, 28], [27, 29], [27, 38]]]], [[0, 31, 51], [[[31, 2], [31, 4], [31, 21]], [[31, 11], [31, 1]]]], [[0, 47, 51], [[[47, 9], [47, 19]], [[47, 32], [47, 30]]]], [[0, 33, 10, 45, 15, 51], [[], []]], [[0, 34, 39, 24, 17, 51], [[], []]], [[0, 25, 37, 22, 43, 44, 51], [[], []]], [[0, 40, 18, 42, 6, 51], [[[42, 35]], []]], [[0, 7, 20, 48, 46, 23, 51], [[], []]]], "tot_num_gen_cols": 207, "tot_num_labels": 174, "tot_num_route_fixes": 10}