{"problem": {"name": "CVS-81-5", "datafile": "problems/ups_tw/CVS-81-5.vrp", "num_cust_nodes": 80, "num_tot_nodes": 82, "Gamma": 2, "t_range": 0.25, "Delta": 2, "d_range": 0.25, "num_drones": 2, "drone_time_multiplier": 1, "drone_cost_multiplier": 1, "flight_limit": 500, "demand_ratio": 0.75}, "timelimit": 600, "num_cpus": 4, "alg": "MIP", "time": 600.1307599544525, "root_LP": 48118.26934746828, "obj": 221149.0, "final_gap": 0.7824169706963708, "global_lb": 48118.26934746821, "num_bnb_nodes": 0, "num_bnb_remaining_nodes": 1, "solution": [[[0, 2, 81], [[], []]], [[0, 4, 79, 81], [[], []]], [[0, 5, 81], [[], [[5, 49]]]], [[0, 6, 3, 12, 81], [[], [[12, 7]]]], [[0, 10, 81], [[], []]], [[0, 13, 81], [[], []]], [[0, 16, 81], [[], []]], [[0, 18, 23, 81], [[[23, 11]], []]], [[0, 20, 81], [[], []]], [[0, 24, 81], [[], []]], [[0, 26, 41, 51, 81], [[], []]], [[0, 28, 81], [[], []]], [[0, 29, 81], [[[29, 44]], [[29, 56]]]], [[0, 30, 19, 81], [[], []]], [[0, 32, 61, 9, 81], [[], []]], [[0, 33, 81], [[], []]], [[0, 35, 34, 81], [[], []]], [[0, 37, 14, 81], [[[14, 70]], []]], [[0, 38, 81], [[], []]], [[0, 39, 60, 25, 21, 81], [[], []]], [[0, 40, 66, 81], [[[66, 15]], []]], [[0, 42, 31, 81], [[], []]], [[0, 43, 47, 59, 81], [[], []]], [[0, 45, 81], [[], []]], [[0, 48, 81], [[[48, 8], [48, 22]], []]], [[0, 54, 81], [[], []]], [[0, 63, 81], [[], []]], [[0, 64, 1, 81], [[], []]], [[0, 65, 81], [[], []]], [[0, 67, 81], [[], []]], [[0, 69, 55, 58, 81], [[[58, 72]], []]], [[0, 71, 62, 76, 46, 81], [[], []]], [[0, 73, 57, 17, 36, 27, 81], [[], []]], [[0, 77, 53, 81], [[], []]], [[0, 78, 74, 81], [[], []]], [[0, 80, 68, 75, 81], [[], []]]], "termination_status": "time limit exceeded"}