{"problem": {"name": "CVS-21-7", "datafile": "problems/ups_tw/CVS-21-7.vrp", "num_cust_nodes": 20, "num_tot_nodes": 22, "Gamma": 2, "t_range": 0.25, "Delta": 2, "d_range": 0.25, "num_drones": 2, "drone_time_multiplier": 1, "drone_cost_multiplier": 1, "flight_limit": 500, "demand_ratio": 0.75}, "timelimit": 3600, "num_cpus": 4, "alg": "BnP", "root_LP": 39141.5, "tot_cg_iterations": 25, "global_lb": 39141.5, "time": 2.965843677520752, "obj": 39272.0, "tot_mp_time": 0.011198759078979492, "tot_sp_time": 2.9074723720550537, "tot_sp_heu1_time": 1.576097011566162, "tot_sp_heu2_time": 0.929779052734375, "tot_sp_exact_time": 0.3980827331542969, "tot_num_sp_heu1": 25, "tot_num_sp_heu2": 13, "tot_num_sp_exact": 5, "tot_sp1_time": 10.231670618057251, "tot_sp2_time": 0.5278201103210449, "tot_heu_time": 0.025166988372802734, "raw_solution": [[[1.0, [0, 1, 17, 9, 3, 21], [[[9, 16], 0]]], [1.0, [0, 6, 5, 15, 21], [[[6, 18], 0], [[5, 11], 0], [[15, 14], 0]]], [1.0, [0, 20, 8, 12, 21], [[[8, 2], 0], [[12, 1], 0]]], [1.0, [0, 19, 7, 10, 4, 21], [[[19, 13], 0]]]], [[1.0, [5, 11]], [1.0, [6, 18]], [1.0, [8, 2]], [1.0, [9, 16]], [1.0, [15, 14]], [1.0, [19, 13]]]], "solution": [[[0, 1, 17, 9, 3, 21], [[[9, 16]], []]], [[0, 6, 5, 15, 21], [[[6, 18], [5, 11], [15, 14]], []]], [[0, 20, 8, 12, 21], [[[8, 2]], []]], [[0, 19, 7, 10, 4, 21], [[[19, 13]], []]]], "num_bnb_nodes": 3, "num_bnb_remaining_nodes": 0, "tot_num_gen_cols": 321, "tot_num_labels": 8360, "termination_status": "Optimal"}