{"problem": {"name": "CVS-61-5", "datafile": "problems/ups_tw/CVS-61-5.vrp", "num_cust_nodes": 60, "num_tot_nodes": 62, "Gamma": 2, "t_range": 0.25, "Delta": 2, "d_range": 0.25, "num_drones": 2, "drone_time_multiplier": 1, "drone_cost_multiplier": 1, "flight_limit": 500, "demand_ratio": 0.75}, "timelimit": 600, "num_cpus": 4, "alg": "MIP", "time": 601.9760644435883, "root_LP": 36471.01587219729, "obj": 114976.0, "final_gap": 0.6776836076184107, "global_lb": 37058.64953046553, "num_bnb_nodes": 1682, "num_bnb_remaining_nodes": 1485, "solution": [[[0, 1, 34, 39, 61], [[], []]], [[0, 5, 49, 61], [[], []]], [[0, 7, 6, 3, 61], [[], []]], [[0, 8, 61], [[], []]], [[0, 11, 2, 25, 61], [[[25, 28]], [[25, 21]]]], [[0, 14, 61], [[], []]], [[0, 15, 10, 46, 61], [[], []]], [[0, 19, 55, 58, 54, 61], [[], []]], [[0, 22, 48, 60, 61], [[], []]], [[0, 23, 18, 61], [[], []]], [[0, 30, 57, 16, 61], [[], []]], [[0, 31, 42, 61], [[], []]], [[0, 32, 9, 56, 61], [[[56, 37]], [[56, 13]]]], [[0, 41, 51, 53, 61], [[], []]], [[0, 43, 47, 33, 61], [[], []]], [[0, 45, 27, 17, 36, 61], [[], []]], [[0, 52, 44, 59, 38, 61], [[], []]]], "termination_status": "time limit exceeded"}