{"problem": {"name": "CVS-91-9", "datafile": "problems/ups_tw/CVS-91-9.vrp", "num_cust_nodes": 90, "num_tot_nodes": 92, "Gamma": 2, "t_range": 0.25, "Delta": 2, "d_range": 0.25, "num_drones": 2, "drone_time_multiplier": 1, "drone_cost_multiplier": 1, "flight_limit": 500, "demand_ratio": 0.75}, "timelimit": 600, "num_cpus": 4, "alg": "CG Heuristic", "tot_cg_iterations": 215, "time": 608.4050912857056, "obj": 117823.0, "tot_heu_time": 164.12428426742554, "tot_mp_time": 0.6104068756103516, "tot_sp_time": 442.55069494247437, "tot_sp1_time": 1710.1697254180908, "tot_sp2_time": 22.66449785232544, "raw_solution": [[[1.0, [0, 64, 91], [[[64, 13], 0], [[64, 53], 1], [[64, 66], 1], [[64, 8], 1], [[64, 54], 1]]], [1.0, [0, 84, 91], [[[84, 31], 0], [[84, 34], 1], [[84, 26], 1], [[84, 18], 1]]], [1.0, [0, 86, 91], [[[86, 21], 0], [[86, 28], 1], [[86, 27], 0], [[86, 42], 1], [[86, 37], 0]]], [1.0, [0, 19, 61, 28, 91], [[[19, 49], 0], [[19, 63], 1]]], [1.0, [0, 11, 44, 57, 83, 91], []], [1.0, [0, 35, 7, 89, 17, 91], [[[35, 87], 0], [[89, 53], 0]]], [1.0, [0, 71, 20, 9, 50, 14, 3, 91], []], [1.0, [0, 73, 78, 45, 54, 91], [[[54, 80], 0]]], [1.0000000000000002, [0, 13, 56, 76, 29, 60, 91], []], [1.0, [0, 12, 2, 81, 75, 79, 91], []], [1.0, [0, 22, 41, 58, 65, 16, 4, 46, 91], []], [1.0, [0, 15, 90, 68, 33, 24, 43, 91], []], [1.0, [0, 59, 38, 88, 30, 91], [[[30, 87], 0]]], [1.0, [0, 23, 1, 55, 85, 25, 91], [[[1, 77], 0], [[85, 36], 0]]], [1.0, [0, 32, 10, 48, 39, 91], [[[48, 62], 0]]], [1.0, [0, 72, 70, 69, 26, 74, 91], [[[70, 40], 0], [[70, 52], 1]]], [1.0, [0, 5, 6, 82, 47, 67, 91], [[[6, 51], 0]]]], [[1.0, [1, 77]], [1.0, [6, 51]], [1.0, [19, 49]], [1.0, [19, 63]], [1.0, [35, 87]], [1.0, [48, 62]], [1.0, [54, 80]], [1.0, [64, 8]], [1.0, [64, 66]], [1.0, [70, 40]], [1.0, [70, 52]], [1.0, [84, 18]], [1.0, [84, 31]], [1.0, [84, 34]], [1.0, [85, 36]], [1.0, [86, 21]], [1.0, [86, 27]], [1.0, [86, 37]], [1.0, [86, 42]], [1.0, [89, 53]]]], "solution": [[[0, 64, 91], [[], [[64, 66], [64, 8]]]], [[0, 84, 91], [[[84, 31]], [[84, 34], [84, 18]]]], [[0, 86, 91], [[[86, 21], [86, 27], [86, 37]], [[86, 42]]]], [[0, 19, 61, 28, 91], [[[19, 49]], [[19, 63]]]], [[0, 11, 44, 57, 83, 91], [[], []]], [[0, 35, 7, 89, 17, 91], [[[35, 87], [89, 53]], []]], [[0, 71, 20, 9, 50, 14, 3, 91], [[], []]], [[0, 73, 78, 45, 54, 91], [[[54, 80]], []]], [[0, 13, 56, 76, 29, 60, 91], [[], []]], [[0, 12, 2, 81, 75, 79, 91], [[], []]], [[0, 22, 41, 58, 65, 16, 4, 46, 91], [[], []]], [[0, 15, 90, 68, 33, 24, 43, 91], [[], []]], [[0, 59, 38, 88, 30, 91], [[], []]], [[0, 23, 1, 55, 85, 25, 91], [[[1, 77], [85, 36]], []]], [[0, 32, 10, 48, 39, 91], [[[48, 62]], []]], [[0, 72, 70, 69, 26, 74, 91], [[[70, 40]], [[70, 52]]]], [[0, 5, 6, 82, 47, 67, 91], [[[6, 51]], []]]], "tot_num_gen_cols": 1752, "tot_num_labels": 1983, "tot_num_route_fixes": 50}