{"problem": {"name": "CVS-51-5", "datafile": "problems/ups_tw/CVS-51-5.vrp", "num_cust_nodes": 50, "num_tot_nodes": 52, "Gamma": 2, "t_range": 0.25, "Delta": 2, "d_range": 0.25, "num_drones": 2, "drone_time_multiplier": 1, "drone_cost_multiplier": 1, "flight_limit": 500, "demand_ratio": 0.75}, "timelimit": 600, "num_cpus": 4, "alg": "CG Heuristic", "tot_cg_iterations": 665, "time": 426.4586989879608, "obj": 70734.0, "tot_heu_time": 31.70638632774353, "tot_mp_time": 1.687347173690796, "tot_sp_time": 387.5449380874634, "tot_sp1_time": 1520.6367104053497, "tot_sp2_time": 0.2625083923339844, "raw_solution": [[[1.0, [0, 7, 51], [[[7, 12], 0], [[7, 6], 1], [[7, 3], 0], [[7, 49], 1], [[7, 5], 0]]], [1.0, [0, 37, 51], [[[37, 24], 0], [[37, 13], 1], [[37, 14], 0], [[37, 2], 1], [[37, 18], 0], [[37, 23], 1]]], [1.0, [0, 15, 10, 19, 30, 46, 51], [[[19, 16], 0]]], [1.0, [0, 32, 9, 31, 29, 51], []], [0.9999999999999999, [0, 38, 2, 25, 11, 18, 23, 51], [[[25, 21], 0], [[18, 41], 0]]], [1.0, [0, 17, 36, 27, 4, 45, 40, 51], [[[27, 16], 0]]], [1.0, [0, 44, 33, 47, 43, 51], [[[44, 13], 0], [[44, 21], 1], [[47, 42], 0]]], [1.0, [0, 34, 1, 39, 28, 51], [[[34, 35], 0]]], [1.0, [0, 20, 8, 48, 22, 50, 51], [[[20, 26], 0], [[20, 41], 1]]]], [[1.0, [7, 3]], [1.0, [7, 5]], [1.0, [7, 6]], [1.0, [7, 12]], [1.0, [7, 49]], [0.9999999999999999, [18, 41]], [1.0, [20, 26]], [0.9999999999999999, [25, 21]], [1.0, [27, 16]], [1.0, [34, 35]], [1.0, [37, 14]], [1.0, [37, 24]], [1.0, [44, 13]], [1.0, [47, 42]]]], "solution": [[[0, 7, 51], [[[7, 12], [7, 3], [7, 5]], [[7, 6], [7, 49]]]], [[0, 37, 51], [[[37, 24], [37, 14]], []]], [[0, 15, 10, 19, 30, 46, 51], [[], []]], [[0, 32, 9, 31, 29, 51], [[], []]], [[0, 38, 2, 25, 11, 18, 23, 51], [[[25, 21], [18, 41]], []]], [[0, 17, 36, 27, 4, 45, 40, 51], [[[27, 16]], []]], [[0, 44, 33, 47, 43, 51], [[[44, 13], [47, 42]], []]], [[0, 34, 1, 39, 28, 51], [[[34, 35]], []]], [[0, 20, 8, 48, 22, 50, 51], [[[20, 26]], []]]], "tot_num_gen_cols": 3302, "tot_num_labels": 3294, "tot_num_route_fixes": 205}