{"problem": {"name": "CVS-21-9", "datafile": "problems/ups_tw/CVS-21-9.vrp", "num_cust_nodes": 20, "num_tot_nodes": 22, "Gamma": 2, "t_range": 0.25, "Delta": 2, "d_range": 0.25, "num_drones": 2, "drone_time_multiplier": 1, "drone_cost_multiplier": 1, "flight_limit": 500, "demand_ratio": 0.75}, "timelimit": 3600, "num_cpus": 4, "alg": "BnP", "root_LP": 28458.592592592588, "tot_cg_iterations": 80, "global_lb": 28516.666666666664, "time": 3600.752233982086, "obj": 30208.0, "tot_mp_time": 0.08927440643310547, "tot_sp_time": 3600.258603334427, "tot_sp_heu1_time": 12.996702671051025, "tot_sp_heu2_time": 2511.0862901210785, "tot_sp_exact_time": 1076.1407079696655, "tot_num_sp_heu1": 80, "tot_num_sp_heu2": 70, "tot_num_sp_exact": 15, "tot_sp1_time": 13756.498128652573, "tot_sp2_time": 119.24243426322937, "tot_heu_time": 0.3095710277557373, "raw_solution": [[[1.0, [0, 1, 21], [[[1, 10], 0], [[1, 14], 1]]], [1.0, [0, 17, 9, 3, 21], [[[9, 11], 0], [[9, 20], 1], [[3, 14], 0]]], [1.0, [0, 7, 12, 16, 15, 21], [[[16, 2], 0]]], [1.0, [0, 8, 5, 6, 19, 21], [[[8, 13], 0], [[5, 18], 0], [[19, 4], 0]]]], [[1.0, [1, 10]], [1.0, [3, 14]], [1.0, [5, 18]], [1.0, [8, 13]], [1.0, [9, 11]], [1.0, [9, 20]], [1.0, [16, 2]], [1.0, [19, 4]]]], "solution": [[[0, 1, 21], [[[1, 10]], []]], [[0, 17, 9, 3, 21], [[[9, 11], [3, 14]], [[9, 20]]]], [[0, 7, 12, 16, 15, 21], [[[16, 2]], []]], [[0, 8, 5, 6, 19, 21], [[[8, 13], [5, 18], [19, 4]], []]]], "num_bnb_nodes": 17, "num_bnb_remaining_nodes": 8, "tot_num_gen_cols": 374, "tot_num_labels": 34858517, "termination_status": "Time limit"}