{"problem": {"name": "CVS-71-4", "datafile": "problems/ups_tw/CVS-71-4.vrp", "num_cust_nodes": 70, "num_tot_nodes": 72, "Gamma": 2, "t_range": 0.25, "Delta": 2, "d_range": 0.25, "num_drones": 2, "drone_time_multiplier": 1, "drone_cost_multiplier": 1, "flight_limit": 500, "demand_ratio": 0.75}, "timelimit": 600, "num_cpus": 4, "alg": "MIP", "time": 600.1118533611298, "root_LP": 35289.023651505304, "obj": 106887.0, "final_gap": 0.6496791671412498, "global_lb": 37444.742861773164, "num_bnb_nodes": 1215, "num_bnb_remaining_nodes": 1, "solution": [[[0, 39, 30, 2, 13, 67, 71], [[], [[67, 16]]]], [[0, 42, 7, 8, 35, 71], [[[35, 46]], []]], [[0, 50, 61, 52, 38, 54, 49, 71], [[], []]], [[0, 51, 26, 17, 4, 71], [[], []]], [[0, 55, 20, 41, 43, 71], [[], []]], [[0, 60, 34, 5, 71], [[], []]], [[0, 62, 15, 21, 29, 71], [[], []]], [[0, 63, 33, 71], [[[33, 3]], []]], [[0, 64, 11, 59, 31, 71], [[], []]], [[0, 65, 58, 45, 19, 71], [[], []]], [[0, 68, 14, 9, 24, 10, 71], [[], []]], [[0, 69, 53, 37, 48, 57, 44, 71], [[], []]], [[0, 70, 32, 6, 25, 71], [[], []]]], "termination_status": "time limit exceeded"}