{"problem": {"name": "CVS-91-2", "datafile": "problems/ups_tw/CVS-91-2.vrp", "num_cust_nodes": 90, "num_tot_nodes": 92, "Gamma": 2, "t_range": 0.25, "Delta": 2, "d_range": 0.25, "num_drones": 2, "drone_time_multiplier": 1, "drone_cost_multiplier": 1, "flight_limit": 500, "demand_ratio": 0.75}, "timelimit": 600, "num_cpus": 4, "alg": "CG Heuristic", "tot_cg_iterations": 682, "time": 606.3225374221802, "obj": 120954.0, "tot_heu_time": 313.1973111629486, "tot_mp_time": 3.56972074508667, "tot_sp_time": 284.0049362182617, "tot_sp1_time": 1080.3019123077393, "tot_sp2_time": 14.870710849761963, "raw_solution": [[[1.0, [0, 2, 91], [[[2, 35], 0], [[2, 27], 1], [[2, 37], 0], [[2, 28], 0], [[2, 47], 1], [[2, 3], 0]]], [1.0, [0, 46, 91], [[[46, 31], 0], [[46, 32], 1], [[46, 33], 0], [[46, 8], 1], [[46, 29], 0], [[46, 22], 1]]], [1.0, [0, 63, 91], [[[63, 71], 0], [[63, 18], 1], [[63, 66], 0], [[63, 84], 1], [[63, 48], 0]]], [1.0, [0, 1, 40, 28, 13, 91], [[[13, 44], 0]]], [1.0, [0, 23, 49, 77, 36, 91], [[[77, 26], 0]]], [1.0, [0, 25, 69, 68, 70, 91], [[[70, 47], 0]]], [1.0, [0, 82, 58, 50, 37, 91], [[[82, 41], 0]]], [1.0, [0, 65, 9, 53, 6, 91], [[[53, 10], 0]]], [1.0, [0, 67, 14, 34, 54, 75, 60, 91], []], [1.0, [0, 85, 16, 43, 5, 91], [[[43, 11], 0]]], [1.0, [0, 78, 20, 76, 38, 91], [[[78, 55], 0]]], [1.0, [0, 56, 59, 17, 42, 88, 72, 91], []], [1.0, [0, 89, 30, 24, 39, 91], [[[89, 51], 0], [[89, 56], 1]]], [1.0, [0, 86, 18, 81, 84, 91], [[[86, 64], 0]]], [1.0, [0, 45, 80, 52, 74, 19, 91], [[[74, 57], 0]]], [1.0, [0, 62, 4, 79, 73, 83, 91], [[[4, 61], 0], [[83, 21], 0]]], [1.0, [0, 90, 15, 12, 7, 48, 91], [[[12, 18], 0], [[7, 87], 0]]]], [[1.0, [2, 3]], [1.0, [2, 27]], [1.0, [2, 35]], [1.0, [4, 61]], [1.0, [7, 87]], [1.0, [13, 44]], [1.0, [43, 11]], [1.0, [46, 8]], [1.0, [46, 22]], [1.0, [46, 29]], [1.0, [46, 31]], [1.0, [46, 32]], [1.0, [46, 33]], [1.0, [53, 10]], [1.0, [63, 66]], [1.0, [63, 71]], [1.0, [70, 47]], [1.0, [74, 57]], [1.0, [77, 26]], [1.0, [78, 55]], [1.0, [82, 41]], [1.0, [83, 21]], [1.0, [86, 64]], [1.0, [89, 51]]]], "solution": [[[0, 2, 91], [[[2, 35], [2, 3]], [[2, 27]]]], [[0, 46, 91], [[[46, 31], [46, 33], [46, 29]], [[46, 32], [46, 8], [46, 22]]]], [[0, 63, 91], [[[63, 71], [63, 66]], []]], [[0, 1, 40, 28, 13, 91], [[[13, 44]], []]], [[0, 23, 49, 77, 36, 91], [[[77, 26]], []]], [[0, 25, 69, 68, 70, 91], [[[70, 47]], []]], [[0, 82, 58, 50, 37, 91], [[[82, 41]], []]], [[0, 65, 9, 53, 6, 91], [[[53, 10]], []]], [[0, 67, 14, 34, 54, 75, 60, 91], [[], []]], [[0, 85, 16, 43, 5, 91], [[[43, 11]], []]], [[0, 78, 20, 76, 38, 91], [[[78, 55]], []]], [[0, 56, 59, 17, 42, 88, 72, 91], [[], []]], [[0, 89, 30, 24, 39, 91], [[[89, 51]], []]], [[0, 86, 18, 81, 84, 91], [[[86, 64]], []]], [[0, 45, 80, 52, 74, 19, 91], [[[74, 57]], []]], [[0, 62, 4, 79, 73, 83, 91], [[[4, 61], [83, 21]], []]], [[0, 90, 15, 12, 7, 48, 91], [[[7, 87]], []]]], "tot_num_gen_cols": 2349, "tot_num_labels": 2355, "tot_num_route_fixes": 260}