{"problem": {"name": "CVS-81-4", "datafile": "problems/ups_tw/CVS-81-4.vrp", "num_cust_nodes": 80, "num_tot_nodes": 82, "Gamma": 2, "t_range": 0.25, "Delta": 2, "d_range": 0.25, "num_drones": 2, "drone_time_multiplier": 1, "drone_cost_multiplier": 1, "flight_limit": 500, "demand_ratio": 0.75}, "timelimit": 600, "num_cpus": 4, "alg": "MIP", "time": 600.0819072723389, "root_LP": 31250.434868300086, "obj": 116294.0, "final_gap": 0.7075728480443105, "global_lb": 34007.52320953487, "num_bnb_nodes": 1235, "num_bnb_remaining_nodes": 1, "solution": [[[0, 54, 16, 72, 39, 81], [[], []]], [[0, 62, 15, 21, 3, 29, 81], [[[29, 8]], []]], [[0, 64, 11, 44, 48, 57, 81], [[], []]], [[0, 65, 33, 4, 12, 81], [[], []]], [[0, 66, 55, 23, 81], [[], []]], [[0, 68, 24, 10, 81], [[], []]], [[0, 69, 13, 31, 30, 81], [[], []]], [[0, 70, 6, 32, 36, 45, 81], [[], []]], [[0, 71, 19, 26, 81], [[[26, 22], [26, 47]], []]], [[0, 73, 51, 58, 81], [[], []]], [[0, 75, 61, 81], [[], [[61, 50]]]], [[0, 77, 53, 37, 60, 34, 81], [[[34, 18], [34, 56], [34, 5]], []]], [[0, 78, 63, 41, 43, 81], [[], []]], [[0, 79, 38, 76, 81], [[[76, 52], [76, 49]], [[76, 74]]]], [[0, 80, 28, 42, 46, 35, 81], [[], []]]], "termination_status": "time limit exceeded"}