{"problem": {"name": "CVS-71-9", "datafile": "problems/ups_tw/CVS-71-9.vrp", "num_cust_nodes": 70, "num_tot_nodes": 72, "Gamma": 2, "t_range": 0.25, "Delta": 2, "d_range": 0.25, "num_drones": 2, "drone_time_multiplier": 1, "drone_cost_multiplier": 1, "flight_limit": 500, "demand_ratio": 0.75}, "timelimit": 600, "num_cpus": 4, "alg": "CG Heuristic", "tot_cg_iterations": 779, "time": 601.606855392456, "obj": 93367.0, "tot_heu_time": 212.94014167785645, "tot_mp_time": 3.286259889602661, "tot_sp_time": 377.39613938331604, "tot_sp1_time": 1484.9890689849854, "tot_sp2_time": 1.546478509902954, "raw_solution": [[[1.0, [0, 23, 71], [[[23, 10], 0], [[23, 39], 1], [[23, 32], 0], [[23, 36], 0]]], [1.0, [0, 13, 60, 56, 29, 71], [[[60, 34], 0]]], [1.0, [0, 52, 40, 31, 42, 21, 27, 67, 71], []], [1.0, [0, 28, 61, 24, 63, 71], [[[28, 37], 0], [[28, 47], 1]]], [1.0, [0, 12, 16, 65, 2, 35, 71], [[[16, 33], 0]]], [1.0, [0, 59, 26, 69, 70, 71], [[[26, 18], 0], [[26, 45], 1], [[26, 7], 0], [[26, 13], 0]]], [1.0, [0, 8, 64, 54, 71], [[[8, 18], 0], [[8, 22], 1], [[8, 53], 1], [[8, 66], 0]]], [1.0000000000000004, [0, 48, 50, 14, 17, 71], [[[50, 3], 0]]], [1.0000000000000004, [0, 1, 55, 9, 57, 71], []], [1.0, [0, 5, 6, 38, 71], [[[6, 27], 0], [[6, 51], 1]]], [1.0, [0, 43, 68, 58, 41, 71], [[[43, 30], 0]]], [1.0, [0, 25, 11, 62, 44, 71], [[[44, 20], 0]]], [1.0, [0, 19, 4, 46, 15, 71], [[[19, 49], 0]]]], [[1.0, [6, 51]], [1.0, [8, 22]], [1.0, [8, 53]], [1.0, [8, 66]], [1.0, [16, 33]], [1.0, [19, 49]], [1.0, [23, 10]], [1.0, [23, 32]], [1.0, [23, 36]], [1.0, [23, 39]], [1.0, [26, 7]], [1.0, [26, 18]], [1.0, [26, 45]], [1.0, [28, 37]], [1.0, [28, 47]], [1.0, [43, 30]], [1.0, [44, 20]], [1.0000000000000004, [50, 3]], [1.0, [60, 34]]]], "solution": [[[0, 23, 71], [[[23, 10], [23, 32], [23, 36]], [[23, 39]]]], [[0, 13, 60, 56, 29, 71], [[[60, 34]], []]], [[0, 52, 40, 31, 42, 21, 27, 67, 71], [[], []]], [[0, 28, 61, 24, 63, 71], [[[28, 37]], [[28, 47]]]], [[0, 12, 16, 65, 2, 35, 71], [[[16, 33]], []]], [[0, 59, 26, 69, 70, 71], [[[26, 18], [26, 7]], [[26, 45]]]], [[0, 8, 64, 54, 71], [[[8, 66]], [[8, 22], [8, 53]]]], [[0, 48, 50, 14, 17, 71], [[[50, 3]], []]], [[0, 1, 55, 9, 57, 71], [[], []]], [[0, 5, 6, 38, 71], [[], [[6, 51]]]], [[0, 43, 68, 58, 41, 71], [[[43, 30]], []]], [[0, 25, 11, 62, 44, 71], [[[44, 20]], []]], [[0, 19, 4, 46, 15, 71], [[[19, 49]], []]]], "tot_num_gen_cols": 2393, "tot_num_labels": 3040, "tot_num_route_fixes": 328}