{"problem": {"name": "CVS-41-1", "datafile": "problems/ups_tw/CVS-41-1.vrp", "num_cust_nodes": 40, "num_tot_nodes": 42, "Gamma": 2, "t_range": 0.25, "Delta": 2, "d_range": 0.25, "num_drones": 2, "drone_time_multiplier": 1, "drone_cost_multiplier": 1, "flight_limit": 500, "demand_ratio": 0.75}, "timelimit": 600, "num_cpus": 4, "alg": "MIP", "time": 601.8604784011841, "root_LP": 30399.912576352937, "obj": 62372.0, "final_gap": 0.4883973319778318, "global_lb": 31909.681609878626, "num_bnb_nodes": 16437, "num_bnb_remaining_nodes": 13602, "solution": [[[0, 8, 20, 10, 41], [[], []]], [[0, 12, 38, 29, 27, 14, 41], [[[14, 3]], []]], [[0, 15, 36, 26, 41], [[[26, 16]], []]], [[0, 18, 6, 41], [[[6, 23]], [[6, 1]]]], [[0, 30, 9, 5, 41], [[], [[5, 13]]]], [[0, 32, 25, 41], [[], []]], [[0, 34, 17, 22, 37, 41], [[[37, 4]], []]], [[0, 40, 31, 2, 41], [[[2, 39]], [[2, 21]]]]], "termination_status": "time limit exceeded"}