{"problem": {"name": "CVS-91-10", "datafile": "problems/ups_tw/CVS-91-10.vrp", "num_cust_nodes": 90, "num_tot_nodes": 92, "Gamma": 2, "t_range": 0.25, "Delta": 2, "d_range": 0.25, "num_drones": 2, "drone_time_multiplier": 1, "drone_cost_multiplier": 1, "flight_limit": 500, "demand_ratio": 0.75}, "timelimit": 600, "num_cpus": 4, "alg": "MIP", "time": 600.2966275215149, "root_LP": 37777.57045382333, "obj": 190903.0, "final_gap": 0.7983843106907326, "global_lb": 38489.03993620699, "num_bnb_nodes": 460, "num_bnb_remaining_nodes": 448, "solution": [[[0, 7, 46, 32, 47, 91], [[], []]], [[0, 8, 91], [[], []]], [[0, 11, 59, 91], [[], []]], [[0, 12, 37, 23, 91], [[], []]], [[0, 17, 83, 56, 79, 36, 77, 91], [[], []]], [[0, 29, 15, 35, 9, 91], [[], [[9, 72]]]], [[0, 31, 91], [[], []]], [[0, 34, 91], [[], []]], [[0, 38, 45, 91], [[], []]], [[0, 41, 89, 91], [[], []]], [[0, 43, 60, 5, 91], [[[5, 74], [5, 49]], []]], [[0, 50, 13, 42, 2, 91], [[], []]], [[0, 52, 91], [[], []]], [[0, 53, 71, 24, 80, 40, 91], [[], []]], [[0, 54, 91], [[], []]], [[0, 62, 91], [[], []]], [[0, 63, 91], [[], [[63, 76]]]], [[0, 64, 91], [[], []]], [[0, 65, 39, 91], [[[39, 27]], []]], [[0, 67, 21, 1, 30, 10, 19, 78, 91], [[], []]], [[0, 68, 6, 91], [[], []]], [[0, 69, 14, 55, 91], [[], []]], [[0, 70, 57, 26, 16, 91], [[], []]], [[0, 75, 73, 58, 91], [[], []]], [[0, 81, 44, 91], [[], []]], [[0, 84, 28, 51, 82, 91], [[], []]], [[0, 85, 91], [[], []]], [[0, 87, 20, 25, 3, 91], [[], [[3, 86]]]], [[0, 88, 48, 61, 91], [[], []]], [[0, 90, 18, 66, 91], [[], []]]], "termination_status": "time limit exceeded"}