{"problem": {"name": "CVS-51-5", "datafile": "problems/ups_tw/CVS-51-5.vrp", "num_cust_nodes": 50, "num_tot_nodes": 52, "Gamma": 2, "t_range": 0.25, "Delta": 2, "d_range": 0.25, "num_drones": 2, "drone_time_multiplier": 1, "drone_cost_multiplier": 1, "flight_limit": 500, "demand_ratio": 0.75}, "timelimit": 600, "num_cpus": 4, "alg": "MIP", "time": 600.1089468002319, "root_LP": 28703.037636191628, "obj": 70453.0, "final_gap": 0.5627858992621785, "global_lb": 30803.04503928169, "num_bnb_nodes": 10368, "num_bnb_remaining_nodes": 8927, "solution": [[[0, 5, 7, 3, 51], [[], [[3, 6]]]], [[0, 9, 31, 29, 51], [[[29, 44]], []]], [[0, 15, 51], [[[15, 32]], [[15, 40]]]], [[0, 17, 36, 45, 51], [[], [[45, 4], [45, 16], [45, 27]]]], [[0, 19, 30, 46, 51], [[[46, 10]], []]], [[0, 25, 11, 18, 23, 51], [[], []]], [[0, 28, 48, 8, 22, 51], [[], []]], [[0, 38, 43, 51], [[[43, 47], [43, 33]], []]], [[0, 42, 37, 51], [[], [[37, 26], [37, 14], [37, 24], [37, 41]]]], [[0, 49, 35, 34, 1, 39, 51], [[[39, 50]], []]]], "termination_status": "time limit exceeded"}