{"problem": {"name": "CVS-91-2", "datafile": "problems/ups_tw/CVS-91-2.vrp", "num_cust_nodes": 90, "num_tot_nodes": 92, "Gamma": 2, "t_range": 0.25, "Delta": 2, "d_range": 0.25, "num_drones": 2, "drone_time_multiplier": 1, "drone_cost_multiplier": 1, "flight_limit": 500, "demand_ratio": 0.75}, "timelimit": 600, "num_cpus": 4, "alg": "MIP", "time": 600.4988071918488, "root_LP": 50184.28878187854, "obj": 166265.0, "final_gap": 0.6955222687803949, "global_lb": 50623.98998122758, "num_bnb_nodes": 57, "num_bnb_remaining_nodes": 58, "solution": [[[0, 1, 27, 40, 2, 91], [[], []]], [[0, 4, 73, 66, 78, 20, 91], [[], []]], [[0, 11, 43, 39, 91], [[[39, 5]], [[39, 44]]]], [[0, 15, 10, 84, 91], [[], []]], [[0, 17, 42, 88, 72, 91], [[], []]], [[0, 25, 69, 68, 47, 91], [[[47, 70]], []]], [[0, 28, 13, 91], [[], []]], [[0, 37, 50, 53, 6, 91], [[], []]], [[0, 41, 91], [[], []]], [[0, 45, 8, 74, 19, 91], [[], []]], [[0, 46, 22, 91], [[[22, 31]], [[22, 59], [22, 32], [22, 33]]]], [[0, 51, 30, 24, 3, 91], [[], []]], [[0, 56, 52, 91], [[], []]], [[0, 62, 29, 57, 91], [[], []]], [[0, 64, 54, 34, 91], [[], []]], [[0, 67, 26, 12, 87, 63, 91], [[], []]], [[0, 75, 77, 36, 49, 91], [[], []]], [[0, 79, 18, 81, 91], [[[81, 7], [81, 48]], []]], [[0, 82, 9, 65, 91], [[], [[65, 38]]]], [[0, 85, 16, 91], [[], []]], [[0, 86, 76, 91], [[], [[76, 23]]]], [[0, 89, 91], [[], []]], [[0, 90, 83, 91], [[], []]]], "termination_status": "time limit exceeded"}