{"problem": {"name": "CVS-61-5", "datafile": "problems/ups_tw/CVS-61-5.vrp", "num_cust_nodes": 60, "num_tot_nodes": 62, "Gamma": 2, "t_range": 0.25, "Delta": 2, "d_range": 0.25, "num_drones": 2, "drone_time_multiplier": 1, "drone_cost_multiplier": 1, "flight_limit": 500, "demand_ratio": 0.75}, "timelimit": 600, "num_cpus": 4, "alg": "CG Heuristic", "tot_cg_iterations": 311, "time": 141.08657383918762, "obj": 85604.0, "tot_heu_time": 13.201736450195312, "tot_mp_time": 0.5756893157958984, "tot_sp_time": 125.69834899902344, "tot_sp1_time": 496.5498926639557, "tot_sp2_time": 1.345973253250122, "raw_solution": [[[1.0, [0, 7, 61], [[[7, 12], 0], [[7, 3], 1], [[7, 5], 1], [[7, 6], 0], [[7, 49], 1]]], [1.0, [0, 35, 61], [[[35, 1], 0], [[35, 22], 1], [[35, 25], 0], [[35, 34], 1], [[35, 28], 0], [[35, 8], 1]]], [1.0, [0, 30, 19, 58, 55, 46, 61], []], [1.0, [0, 31, 53, 51, 41, 37, 61], []], [1.0, [0, 33, 47, 43, 38, 61], [[[47, 13], 0]]], [1.0, [0, 54, 16, 57, 10, 61], []], [1.0, [0, 11, 20, 2, 23, 61], []], [1.0, [0, 15, 17, 45, 27, 4, 36, 40, 61], []], [1.0, [0, 32, 9, 24, 13, 56, 61], [[[24, 26], 0]]], [1.0, [0, 50, 39, 48, 28, 60, 25, 18, 61], []], [1.0, [0, 52, 44, 59, 61], [[[44, 29], 0], [[44, 14], 1], [[59, 21], 0], [[59, 42], 1]]]], [[1.0, [7, 3]], [1.0, [7, 5]], [1.0, [7, 6]], [1.0, [7, 12]], [1.0, [7, 49]], [1.0, [24, 26]], [1.0, [35, 1]], [1.0, [35, 8]], [1.0, [35, 22]], [1.0, [35, 34]], [1.0, [44, 14]], [1.0, [44, 29]], [1.0, [59, 21]], [1.0, [59, 42]]]], "solution": [[[0, 7, 61], [[[7, 12], [7, 6]], [[7, 3], [7, 5], [7, 49]]]], [[0, 35, 61], [[[35, 1]], [[35, 22], [35, 34], [35, 8]]]], [[0, 30, 19, 58, 55, 46, 61], [[], []]], [[0, 31, 53, 51, 41, 37, 61], [[], []]], [[0, 33, 47, 43, 38, 61], [[], []]], [[0, 54, 16, 57, 10, 61], [[], []]], [[0, 11, 20, 2, 23, 61], [[], []]], [[0, 15, 17, 45, 27, 4, 36, 40, 61], [[], []]], [[0, 32, 9, 24, 13, 56, 61], [[[24, 26]], []]], [[0, 50, 39, 48, 28, 60, 25, 18, 61], [[], []]], [[0, 52, 44, 59, 61], [[[44, 29], [59, 21]], [[44, 14], [59, 42]]]]], "tot_num_gen_cols": 1624, "tot_num_labels": 1632, "tot_num_route_fixes": 102}