{"problem": {"name": "CVS-71-7", "datafile": "problems/ups_tw/CVS-71-7.vrp", "num_cust_nodes": 70, "num_tot_nodes": 72, "Gamma": 2, "t_range": 0.25, "Delta": 2, "d_range": 0.25, "num_drones": 2, "drone_time_multiplier": 1, "drone_cost_multiplier": 1, "flight_limit": 500, "demand_ratio": 0.75}, "timelimit": 600, "num_cpus": 4, "alg": "CG Heuristic", "tot_cg_iterations": 460, "time": 274.4112422466278, "obj": 104646.0, "tot_heu_time": 74.2886734008789, "tot_mp_time": 1.2577002048492432, "tot_sp_time": 195.46958923339844, "tot_sp1_time": 598.5741617679596, "tot_sp2_time": 101.09969329833984, "raw_solution": [[[1.0, [0, 7, 71], [[[7, 31], 0], [[7, 36], 1], [[7, 24], 0], [[7, 21], 1], [[7, 30], 0]]], [1.0, [0, 13, 71], [[[13, 19], 0], [[13, 62], 1], [[13, 34], 1], [[13, 26], 0]]], [1.0, [0, 20, 71], [[[20, 14], 0], [[20, 15], 1], [[20, 42], 0], [[20, 37], 0], [[20, 47], 1]]], [1.0, [0, 68, 71], [[[68, 22], 0], [[68, 1], 1], [[68, 32], 1], [[68, 12], 1], [[68, 16], 1], [[68, 39], 0]]], [1.0, [0, 47, 2, 52, 25, 71], [[[25, 40], 0]]], [1.0, [0, 55, 43, 41, 71], [[[43, 36], 0], [[41, 50], 0], [[41, 58], 1]]], [1.0, [0, 3, 53, 39, 71], [[[3, 70], 0]]], [1.0, [0, 38, 9, 17, 16, 71], [[[16, 69], 0]]], [1.0, [0, 37, 54, 48, 8, 71], [[[37, 61], 0], [[8, 27], 0]]], [1.0, [0, 11, 59, 33, 5, 35, 71], [[[35, 23], 0]]], [1.0, [0, 28, 60, 4, 71], [[[28, 51], 0], [[4, 56], 0]]], [1.0, [0, 63, 46, 49, 45, 71], [[[46, 10], 0], [[49, 64], 0]]], [1.0, [0, 6, 29, 57, 18, 71], [[[18, 42], 0]]], [1.0, [0, 42, 67, 44, 66, 65, 71], [[[67, 1], 0], [[66, 22], 0]]]], [[1.0, [3, 70]], [1.0, [4, 56]], [1.0, [7, 21]], [1.0, [7, 24]], [1.0, [7, 30]], [1.0, [7, 31]], [1.0, [8, 27]], [1.0, [13, 19]], [1.0, [13, 26]], [1.0, [13, 34]], [1.0, [13, 62]], [1.0, [16, 69]], [1.0, [20, 14]], [1.0, [20, 15]], [1.0, [25, 40]], [1.0, [28, 51]], [1.0, [35, 23]], [1.0, [37, 61]], [1.0, [41, 50]], [1.0, [41, 58]], [1.0, [43, 36]], [1.0, [46, 10]], [1.0, [49, 64]], [1.0, [67, 1]], [1.0, [68, 12]], [1.0, [68, 22]], [1.0, [68, 32]]]], "solution": [[[0, 7, 71], [[[7, 31], [7, 24], [7, 30]], [[7, 21]]]], [[0, 13, 71], [[[13, 19], [13, 26]], [[13, 62], [13, 34]]]], [[0, 20, 71], [[[20, 14]], [[20, 15]]]], [[0, 68, 71], [[[68, 22]], [[68, 32], [68, 12]]]], [[0, 47, 2, 52, 25, 71], [[[25, 40]], []]], [[0, 55, 43, 41, 71], [[[43, 36], [41, 50]], [[41, 58]]]], [[0, 3, 53, 39, 71], [[[3, 70]], []]], [[0, 38, 9, 17, 16, 71], [[[16, 69]], []]], [[0, 37, 54, 48, 8, 71], [[[37, 61], [8, 27]], []]], [[0, 11, 59, 33, 5, 35, 71], [[[35, 23]], []]], [[0, 28, 60, 4, 71], [[[28, 51], [4, 56]], []]], [[0, 63, 46, 49, 45, 71], [[[46, 10], [49, 64]], []]], [[0, 6, 29, 57, 18, 71], [[], []]], [[0, 42, 67, 44, 66, 65, 71], [[[67, 1]], []]]], "tot_num_gen_cols": 1408, "tot_num_labels": 1020, "tot_num_route_fixes": 229}