{"problem": {"name": "CVS-51-8", "datafile": "problems/ups_tw/CVS-51-8.vrp", "num_cust_nodes": 50, "num_tot_nodes": 52, "Gamma": 2, "t_range": 0.25, "Delta": 2, "d_range": 0.25, "num_drones": 2, "drone_time_multiplier": 1, "drone_cost_multiplier": 1, "flight_limit": 500, "demand_ratio": 0.75}, "timelimit": 600, "num_cpus": 4, "alg": "MIP", "time": 600.0322442054749, "root_LP": 42352.80283197684, "obj": 95371.0, "final_gap": 0.5250039591501745, "global_lb": 45300.84741188866, "num_bnb_nodes": 6279, "num_bnb_remaining_nodes": 3742, "solution": [[[0, 3, 18, 42, 46, 51], [[], []]], [[0, 6, 48, 14, 51], [[[14, 44]], []]], [[0, 7, 51], [[], [[7, 1]]]], [[0, 8, 32, 16, 2, 51], [[], []]], [[0, 17, 51], [[[17, 50]], [[17, 25]]]], [[0, 24, 49, 4, 22, 5, 51], [[], []]], [[0, 27, 15, 39, 28, 51], [[], []]], [[0, 30, 11, 51], [[], []]], [[0, 36, 21, 38, 51], [[], [[38, 9]]]], [[0, 37, 26, 47, 51], [[[47, 10]], []]], [[0, 40, 33, 51], [[], []]], [[0, 43, 34, 51], [[], []]]], "termination_status": "time limit exceeded"}