{"problem": {"name": "CVS-51-10", "datafile": "problems/ups_tw/CVS-51-10.vrp", "num_cust_nodes": 50, "num_tot_nodes": 52, "Gamma": 2, "t_range": 0.25, "Delta": 2, "d_range": 0.25, "num_drones": 2, "drone_time_multiplier": 1, "drone_cost_multiplier": 1, "flight_limit": 500, "demand_ratio": 0.75}, "timelimit": 600, "num_cpus": 4, "alg": "MIP", "time": 600.0155832767487, "root_LP": 30900.70489658705, "obj": 78036.0, "final_gap": 0.5634495873977976, "global_lb": 34066.64799782541, "num_bnb_nodes": 7697, "num_bnb_remaining_nodes": 6020, "solution": [[[0, 7, 46, 47, 32, 51], [[[32, 6]], []]], [[0, 9, 35, 29, 51], [[], [[29, 15]]]], [[0, 13, 42, 21, 2, 51], [[], []]], [[0, 14, 4, 34, 3, 51], [[], []]], [[0, 18, 45, 38, 51], [[], []]], [[0, 22, 25, 50, 16, 51], [[[16, 20]], []]], [[0, 23, 37, 12, 51], [[], []]], [[0, 27, 39, 26, 48, 51], [[], []]], [[0, 28, 43, 51], [[[43, 1], [43, 49], [43, 10]], []]], [[0, 30, 19, 24, 40, 51], [[], []]], [[0, 44, 31, 51], [[[31, 41]], [[31, 36]]]]], "termination_status": "time limit exceeded"}