{"problem": {"name": "CVS-81-6", "datafile": "problems/ups_tw/CVS-81-6.vrp", "num_cust_nodes": 80, "num_tot_nodes": 82, "Gamma": 2, "t_range": 0.25, "Delta": 2, "d_range": 0.25, "num_drones": 2, "drone_time_multiplier": 1, "drone_cost_multiplier": 1, "flight_limit": 500, "demand_ratio": 0.75}, "timelimit": 600, "num_cpus": 4, "alg": "MIP", "time": 600.1358525753021, "root_LP": 46940.46503043063, "obj": 220700.0, "final_gap": 0.7873109876283158, "global_lb": 46940.465030430634, "num_bnb_nodes": 0, "num_bnb_remaining_nodes": 1, "solution": [[[0, 1, 81], [[], []]], [[0, 3, 52, 16, 81], [[], []]], [[0, 5, 47, 14, 81], [[], []]], [[0, 6, 81], [[], []]], [[0, 7, 49, 68, 74, 81], [[], []]], [[0, 8, 71, 81], [[], []]], [[0, 10, 64, 80, 19, 81], [[], []]], [[0, 11, 81], [[], []]], [[0, 13, 12, 81], [[[12, 66]], []]], [[0, 15, 76, 4, 81], [[], []]], [[0, 20, 81], [[], []]], [[0, 21, 81], [[], []]], [[0, 24, 79, 53, 81], [[], []]], [[0, 25, 9, 55, 81], [[], []]], [[0, 26, 81], [[], []]], [[0, 28, 18, 78, 81], [[], []]], [[0, 29, 81], [[], []]], [[0, 31, 75, 22, 30, 81], [[], []]], [[0, 32, 81], [[], []]], [[0, 34, 81], [[], []]], [[0, 35, 81], [[], []]], [[0, 36, 81], [[], []]], [[0, 37, 81], [[], []]], [[0, 38, 40, 81], [[[40, 45], [40, 58]], []]], [[0, 39, 62, 23, 46, 81], [[], []]], [[0, 43, 57, 27, 81], [[], []]], [[0, 56, 44, 60, 50, 81], [[], []]], [[0, 61, 77, 81], [[], []]], [[0, 63, 81], [[], []]], [[0, 65, 51, 81], [[], []]], [[0, 67, 48, 81], [[], []]], [[0, 69, 81], [[[69, 33]], []]], [[0, 70, 54, 81], [[], [[54, 41], [54, 2]]]], [[0, 72, 81], [[], []]]], "termination_status": "time limit exceeded"}