{"problem": {"name": "CVS-81-4", "datafile": "problems/ups_tw/CVS-81-4.vrp", "num_cust_nodes": 80, "num_tot_nodes": 82, "Gamma": 2, "t_range": 0.25, "Delta": 2, "d_range": 0.25, "num_drones": 2, "drone_time_multiplier": 1, "drone_cost_multiplier": 1, "flight_limit": 500, "demand_ratio": 0.75}, "timelimit": 600, "num_cpus": 4, "alg": "CG Heuristic", "tot_cg_iterations": 141, "time": 601.0249757766724, "obj": 103852.99999943541, "tot_heu_time": 12.335893154144287, "tot_mp_time": 0.26709961891174316, "tot_sp_time": 587.7929294109344, "tot_sp1_time": 2327.7984580993652, "tot_sp2_time": 0.10978865623474121, "raw_solution": [[[1.0000000005757577, [0, 35, 81], [[[35, 42], 0], [[35, 10], 1], [[35, 46], 1], [[35, 8], 0], [[35, 21], 1], [[35, 49], 0]]], [1.0, [0, 69, 81], [[[69, 11], 0], [[69, 13], 1], [[69, 5], 0], [[69, 2], 1], [[69, 18], 1], [[69, 30], 0]]], [1.0, [0, 72, 81], [[[72, 13], 0], [[72, 50], 1], [[72, 2], 1], [[72, 39], 0], [[72, 40], 0], [[72, 16], 1]]], [1.0, [0, 7, 20, 23, 80, 55, 28, 81], []], [1.0, [0, 9, 14, 68, 24, 10, 81], []], [1.0, [0, 29, 62, 15, 3, 21, 81], [[[29, 66], 0]]], [1.0, [0, 70, 58, 73, 51, 26, 81], []], [1.0, [0, 75, 53, 77, 37, 76, 81], [[[76, 74], 0]]], [1.0, [0, 44, 48, 57, 5, 60, 34, 18, 61, 81], [[[18, 56], 0]]], [1.0, [0, 67, 59, 31, 64, 54, 81], []], [1.0, [0, 65, 71, 45, 19, 81], []], [1.0000000005757577, [0, 78, 41, 43, 63, 1, 81], [[[63, 22], 0]]], [1.0, [0, 33, 4, 47, 12, 81], [[[47, 17], 0], [[12, 27], 0]]], [1.0, [0, 52, 38, 79, 36, 25, 6, 32, 81], []]], [[1.0, [12, 27]], [1.000000001318182, [18, 56]], [1.0, [29, 66]], [1.0000000005757577, [35, 8]], [1.0000000005757577, [35, 42]], [1.0000000005757577, [35, 46]], [1.0000000005757577, [35, 49]], [1.0, [47, 17]], [1.0000000005757577, [63, 22]], [1.000000001, [69, 2]], [1.0, [69, 11]], [1.0, [69, 13]], [1.0, [69, 30]], [1.0, [72, 16]], [1.000000001, [72, 39]], [1.0, [72, 40]], [1.0, [72, 50]], [1.0, [76, 74]]]], "solution": [[[0, 35, 81], [[[35, 42], [35, 8], [35, 49]], [[35, 46]]]], [[0, 69, 81], [[[69, 11], [69, 30]], [[69, 13], [69, 2]]]], [[0, 72, 81], [[[72, 39], [72, 40]], [[72, 50], [72, 16]]]], [[0, 7, 20, 23, 80, 55, 28, 81], [[], []]], [[0, 9, 14, 68, 24, 10, 81], [[], []]], [[0, 29, 62, 15, 3, 21, 81], [[[29, 66]], []]], [[0, 70, 58, 73, 51, 26, 81], [[], []]], [[0, 75, 53, 77, 37, 76, 81], [[[76, 74]], []]], [[0, 44, 48, 57, 5, 60, 34, 18, 61, 81], [[[18, 56]], []]], [[0, 67, 59, 31, 64, 54, 81], [[], []]], [[0, 65, 71, 45, 19, 81], [[], []]], [[0, 78, 41, 43, 63, 1, 81], [[[63, 22]], []]], [[0, 33, 4, 47, 12, 81], [[[47, 17], [12, 27]], []]], [[0, 52, 38, 79, 36, 25, 6, 32, 81], [[], []]]], "tot_num_gen_cols": 1891, "tot_num_labels": 2113, "tot_num_route_fixes": 28}