{"problem": {"name": "CVS-51-1", "datafile": "problems/ups_tw/CVS-51-1.vrp", "num_cust_nodes": 50, "num_tot_nodes": 52, "Gamma": 2, "t_range": 0.25, "Delta": 2, "d_range": 0.25, "num_drones": 2, "drone_time_multiplier": 1, "drone_cost_multiplier": 1, "flight_limit": 500, "demand_ratio": 0.75}, "timelimit": 600, "num_cpus": 4, "alg": "MIP", "time": 600.0307421684265, "root_LP": 56706.04309003244, "obj": 78710.0, "final_gap": 0.2498186629902547, "global_lb": 59046.773036037026, "num_bnb_nodes": 18072, "num_bnb_remaining_nodes": 12666, "solution": [[[0, 7, 20, 8, 51], [[[8, 16]], [[8, 26]]]], [[0, 12, 5, 51], [[[5, 13]], []]], [[0, 18, 51], [[[18, 40], [18, 6]], [[18, 42], [18, 44]]]], [[0, 21, 43, 51], [[[43, 31]], []]], [[0, 25, 37, 22, 51], [[], []]], [[0, 28, 29, 38, 51], [[[38, 14]], []]], [[0, 33, 10, 15, 51], [[], []]], [[0, 34, 39, 17, 51], [[], [[17, 24]]]], [[0, 41, 45, 51], [[[45, 49]], []]], [[0, 47, 51], [[[47, 30]], [[47, 9], [47, 19]]]], [[0, 48, 1, 51], [[[1, 23]], [[1, 35]]]]], "termination_status": "time limit exceeded"}