{"problem": {"name": "CVS-61-10", "datafile": "problems/ups_tw/CVS-61-10.vrp", "num_cust_nodes": 60, "num_tot_nodes": 62, "Gamma": 2, "t_range": 0.25, "Delta": 2, "d_range": 0.25, "num_drones": 2, "drone_time_multiplier": 1, "drone_cost_multiplier": 1, "flight_limit": 500, "demand_ratio": 0.75}, "timelimit": 600, "num_cpus": 4, "alg": "MIP", "time": 600.1363735198975, "root_LP": 24048.640185693985, "obj": 101525.0, "final_gap": 0.7537861124732254, "global_lb": 24996.864931155716, "num_bnb_nodes": 1176, "num_bnb_remaining_nodes": 1, "solution": [[[0, 5, 60, 43, 61], [[[43, 49]], []]], [[0, 7, 61], [[[7, 6]], []]], [[0, 10, 19, 28, 61], [[], []]], [[0, 11, 59, 61], [[], []]], [[0, 16, 36, 56, 26, 27, 61], [[], []]], [[0, 18, 45, 38, 1, 30, 61], [[], [[30, 54]]]], [[0, 23, 37, 12, 61], [[], []]], [[0, 29, 15, 35, 9, 61], [[], []]], [[0, 32, 46, 47, 61], [[], []]], [[0, 40, 24, 61], [[], [[24, 53]]]], [[0, 42, 13, 2, 61], [[], []]], [[0, 44, 55, 4, 14, 34, 22, 61], [[], []]], [[0, 48, 3, 39, 25, 61], [[], []]], [[0, 57, 50, 8, 61], [[], [[8, 31]]]]], "termination_status": "time limit exceeded"}