{"problem": {"name": "CVS-81-3", "datafile": "problems/ups_tw/CVS-81-3.vrp", "num_cust_nodes": 80, "num_tot_nodes": 82, "Gamma": 2, "t_range": 0.25, "Delta": 2, "d_range": 0.25, "num_drones": 2, "drone_time_multiplier": 1, "drone_cost_multiplier": 1, "flight_limit": 500, "demand_ratio": 0.75}, "timelimit": 600, "num_cpus": 4, "alg": "CG Heuristic", "tot_cg_iterations": 4, "time": 722.4162647724152, "obj": 136256.0, "tot_heu_time": 0.2341141700744629, "tot_mp_time": 0.012128114700317383, "tot_sp_time": 722.1517190933228, "tot_sp1_time": 19.852424144744873, "tot_sp2_time": 740.3507649898529, "raw_solution": [[[1.0, [0, 4, 81], [[[4, 16], 0], [[4, 3], 1], [[4, 14], 0], [[4, 17], 1], [[4, 12], 0]]], [1.0, [0, 21, 81], [[[21, 15], 0], [[21, 2], 1], [[21, 3], 0], [[21, 14], 0], [[21, 9], 0]]], [1.0, [0, 24, 81], [[[24, 8], 0], [[24, 33], 1], [[24, 22], 1], [[24, 11], 0], [[24, 6], 1]]], [1.0, [0, 53, 81], [[[53, 25], 0], [[53, 33], 1], [[53, 11], 1], [[53, 18], 0], [[53, 27], 1]]], [1.0, [0, 57, 81], [[[57, 39], 0], [[57, 10], 1], [[57, 34], 0], [[57, 25], 1], [[57, 35], 1], [[57, 37], 1]]], [1.0, [0, 58, 81], [[[58, 4], 0], [[58, 3], 1], [[58, 14], 1], [[58, 1], 1], [[58, 9], 0]]], [1.0, [0, 62, 81], [[[62, 47], 0], [[62, 60], 1], [[62, 23], 0], [[62, 38], 0], [[62, 44], 0]]], [1.0, [0, 63, 81], [[[63, 52], 0], [[63, 50], 1], [[63, 13], 1], [[63, 23], 1], [[63, 38], 1]]], [1.0, [0, 69, 81], [[[69, 47], 0], [[69, 60], 1], [[69, 72], 0], [[69, 5], 0], [[69, 7], 1]]], [1.0, [0, 80, 81], [[[80, 31], 0], [[80, 78], 1]]], [1.0, [0, 26, 75, 40, 36, 42, 70, 81], []], [1.0, [0, 48, 35, 55, 81], [[[48, 68], 0], [[48, 75], 1], [[48, 71], 1], [[48, 79], 0], [[48, 76], 0]]], [1.0, [0, 43, 45, 29, 67, 65, 81], []], [1.0, [0, 11, 76, 73, 61, 8, 81], [[[73, 18], 0]]], [1.0, [0, 34, 74, 54, 32, 81], []], [1.0, [0, 33, 59, 77, 49, 81], []], [1.0, [0, 64, 23, 41, 72, 30, 81], []], [1.0, [0, 46, 66, 19, 81], [[[46, 60], 0]]], [1.0, [0, 71, 51, 28, 79, 81], [[[71, 20], 0], [[71, 56], 1]]]], [[1.0, [4, 12]], [1.0, [4, 16]], [1.0, [4, 17]], [1.0, [21, 2]], [1.0, [21, 3]], [1.0, [21, 9]], [1.0, [21, 15]], [1.0, [24, 6]], [1.0, [24, 22]], [1.0, [48, 68]], [1.0, [53, 27]], [1.0, [57, 10]], [1.0, [57, 25]], [1.0, [57, 37]], [1.0, [57, 39]], [1.0, [58, 1]], [1.0, [58, 14]], [1.0, [62, 38]], [1.0, [62, 44]], [1.0, [63, 13]], [1.0, [63, 50]], [1.0, [63, 52]], [1.0, [69, 5]], [1.0, [69, 7]], [1.0, [69, 47]], [1.0, [69, 60]], [1.0, [71, 20]], [1.0, [71, 56]], [1.0, [73, 18]], [1.0, [80, 31]], [1.0, [80, 78]]]], "solution": [[[0, 4, 81], [[[4, 16], [4, 12]], [[4, 17]]]], [[0, 21, 81], [[[21, 15], [21, 3], [21, 9]], [[21, 2]]]], [[0, 24, 81], [[], [[24, 22], [24, 6]]]], [[0, 53, 81], [[], [[53, 27]]]], [[0, 57, 81], [[[57, 39]], [[57, 10], [57, 25], [57, 37]]]], [[0, 58, 81], [[], [[58, 14], [58, 1]]]], [[0, 62, 81], [[[62, 38], [62, 44]], []]], [[0, 63, 81], [[[63, 52]], [[63, 50], [63, 13]]]], [[0, 69, 81], [[[69, 47], [69, 5]], [[69, 60], [69, 7]]]], [[0, 80, 81], [[[80, 31]], [[80, 78]]]], [[0, 26, 75, 40, 36, 42, 70, 81], [[], []]], [[0, 48, 35, 55, 81], [[[48, 68]], []]], [[0, 43, 45, 29, 67, 65, 81], [[], []]], [[0, 11, 76, 73, 61, 8, 81], [[[73, 18]], []]], [[0, 34, 74, 54, 32, 81], [[], []]], [[0, 33, 59, 77, 49, 81], [[], []]], [[0, 64, 23, 41, 72, 30, 81], [[], []]], [[0, 46, 66, 19, 81], [[], []]], [[0, 71, 51, 28, 79, 81], [[[71, 20]], [[71, 56]]]]], "tot_num_gen_cols": 329, "tot_num_labels": 279, "tot_num_route_fixes": 0}