{"problem": {"name": "CVS-91-8", "datafile": "problems/ups_tw/CVS-91-8.vrp", "num_cust_nodes": 90, "num_tot_nodes": 92, "Gamma": 2, "t_range": 0.25, "Delta": 2, "d_range": 0.25, "num_drones": 2, "drone_time_multiplier": 1, "drone_cost_multiplier": 1, "flight_limit": 500, "demand_ratio": 0.75}, "timelimit": 600, "num_cpus": 4, "alg": "CG Heuristic", "tot_cg_iterations": 511, "time": 603.3699824810028, "obj": 119156.0, "tot_heu_time": 100.66880631446838, "tot_mp_time": 2.9251935482025146, "tot_sp_time": 496.0165433883667, "tot_sp1_time": 1180.290670633316, "tot_sp2_time": 243.9389045238495, "raw_solution": [[[1.0, [0, 27, 91], [[[27, 7], 0], [[27, 24], 1], [[27, 15], 0], [[27, 9], 1], [[27, 8], 0], [[27, 1], 1]]], [1.0, [0, 60, 91], [[[60, 11], 0], [[60, 30], 1], [[60, 17], 1], [[60, 25], 0], [[60, 50], 0], [[60, 52], 1]]], [1.0, [0, 70, 91], [[[70, 37], 0], [[70, 58], 1], [[70, 34], 0], [[70, 21], 1], [[70, 20], 1], [[70, 26], 0]]], [1.0, [0, 61, 80, 28, 91], [[[61, 48], 0], [[61, 78], 1], [[61, 82], 1]]], [1.0, [0, 64, 54, 91], [[[64, 75], 0], [[64, 90], 1], [[64, 77], 1], [[64, 85], 1]]], [1.0, [0, 86, 38, 43, 91], [[[43, 56], 0], [[43, 6], 1]]], [1.0, [0, 69, 10, 47, 66, 91], [[[66, 67], 0], [[66, 41], 1]]], [1.0, [0, 14, 29, 51, 44, 91], []], [1.0, [0, 65, 89, 13, 72, 91], [[[89, 40], 0]]], [1.0, [0, 83, 20, 35, 76, 91], [[[83, 53], 0], [[35, 36], 0], [[76, 49], 0]]], [1.0, [0, 73, 63, 88, 55, 91], [[[55, 22], 0]]], [1.0, [0, 23, 42, 46, 16, 79, 91], []], [1.0, [0, 57, 39, 59, 91], [[[39, 45], 0], [[39, 74], 1]]], [1.0, [0, 12, 5, 62, 22, 49, 91], [[[12, 53], 0], [[22, 4], 0]]], [1.0, [0, 31, 32, 33, 71, 81, 91], [[[31, 87], 0]]], [1.0, [0, 3, 18, 68, 2, 91], [[[18, 84], 0], [[2, 19], 0]]]], [[1.0, [2, 19]], [1.0, [12, 53]], [1.0, [18, 84]], [1.0, [22, 4]], [1.0, [27, 1]], [1.0, [27, 7]], [1.0, [27, 8]], [1.0, [27, 9]], [1.0, [27, 15]], [1.0, [27, 24]], [1.0, [31, 87]], [1.0, [35, 36]], [1.0, [39, 45]], [1.0, [39, 74]], [1.0, [43, 6]], [1.0, [43, 56]], [1.0, [60, 11]], [1.0, [60, 17]], [1.0, [60, 25]], [1.0, [60, 30]], [1.0, [60, 50]], [1.0, [60, 52]], [1.0, [61, 48]], [1.0, [61, 78]], [1.0, [61, 82]], [1.0, [64, 75]], [1.0, [64, 77]], [1.0, [64, 85]], [1.0, [64, 90]], [1.0, [66, 41]], [1.0, [66, 67]], [1.0, [70, 21]], [1.0, [70, 26]], [1.0, [70, 34]], [1.0, [70, 37]], [1.0, [70, 58]], [1.0, [89, 40]]]], "solution": [[[0, 27, 91], [[[27, 7], [27, 15], [27, 8]], [[27, 24], [27, 9], [27, 1]]]], [[0, 60, 91], [[[60, 11], [60, 25], [60, 50]], [[60, 30], [60, 17], [60, 52]]]], [[0, 70, 91], [[[70, 37], [70, 34], [70, 26]], [[70, 58], [70, 21]]]], [[0, 61, 80, 28, 91], [[[61, 48]], [[61, 78], [61, 82]]]], [[0, 64, 54, 91], [[[64, 75]], [[64, 90], [64, 77], [64, 85]]]], [[0, 86, 38, 43, 91], [[[43, 56]], [[43, 6]]]], [[0, 69, 10, 47, 66, 91], [[[66, 67]], [[66, 41]]]], [[0, 14, 29, 51, 44, 91], [[], []]], [[0, 65, 89, 13, 72, 91], [[[89, 40]], []]], [[0, 83, 20, 35, 76, 91], [[[35, 36]], []]], [[0, 73, 63, 88, 55, 91], [[], []]], [[0, 23, 42, 46, 16, 79, 91], [[], []]], [[0, 57, 39, 59, 91], [[[39, 45]], [[39, 74]]]], [[0, 12, 5, 62, 22, 49, 91], [[[12, 53], [22, 4]], []]], [[0, 31, 32, 33, 71, 81, 91], [[[31, 87]], []]], [[0, 3, 18, 68, 2, 91], [[[18, 84], [2, 19]], []]]], "tot_num_gen_cols": 2515, "tot_num_labels": 2268, "tot_num_route_fixes": 160}