{"problem": {"name": "CVS-81-6", "datafile": "problems/ups_tw/CVS-81-6.vrp", "num_cust_nodes": 80, "num_tot_nodes": 82, "Gamma": 2, "t_range": 0.25, "Delta": 2, "d_range": 0.25, "num_drones": 2, "drone_time_multiplier": 1, "drone_cost_multiplier": 1, "flight_limit": 500, "demand_ratio": 0.75}, "timelimit": 600, "num_cpus": 4, "alg": "CG Heuristic", "tot_cg_iterations": 764, "time": 588.2070422172546, "obj": 108807.0, "tot_heu_time": 201.59268498420715, "tot_mp_time": 4.174946308135986, "tot_sp_time": 375.9690408706665, "tot_sp1_time": 1474.7738280296326, "tot_sp2_time": 6.921764135360718, "raw_solution": [[[1.0, [0, 45, 81], [[[45, 37], 0], [[45, 38], 1], [[45, 10], 0], [[45, 12], 1], [[45, 13], 0], [[45, 34], 1]]], [1.0, [0, 72, 81], [[[72, 1], 0], [[72, 15], 1], [[72, 21], 1], [[72, 6], 0], [[72, 4], 1], [[72, 20], 0]]], [0.9999999999999998, [0, 25, 76, 29, 23, 46, 81], []], [1.0, [0, 56, 44, 60, 50, 81], [[[60, 31], 0]]], [1.0, [0, 43, 8, 71, 75, 63, 81], []], [1.0, [0, 57, 30, 22, 81], [[[57, 41], 0]]], [1.0, [0, 7, 49, 68, 74, 81], [[[7, 5], 0], [[68, 11], 0], [[74, 42], 0]]], [0.9999999999999996, [0, 48, 9, 55, 67, 26, 81], [[[48, 1], 0]]], [0.9999999999999999, [0, 73, 24, 79, 53, 36, 81], [[[73, 59], 0]]], [0.9999999999999998, [0, 28, 78, 18, 62, 39, 81], [[[18, 32], 0], [[39, 17], 0]]], [1.0, [0, 14, 33, 69, 81], [[[14, 5], 0], [[33, 47], 0]]], [1.0, [0, 16, 52, 77, 81], [[[16, 2], 0], [[77, 40], 0]]], [1.0, [0, 3, 54, 70, 58, 66, 35, 27, 81], [[[58, 13], 0]]], [1.0, [0, 65, 51, 64, 80, 19, 81], [[[65, 10], 0], [[19, 61], 0]]]], [[1.0, [14, 5]], [1.0, [16, 2]], [0.9999999999999998, [18, 32]], [1.0, [19, 61]], [1.0, [33, 47]], [0.9999999999999998, [39, 17]], [1.0, [45, 12]], [1.0, [45, 34]], [1.0, [45, 37]], [1.0, [45, 38]], [0.9999999999999996, [48, 1]], [1.0, [57, 41]], [1.0, [58, 13]], [1.0, [60, 31]], [1.0, [65, 10]], [1.0, [68, 11]], [1.0, [72, 4]], [1.0, [72, 6]], [1.0, [72, 15]], [1.0, [72, 20]], [1.0, [72, 21]], [0.9999999999999999, [73, 59]], [1.0, [74, 42]], [1.0, [77, 40]]]], "solution": [[[0, 45, 81], [[[45, 37]], [[45, 38], [45, 12], [45, 34]]]], [[0, 72, 81], [[[72, 6], [72, 20]], [[72, 15], [72, 21], [72, 4]]]], [[0, 25, 76, 29, 23, 46, 81], [[], []]], [[0, 56, 44, 60, 50, 81], [[[60, 31]], []]], [[0, 43, 8, 71, 75, 63, 81], [[], []]], [[0, 57, 30, 22, 81], [[[57, 41]], []]], [[0, 7, 49, 68, 74, 81], [[[68, 11], [74, 42]], []]], [[0, 48, 9, 55, 67, 26, 81], [[[48, 1]], []]], [[0, 73, 24, 79, 53, 36, 81], [[[73, 59]], []]], [[0, 28, 78, 18, 62, 39, 81], [[[18, 32], [39, 17]], []]], [[0, 14, 33, 69, 81], [[[14, 5], [33, 47]], []]], [[0, 16, 52, 77, 81], [[[16, 2], [77, 40]], []]], [[0, 3, 54, 70, 58, 66, 35, 27, 81], [[[58, 13]], []]], [[0, 65, 51, 64, 80, 19, 81], [[[65, 10], [19, 61]], []]]], "tot_num_gen_cols": 2661, "tot_num_labels": 3188, "tot_num_route_fixes": 293}