{"problem": {"name": "CVS-21-4", "datafile": "problems/ups_tw/CVS-21-4.vrp", "num_cust_nodes": 20, "num_tot_nodes": 22, "Gamma": 2, "t_range": 0.25, "Delta": 2, "d_range": 0.25, "num_drones": 2, "drone_time_multiplier": 1, "drone_cost_multiplier": 1, "flight_limit": 500, "demand_ratio": 0.75}, "timelimit": 3600, "num_cpus": 4, "alg": "BnP", "root_LP": 40291.0, "tot_cg_iterations": 100, "global_lb": 41071.8, "time": 26.033244132995605, "obj": 41110.0, "tot_mp_time": 0.05494236946105957, "tot_sp_time": 25.455223560333252, "tot_sp_heu1_time": 7.07322359085083, "tot_sp_heu2_time": 11.007790803909302, "tot_sp_exact_time": 7.355931043624878, "tot_num_sp_heu1": 100, "tot_num_sp_heu2": 78, "tot_num_sp_exact": 41, "tot_sp1_time": 70.23207879066467, "tot_sp2_time": 23.343124389648438, "tot_heu_time": 0.40625, "raw_solution": [[[1.0, [0, 18, 21], [[[18, 5], 0]]], [1.0, [0, 6, 17, 19, 21], [[[19, 12], 0]]], [1.0, [0, 11, 13, 21], [[[11, 5], 0], [[13, 2], 0], [[13, 16], 1]]], [1.0, [0, 15, 21], [[[15, 1], 0], [[15, 3], 1], [[15, 20], 0], [[15, 4], 0], [[15, 12], 0]]], [1.0, [0, 10, 7, 21], [[[10, 8], 0], [[7, 9], 0], [[7, 14], 1]]]], [[1.0, [7, 9]], [1.0, [7, 14]], [1.0, [10, 8]], [1.0, [13, 2]], [1.0, [13, 16]], [1.0, [15, 1]], [1.0, [15, 3]], [1.0, [15, 4]], [1.0, [15, 20]], [1.0, [18, 5]], [1.0, [19, 12]]]], "solution": [[[0, 18, 21], [[[18, 5]], []]], [[0, 6, 17, 19, 21], [[[19, 12]], []]], [[0, 11, 13, 21], [[[13, 2]], [[13, 16]]]], [[0, 15, 21], [[[15, 1], [15, 20], [15, 4]], [[15, 3]]]], [[0, 10, 7, 21], [[[10, 8], [7, 9]], [[7, 14]]]]], "num_bnb_nodes": 31, "num_bnb_remaining_nodes": 0, "tot_num_gen_cols": 586, "tot_num_labels": 980184, "termination_status": "Optimal"}