{"problem": {"name": "CVS-61-2", "datafile": "problems/ups_tw/CVS-61-2.vrp", "num_cust_nodes": 60, "num_tot_nodes": 62, "Gamma": 2, "t_range": 0.25, "Delta": 2, "d_range": 0.25, "num_drones": 2, "drone_time_multiplier": 1, "drone_cost_multiplier": 1, "flight_limit": 500, "demand_ratio": 0.75}, "timelimit": 600, "num_cpus": 4, "alg": "MIP", "time": 600.0606100559235, "root_LP": 32555.358385440002, "obj": 116228.0, "final_gap": 0.6966796923328598, "global_lb": 35254.3127195363, "num_bnb_nodes": 1229, "num_bnb_remaining_nodes": 1, "solution": [[[0, 1, 13, 28, 61], [[[28, 40]], []]], [[0, 5, 43, 11, 16, 61], [[], []]], [[0, 6, 53, 60, 61], [[], []]], [[0, 8, 56, 52, 33, 61], [[], []]], [[0, 9, 38, 61], [[], []]], [[0, 14, 55, 61], [[], [[55, 20]]]], [[0, 15, 12, 61], [[], []]], [[0, 18, 10, 48, 7, 61], [[], []]], [[0, 21, 2, 61], [[], [[2, 3]]]], [[0, 23, 36, 49, 61], [[], []]], [[0, 25, 47, 45, 61], [[], []]], [[0, 26, 34, 54, 61], [[], []]], [[0, 27, 61], [[], []]], [[0, 30, 51, 24, 61], [[], []]], [[0, 39, 44, 61], [[], []]], [[0, 42, 17, 59, 29, 32, 61], [[], []]], [[0, 46, 22, 57, 61], [[], []]], [[0, 50, 37, 58, 35, 61], [[], []]]], "termination_status": "time limit exceeded"}