{"problem": {"name": "CVS-81-5", "datafile": "problems/ups_tw/CVS-81-5.vrp", "num_cust_nodes": 80, "num_tot_nodes": 82, "Gamma": 2, "t_range": 0.25, "Delta": 2, "d_range": 0.25, "num_drones": 2, "drone_time_multiplier": 1, "drone_cost_multiplier": 1, "flight_limit": 500, "demand_ratio": 0.75}, "timelimit": 600, "num_cpus": 4, "alg": "CG Heuristic", "tot_cg_iterations": 638, "time": 578.2716519832611, "obj": 113297.0, "tot_heu_time": 380.5880010128021, "tot_mp_time": 2.3809988498687744, "tot_sp_time": 189.29495668411255, "tot_sp1_time": 727.5940515995026, "tot_sp2_time": 10.04270315170288, "raw_solution": [[[1.0, [0, 2, 81], [[[2, 18], 0], [[2, 23], 1], [[2, 22], 0], [[2, 20], 1], [[2, 11], 0]]], [1.0, [0, 17, 81], [[[17, 54], 0], [[17, 36], 1], [[17, 27], 0], [[17, 16], 1]]], [1.0, [0, 44, 81], [[[44, 23], 0], [[44, 33], 1], [[44, 29], 0], [[44, 13], 1], [[44, 37], 0]]], [1.0, [0, 32, 61, 9, 56, 24, 70, 81], []], [1.0, [0, 79, 78, 74, 81], [[[79, 4], 0], [[79, 45], 1], [[74, 15], 0]]], [1.0, [0, 40, 66, 81], []], [1.0, [0, 31, 53, 77, 14, 81], []], [1.0, [0, 60, 25, 21, 81], [[[60, 8], 0], [[60, 48], 1]]], [1.0, [0, 49, 68, 80, 75, 81], [[[68, 3], 0], [[75, 5], 0]]], [1.0, [0, 63, 71, 62, 72, 15, 81], [[[63, 54], 0], [[71, 27], 0]]], [1.0, [0, 10, 69, 55, 58, 76, 81], [[[10, 63], 0]]], [1.0, [0, 30, 73, 19, 46, 81], [[[73, 57], 0]]], [1.0, [0, 42, 51, 41, 26, 37, 81], []], [1.0, [0, 38, 43, 47, 59, 81], [[[43, 33], 0], [[43, 61], 1], [[47, 52], 0], [[59, 28], 0]]], [1.0, [0, 6, 3, 7, 64, 1, 5, 81], []], [1.0, [0, 39, 34, 35, 67, 12, 81], [[[39, 50], 0], [[67, 65], 0]]]], [[1.0, [2, 11]], [1.0, [2, 18]], [1.0, [2, 20]], [1.0, [2, 22]], [1.0, [2, 23]], [1.0, [17, 16]], [1.0, [17, 36]], [1.0, [39, 50]], [1.0, [43, 33]], [1.0, [44, 13]], [1.0, [44, 29]], [1.0, [47, 52]], [1.0, [59, 28]], [1.0, [60, 8]], [1.0, [60, 48]], [1.0, [63, 54]], [1.0, [67, 65]], [1.0, [71, 27]], [1.0, [73, 57]], [1.0, [79, 4]], [1.0, [79, 45]]]], "solution": [[[0, 2, 81], [[[2, 18], [2, 22], [2, 11]], [[2, 23], [2, 20]]]], [[0, 17, 81], [[], [[17, 36], [17, 16]]]], [[0, 44, 81], [[[44, 29]], [[44, 13]]]], [[0, 32, 61, 9, 56, 24, 70, 81], [[], []]], [[0, 79, 78, 74, 81], [[[79, 4]], [[79, 45]]]], [[0, 40, 66, 81], [[], []]], [[0, 31, 53, 77, 14, 81], [[], []]], [[0, 60, 25, 21, 81], [[[60, 8]], [[60, 48]]]], [[0, 49, 68, 80, 75, 81], [[], []]], [[0, 63, 71, 62, 72, 15, 81], [[[63, 54], [71, 27]], []]], [[0, 10, 69, 55, 58, 76, 81], [[], []]], [[0, 30, 73, 19, 46, 81], [[[73, 57]], []]], [[0, 42, 51, 41, 26, 37, 81], [[], []]], [[0, 38, 43, 47, 59, 81], [[[43, 33], [47, 52], [59, 28]], []]], [[0, 6, 3, 7, 64, 1, 5, 81], [[], []]], [[0, 39, 34, 35, 67, 12, 81], [[[39, 50], [67, 65]], []]]], "tot_num_gen_cols": 2345, "tot_num_labels": 1738, "tot_num_route_fixes": 293}