{"problem": {"name": "CVS-91-4", "datafile": "problems/ups_tw/CVS-91-4.vrp", "num_cust_nodes": 90, "num_tot_nodes": 92, "Gamma": 2, "t_range": 0.25, "Delta": 2, "d_range": 0.25, "num_drones": 2, "drone_time_multiplier": 1, "drone_cost_multiplier": 1, "flight_limit": 500, "demand_ratio": 0.75}, "timelimit": 600, "num_cpus": 4, "alg": "CG Heuristic", "tot_cg_iterations": 336, "time": 603.9181241989136, "obj": 129682.0, "tot_heu_time": 95.05041694641113, "tot_mp_time": 1.814140796661377, "tot_sp_time": 504.72687578201294, "tot_sp1_time": 1884.9364302158356, "tot_sp2_time": 58.19766902923584, "raw_solution": [[[1.0, [0, 44, 91], [[[44, 59], 0], [[44, 57], 1], [[44, 34], 0], [[44, 48], 1]]], [1.0, [0, 49, 91], [[[49, 10], 0], [[49, 54], 1], [[49, 46], 0], [[49, 35], 0]]], [1.0, [0, 69, 91], [[[69, 31], 0], [[69, 30], 1], [[69, 39], 0], [[69, 34], 1], [[69, 11], 0]]], [1.0, [0, 72, 91], [[[72, 53], 0], [[72, 39], 1], [[72, 50], 0], [[72, 40], 0], [[72, 16], 0], [[72, 2], 0]]], [1.0, [0, 25, 74, 6, 83, 91], []], [1.0, [0, 60, 5, 89, 64, 13, 67, 91], []], [1.0, [0, 75, 81, 88, 18, 61, 91], []], [1.0, [0, 9, 14, 68, 8, 35, 91], []], [1.0, [0, 19, 45, 86, 38, 91], []], [1.0, [0, 76, 79, 52, 91], [[[79, 84], 0]]], [1.0, [0, 50, 37, 53, 77, 56, 91], [[[53, 39], 0], [[56, 85], 0]]], [1.0, [0, 55, 28, 80, 87, 42, 91], [[[87, 3], 0], [[42, 66], 0]]], [1.0, [0, 41, 63, 1, 21, 91], [[[1, 90], 0], [[21, 66], 0]]], [1.0, [0, 29, 62, 15, 91], [[[15, 21], 0], [[15, 23], 1]]], [1.0, [0, 82, 20, 7, 43, 91], [[[82, 24], 0], [[43, 65], 0]]], [1.0, [0, 70, 32, 36, 71, 22, 26, 91], [[[71, 58], 0]]], [1.0, [0, 58, 17, 73, 51, 4, 91], []], [1.0, [0, 12, 47, 33, 78, 91], [[[12, 27], 0]]]], [[1.0, [1, 90]], [1.0, [12, 27]], [1.0, [15, 23]], [1.0, [42, 66]], [1.0, [43, 65]], [1.0, [44, 34]], [1.0, [44, 48]], [1.0, [44, 57]], [1.0, [44, 59]], [1.0, [49, 10]], [1.0, [49, 46]], [1.0, [49, 54]], [1.0, [53, 39]], [1.0, [56, 85]], [1.0, [69, 11]], [1.0, [69, 30]], [1.0, [69, 31]], [1.0, [72, 2]], [1.0, [72, 16]], [1.0, [72, 40]], [1.0, [79, 84]], [1.0, [82, 24]], [1.0, [87, 3]]]], "solution": [[[0, 44, 91], [[[44, 59], [44, 34]], [[44, 57], [44, 48]]]], [[0, 49, 91], [[[49, 10], [49, 46]], [[49, 54]]]], [[0, 69, 91], [[[69, 31], [69, 11]], [[69, 30]]]], [[0, 72, 91], [[[72, 40], [72, 16], [72, 2]], []]], [[0, 25, 74, 6, 83, 91], [[], []]], [[0, 60, 5, 89, 64, 13, 67, 91], [[], []]], [[0, 75, 81, 88, 18, 61, 91], [[], []]], [[0, 9, 14, 68, 8, 35, 91], [[], []]], [[0, 19, 45, 86, 38, 91], [[], []]], [[0, 76, 79, 52, 91], [[[79, 84]], []]], [[0, 50, 37, 53, 77, 56, 91], [[[53, 39], [56, 85]], []]], [[0, 55, 28, 80, 87, 42, 91], [[[87, 3], [42, 66]], []]], [[0, 41, 63, 1, 21, 91], [[[1, 90]], []]], [[0, 29, 62, 15, 91], [[], [[15, 23]]]], [[0, 82, 20, 7, 43, 91], [[[82, 24], [43, 65]], []]], [[0, 70, 32, 36, 71, 22, 26, 91], [[], []]], [[0, 58, 17, 73, 51, 4, 91], [[], []]], [[0, 12, 47, 33, 78, 91], [[[12, 27]], []]]], "tot_num_gen_cols": 2345, "tot_num_labels": 2168, "tot_num_route_fixes": 99}