{"problem": {"name": "CVS-61-7", "datafile": "problems/ups_tw/CVS-61-7.vrp", "num_cust_nodes": 60, "num_tot_nodes": 62, "Gamma": 2, "t_range": 0.25, "Delta": 2, "d_range": 0.25, "num_drones": 2, "drone_time_multiplier": 1, "drone_cost_multiplier": 1, "flight_limit": 500, "demand_ratio": 0.75}, "timelimit": 600, "num_cpus": 4, "alg": "CG Heuristic", "tot_cg_iterations": 639, "time": 602.5987122058868, "obj": 87156.0, "tot_heu_time": 41.546982288360596, "tot_mp_time": 1.4513518810272217, "tot_sp_time": 556.4138967990875, "tot_sp1_time": 2187.2644007205963, "tot_sp2_time": 0.3351433277130127, "raw_solution": [[[1.0, [0, 12, 61], [[[12, 38], 0], [[12, 22], 1], [[12, 1], 1], [[12, 32], 0], [[12, 44], 1]]], [1.0, [0, 15, 61], [[[15, 14], 0], [[15, 29], 1], [[15, 33], 1], [[15, 20], 1], [[15, 6], 1]]], [1.0, [0, 32, 61], [[[32, 17], 0], [[32, 9], 1], [[32, 3], 1], [[32, 1], 0], [[32, 16], 1], [[32, 12], 0]]], [1.0, [0, 45, 61], [[[45, 7], 0], [[45, 31], 1], [[45, 30], 1], [[45, 10], 0], [[45, 21], 1], [[45, 19], 0]]], [1.0, [0, 25, 34, 13, 26, 61], []], [1.0, [0, 47, 40, 2, 52, 61], []], [1.0, [0, 37, 48, 8, 54, 61], [[[37, 5], 0], [[8, 60], 0]]], [1.0, [0, 57, 59, 11, 23, 35, 61], []], [1.0, [0, 42, 1, 39, 53, 61], [[[42, 18], 0], [[1, 22], 0], [[53, 3], 0]]], [1.0, [0, 41, 43, 58, 24, 61], [[[58, 31], 0]]], [1.0, [0, 56, 46, 50, 36, 55, 61], [[[56, 4], 0]]], [1.0, [0, 4, 27, 28, 10, 31, 30, 49, 61], [[[4, 51], 0]]]], [[1.0, [1, 22]], [1.0, [4, 51]], [1.0, [8, 60]], [1.0, [12, 38]], [1.0, [12, 44]], [1.0, [15, 6]], [1.0, [15, 14]], [1.0, [15, 20]], [1.0, [15, 29]], [0.9999999999999998, [15, 33]], [1.0, [32, 9]], [1.0, [32, 16]], [1.0, [32, 17]], [1.0, [37, 5]], [1.0, [42, 18]], [1.0, [45, 7]], [1.0, [45, 19]], [1.0, [45, 21]], [1.0, [53, 3]]]], "solution": [[[0, 12, 61], [[[12, 38]], [[12, 44]]]], [[0, 15, 61], [[[15, 14]], [[15, 29], [15, 33], [15, 20], [15, 6]]]], [[0, 32, 61], [[[32, 17]], [[32, 9], [32, 16]]]], [[0, 45, 61], [[[45, 7], [45, 19]], [[45, 21]]]], [[0, 25, 34, 13, 26, 61], [[], []]], [[0, 47, 40, 2, 52, 61], [[], []]], [[0, 37, 48, 8, 54, 61], [[[37, 5], [8, 60]], []]], [[0, 57, 59, 11, 23, 35, 61], [[], []]], [[0, 42, 1, 39, 53, 61], [[[42, 18], [1, 22], [53, 3]], []]], [[0, 41, 43, 58, 24, 61], [[], []]], [[0, 56, 46, 50, 36, 55, 61], [[], []]], [[0, 4, 27, 28, 10, 31, 30, 49, 61], [[[4, 51]], []]]], "tot_num_gen_cols": 3259, "tot_num_labels": 3471, "tot_num_route_fixes": 113}