{"problem": {"name": "CVS-91-3", "datafile": "problems/ups_tw/CVS-91-3.vrp", "num_cust_nodes": 90, "num_tot_nodes": 92, "Gamma": 2, "t_range": 0.25, "Delta": 2, "d_range": 0.25, "num_drones": 2, "drone_time_multiplier": 1, "drone_cost_multiplier": 1, "flight_limit": 500, "demand_ratio": 0.75}, "timelimit": 600, "num_cpus": 4, "alg": "CG Heuristic", "tot_cg_iterations": 126, "time": 602.0812954902649, "obj": 127870.0, "tot_heu_time": 29.547998428344727, "tot_mp_time": 0.5633838176727295, "tot_sp_time": 571.280876159668, "tot_sp1_time": 2271.0622403621674, "tot_sp2_time": 0.09487199783325195, "raw_solution": [[[1.0, [0, 7, 91], [[[7, 46], 0], [[7, 52], 1], [[7, 23], 0], [[7, 5], 1], [[7, 47], 1]]], [1.0, [0, 55, 91], [[[55, 25], 0], [[55, 28], 1], [[55, 33], 0], [[55, 43], 1], [[55, 35], 1]]], [1.0, [0, 59, 91], [[[59, 22], 0], [[59, 27], 1], [[59, 24], 1]]], [1.0, [0, 80, 91], [[[80, 78], 0], [[80, 87], 1]]], [1.0, [0, 47, 72, 19, 62, 30, 91], [[[47, 69], 0]]], [1.0, [0, 57, 79, 25, 28, 17, 88, 51, 53, 91], []], [1.0, [0, 10, 34, 54, 37, 91], []], [1.0, [0, 18, 45, 86, 43, 91], []], [1.0, [0, 48, 40, 83, 90, 91], []], [1.0, [0, 87, 75, 2, 36, 70, 68, 91], []], [1.0, [0, 20, 3, 82, 85, 91], []], [1.0, [0, 58, 14, 15, 21, 91], []], [1.0, [0, 84, 29, 67, 65, 9, 49, 42, 91], []], [1.0, [0, 64, 44, 23, 5, 66, 41, 38, 91], []], [1.0, [0, 60, 81, 52, 50, 13, 91], [[[50, 63], 0]]], [1.0, [0, 71, 1, 16, 26, 91], [[[1, 56], 0]]], [1.0, [0, 89, 8, 61, 31, 91], []], [1.0, [0, 6, 11, 76, 73, 77, 91], []], [1.0, [0, 12, 32, 39, 74, 91], [[[12, 4], 0]]]], [[1.0, [1, 56]], [1.0, [7, 46]], [1.0, [12, 4]], [1.0, [47, 69]], [1.0, [50, 63]], [1.0, [55, 33]], [1.0, [55, 35]], [1.0, [59, 22]], [1.0, [59, 24]], [1.0, [59, 27]], [1.0, [80, 78]]]], "solution": [[[0, 7, 91], [[[7, 46]], []]], [[0, 55, 91], [[[55, 33]], [[55, 35]]]], [[0, 59, 91], [[[59, 22]], [[59, 27], [59, 24]]]], [[0, 80, 91], [[[80, 78]], []]], [[0, 47, 72, 19, 62, 30, 91], [[[47, 69]], []]], [[0, 57, 79, 25, 28, 17, 88, 51, 53, 91], [[], []]], [[0, 10, 34, 54, 37, 91], [[], []]], [[0, 18, 45, 86, 43, 91], [[], []]], [[0, 48, 40, 83, 90, 91], [[], []]], [[0, 87, 75, 2, 36, 70, 68, 91], [[], []]], [[0, 20, 3, 82, 85, 91], [[], []]], [[0, 58, 14, 15, 21, 91], [[], []]], [[0, 84, 29, 67, 65, 9, 49, 42, 91], [[], []]], [[0, 64, 44, 23, 5, 66, 41, 38, 91], [[], []]], [[0, 60, 81, 52, 50, 13, 91], [[[50, 63]], []]], [[0, 71, 1, 16, 26, 91], [[[1, 56]], []]], [[0, 89, 8, 61, 31, 91], [[], []]], [[0, 6, 11, 76, 73, 77, 91], [[], []]], [[0, 12, 32, 39, 74, 91], [[[12, 4]], []]]], "tot_num_gen_cols": 1862, "tot_num_labels": 1995, "tot_num_route_fixes": 26}