{"problem": {"name": "CVS-51-6", "datafile": "problems/ups_tw/CVS-51-6.vrp", "num_cust_nodes": 50, "num_tot_nodes": 52, "Gamma": 2, "t_range": 0.25, "Delta": 2, "d_range": 0.25, "num_drones": 2, "drone_time_multiplier": 1, "drone_cost_multiplier": 1, "flight_limit": 500, "demand_ratio": 0.75}, "timelimit": 600, "num_cpus": 4, "alg": "MIP", "time": 600.0536184310913, "root_LP": 31191.57113443636, "obj": 101608.0, "final_gap": 0.6744315884939057, "global_lb": 33080.355156311154, "num_bnb_nodes": 1205, "num_bnb_remaining_nodes": 1, "solution": [[[0, 2, 5, 14, 33, 51], [[], []]], [[0, 4, 15, 1, 29, 51], [[], []]], [[0, 6, 21, 20, 51], [[], []]], [[0, 7, 51], [[], [[7, 49], [7, 47]]]], [[0, 13, 12, 34, 36, 46, 51], [[], []]], [[0, 19, 10, 35, 27, 22, 51], [[], []]], [[0, 24, 17, 42, 51], [[], []]], [[0, 30, 8, 26, 51], [[], []]], [[0, 37, 51], [[], []]], [[0, 39, 28, 18, 51], [[], []]], [[0, 40, 45, 16, 51], [[], []]], [[0, 41, 51], [[], [[41, 3]]]], [[0, 43, 32, 9, 48, 51], [[], []]], [[0, 44, 50, 23, 51], [[], []]]], "termination_status": "time limit exceeded"}