{"problem": {"name": "CVS-61-4", "datafile": "problems/ups_tw/CVS-61-4.vrp", "num_cust_nodes": 60, "num_tot_nodes": 62, "Gamma": 2, "t_range": 0.25, "Delta": 2, "d_range": 0.25, "num_drones": 2, "drone_time_multiplier": 1, "drone_cost_multiplier": 1, "flight_limit": 500, "demand_ratio": 0.75}, "timelimit": 600, "num_cpus": 4, "alg": "MIP", "time": 600.1185977458954, "root_LP": 28788.786798612062, "obj": 95201.0, "final_gap": 0.6821608765912474, "global_lb": 30258.602387636598, "num_bnb_nodes": 1368, "num_bnb_remaining_nodes": 126, "solution": [[[0, 5, 44, 48, 60, 54, 61], [[], [[54, 16]]]], [[0, 11, 59, 35, 61], [[[35, 8]], []]], [[0, 13, 2, 31, 61], [[], []]], [[0, 19, 51, 61], [[[51, 47]], [[51, 17]]]], [[0, 23, 20, 7, 42, 43, 61], [[], []]], [[0, 29, 1, 33, 4, 61], [[], []]], [[0, 32, 36, 45, 61], [[[45, 58]], []]], [[0, 38, 22, 27, 26, 12, 61], [[], []]], [[0, 49, 10, 24, 9, 46, 61], [[], []]], [[0, 50, 39, 18, 34, 37, 61], [[], []]], [[0, 55, 28, 15, 3, 21, 61], [[], []]]], "termination_status": "time limit exceeded"}