{"problem": {"name": "CVS-41-8", "datafile": "problems/ups_tw/CVS-41-8.vrp", "num_cust_nodes": 40, "num_tot_nodes": 42, "Gamma": 2, "t_range": 0.25, "Delta": 2, "d_range": 0.25, "num_drones": 2, "drone_time_multiplier": 1, "drone_cost_multiplier": 1, "flight_limit": 500, "demand_ratio": 0.75}, "timelimit": 600, "num_cpus": 4, "alg": "MIP", "time": 600.0154435634613, "root_LP": 24190.320919934442, "obj": 56340.0, "final_gap": 0.5175716110997929, "global_lb": 27180.015430637613, "num_bnb_nodes": 56392, "num_bnb_remaining_nodes": 54606, "solution": [[[0, 1, 5, 22, 41], [[[22, 4]], []]], [[0, 3, 2, 18, 25, 41], [[[25, 17]], [[25, 30]]]], [[0, 16, 19, 41], [[], [[19, 23]]]], [[0, 26, 10, 41], [[], [[10, 20]]]], [[0, 28, 36, 29, 34, 41], [[], []]], [[0, 35, 38, 41], [[[38, 9]], [[38, 8]]]], [[0, 39, 27, 15, 41], [[[15, 7]], []]], [[0, 40, 33, 32, 13, 41], [[], []]]], "termination_status": "time limit exceeded"}