{"problem": {"name": "CVS-41-7", "datafile": "problems/ups_tw/CVS-41-7.vrp", "num_cust_nodes": 40, "num_tot_nodes": 42, "Gamma": 2, "t_range": 0.25, "Delta": 2, "d_range": 0.25, "num_drones": 2, "drone_time_multiplier": 1, "drone_cost_multiplier": 1, "flight_limit": 500, "demand_ratio": 0.75}, "timelimit": 600, "num_cpus": 4, "alg": "MIP", "time": 600.0276057720184, "root_LP": 29778.021261772454, "obj": 63955.0, "final_gap": 0.4846886316423317, "global_lb": 32956.738563314626, "num_bnb_nodes": 37528, "num_bnb_remaining_nodes": 35611, "solution": [[[0, 6, 35, 14, 41], [[], []]], [[0, 20, 37, 4, 41], [[], []]], [[0, 22, 3, 39, 41], [[], []]], [[0, 24, 10, 7, 41], [[], [[7, 30]]]], [[0, 28, 27, 21, 36, 41], [[[36, 19]], []]], [[0, 32, 38, 9, 17, 16, 41], [[], []]], [[0, 33, 23, 11, 15, 41], [[], []]], [[0, 40, 2, 13, 25, 41], [[], []]]], "termination_status": "time limit exceeded"}