{"problem": {"name": "CVS-41-9", "datafile": "problems/ups_tw/CVS-41-9.vrp", "num_cust_nodes": 40, "num_tot_nodes": 42, "Gamma": 2, "t_range": 0.25, "Delta": 2, "d_range": 0.25, "num_drones": 2, "drone_time_multiplier": 1, "drone_cost_multiplier": 1, "flight_limit": 500, "demand_ratio": 0.75}, "timelimit": 600, "num_cpus": 4, "alg": "CG Heuristic", "tot_cg_iterations": 211, "time": 18.891929149627686, "obj": 56070.0, "tot_heu_time": 3.026118755340576, "tot_mp_time": 0.1926577091217041, "tot_sp_time": 14.88111162185669, "tot_sp1_time": 57.16388297080994, "tot_sp2_time": 0.10437250137329102, "raw_solution": [[[1.0, [0, 6, 41], [[[6, 21], 0], [[6, 27], 1], [[6, 40], 0], [[6, 5], 0], [[6, 37], 0], [[6, 29], 0]]], [1.0, [0, 10, 41], [[[10, 36], 0], [[10, 1], 1], [[10, 14], 1], [[10, 32], 0], [[10, 39], 1]]], [1.0, [0, 26, 41], [[[26, 13], 0], [[26, 34], 1], [[26, 18], 1], [[26, 30], 1], [[26, 7], 1]]], [1.0000000000000002, [0, 1, 23, 11, 25, 41], [[[25, 39], 0]]], [1.0, [0, 3, 20, 9, 17, 41], [[[17, 22], 0]]], [1.0, [0, 12, 16, 33, 28, 41], [[[16, 2], 0]]], [1.0, [0, 19, 24, 38, 41], [[[24, 4], 0], [[24, 15], 1], [[38, 35], 0], [[38, 40], 1]]], [1.0, [0, 8, 31, 5, 30, 41], [[[31, 29], 0], [[31, 40], 1]]]], [[1.0, [6, 21]], [1.0, [6, 27]], [1.0, [6, 37]], [1.0, [10, 14]], [1.0, [10, 32]], [1.0, [10, 36]], [1.0, [16, 2]], [1.0, [17, 22]], [1.0, [24, 4]], [1.0, [24, 15]], [1.0000000000000002, [25, 39]], [1.0, [26, 7]], [1.0, [26, 13]], [1.0, [26, 18]], [1.0, [26, 34]], [1.0, [31, 29]], [1.0, [31, 40]], [1.0, [38, 35]]]], "solution": [[[0, 6, 41], [[[6, 21], [6, 37]], [[6, 27]]]], [[0, 10, 41], [[[10, 36], [10, 32]], [[10, 14]]]], [[0, 26, 41], [[[26, 13]], [[26, 34], [26, 18], [26, 7]]]], [[0, 1, 23, 11, 25, 41], [[[25, 39]], []]], [[0, 3, 20, 9, 17, 41], [[[17, 22]], []]], [[0, 12, 16, 33, 28, 41], [[[16, 2]], []]], [[0, 19, 24, 38, 41], [[[24, 4], [38, 35]], [[24, 15]]]], [[0, 8, 31, 5, 30, 41], [[[31, 29]], [[31, 40]]]]], "tot_num_gen_cols": 776, "tot_num_labels": 570, "tot_num_route_fixes": 94}