{"problem": {"name": "CVS-71-4", "datafile": "problems/ups_tw/CVS-71-4.vrp", "num_cust_nodes": 70, "num_tot_nodes": 72, "Gamma": 2, "t_range": 0.25, "Delta": 2, "d_range": 0.25, "num_drones": 2, "drone_time_multiplier": 1, "drone_cost_multiplier": 1, "flight_limit": 500, "demand_ratio": 0.75}, "timelimit": 600, "num_cpus": 4, "alg": "CG Heuristic", "tot_cg_iterations": 284, "time": 600.7698771953583, "obj": 98566.99999955898, "tot_heu_time": 35.03729796409607, "tot_mp_time": 0.7854509353637695, "tot_sp_time": 563.0537259578705, "tot_sp1_time": 2228.7015919685364, "tot_sp2_time": 0.655264139175415, "raw_solution": [[[1.0, [0, 40, 71], [[[40, 53], 0], [[40, 31], 1], [[40, 13], 0], [[40, 39], 1], [[40, 30], 0], [[40, 16], 1]]], [0.9999999998522727, [0, 41, 71], [[[41, 7], 0], [[41, 4], 1], [[41, 12], 1], [[41, 1], 0], [[41, 15], 1], [[41, 3], 0]]], [1.000000001, [0, 61, 71], [[[61, 53], 0], [[61, 50], 1], [[61, 39], 1], [[61, 16], 0], [[61, 54], 1], [[61, 37], 0]]], [1.0, [0, 52, 38, 32, 6, 25, 71], []], [1.0, [0, 57, 44, 48, 69, 30, 54, 71], []], [0.9999999987499999, [0, 67, 11, 64, 59, 2, 71], []], [1.0, [0, 65, 47, 12, 4, 33, 21, 71], []], [1.0, [0, 70, 36, 58, 45, 19, 26, 71], []], [1.0, [0, 9, 14, 24, 10, 35, 71], [[[24, 66], 0]]], [0.9999999993295454, [0, 27, 22, 17, 51, 63, 43, 71], []], [1.0, [0, 28, 55, 20, 29, 71], [[[28, 23], 0]]], [1.0, [0, 62, 42, 46, 8, 49, 71], [[[42, 68], 0]]], [1.0, [0, 5, 60, 34, 18, 71], [[[18, 56], 0]]]], [[1.0, [18, 56]], [1.0, [24, 66]], [1.0, [28, 23]], [1.00000000025, [40, 13]], [1.0, [40, 16]], [0.9999999969999998, [40, 31]], [0.9999999998522727, [41, 1]], [0.9999999998522727, [41, 3]], [0.9999999998522727, [41, 7]], [0.9999999998522727, [41, 15]], [1.0, [42, 68]], [1.000000001, [61, 37]], [1.000000001, [61, 39]], [1.000000001, [61, 50]], [1.000000001, [61, 53]]]], "solution": [[[0, 40, 71], [[[40, 13]], [[40, 31], [40, 16]]]], [[0, 41, 71], [[[41, 7], [41, 1], [41, 3]], [[41, 15]]]], [[0, 61, 71], [[[61, 53], [61, 37]], [[61, 50], [61, 39]]]], [[0, 52, 38, 32, 6, 25, 71], [[], []]], [[0, 57, 44, 48, 69, 30, 54, 71], [[], []]], [[0, 67, 11, 64, 59, 2, 71], [[], []]], [[0, 65, 47, 12, 4, 33, 21, 71], [[], []]], [[0, 70, 36, 58, 45, 19, 26, 71], [[], []]], [[0, 9, 14, 24, 10, 35, 71], [[[24, 66]], []]], [[0, 27, 22, 17, 51, 63, 43, 71], [[], []]], [[0, 28, 55, 20, 29, 71], [[[28, 23]], []]], [[0, 62, 42, 46, 8, 49, 71], [[[42, 68]], []]], [[0, 5, 60, 34, 18, 71], [[[18, 56]], []]]], "tot_num_gen_cols": 2313, "tot_num_labels": 2997, "tot_num_route_fixes": 67}