{"problem": {"name": "CVS-31-7", "datafile": "problems/ups_tw/CVS-31-7.vrp", "num_cust_nodes": 30, "num_tot_nodes": 32, "Gamma": 2, "t_range": 0.25, "Delta": 2, "d_range": 0.25, "num_drones": 2, "drone_time_multiplier": 1, "drone_cost_multiplier": 1, "flight_limit": 500, "demand_ratio": 0.75}, "timelimit": 3600, "num_cpus": 4, "alg": "MIP", "time": 1468.117713689804, "root_LP": 24840.948354153617, "obj": 54126.0, "final_gap": 0.45942643401636307, "global_lb": 29259.084832430286, "num_bnb_nodes": 188337, "num_bnb_remaining_nodes": 136959, "solution": [[[0, 2, 25, 31], [[], [[25, 13], [25, 26]]]], [[0, 4, 27, 28, 31], [[], [[28, 8]]]], [[0, 5, 11, 23, 10, 31], [[[10, 30], [10, 7]], []]], [[0, 12, 20, 31], [[[20, 15]], []]], [[0, 16, 31], [[[16, 3], [16, 17], [16, 9], [16, 22]], []]], [[0, 18, 6, 14, 31], [[], []]], [[0, 21, 24, 31], [[], []]]], "termination_status": "memory limit exceeded"}