{"problem": {"name": "CVS-81-9", "datafile": "problems/ups_tw/CVS-81-9.vrp", "num_cust_nodes": 80, "num_tot_nodes": 82, "Gamma": 2, "t_range": 0.25, "Delta": 2, "d_range": 0.25, "num_drones": 2, "drone_time_multiplier": 1, "drone_cost_multiplier": 1, "flight_limit": 500, "demand_ratio": 0.75}, "timelimit": 600, "num_cpus": 4, "alg": "MIP", "time": 600.3546206951141, "root_LP": 30651.748591146657, "obj": 144933.0, "final_gap": 0.7883218442107887, "global_lb": 30679.1501529977, "num_bnb_nodes": 819, "num_bnb_remaining_nodes": 761, "solution": [[[0, 4, 33, 65, 16, 81], [[], []]], [[0, 13, 34, 27, 47, 5, 31, 40, 63, 81], [[], []]], [[0, 32, 39, 23, 11, 25, 81], [[], []]], [[0, 35, 58, 7, 17, 41, 81], [[], []]], [[0, 38, 70, 30, 19, 81], [[], []]], [[0, 43, 42, 68, 2, 12, 81], [[], []]], [[0, 45, 66, 81], [[[66, 80]], []]], [[0, 46, 61, 6, 78, 81], [[], []]], [[0, 50, 14, 10, 77, 81], [[], []]], [[0, 52, 67, 21, 59, 81], [[], []]], [[0, 54, 64, 8, 81], [[], [[8, 22]]]], [[0, 55, 1, 48, 62, 36, 81], [[], []]], [[0, 57, 9, 20, 44, 71, 81], [[], []]], [[0, 72, 69, 74, 37, 28, 24, 81], [[], []]], [[0, 73, 56, 18, 51, 29, 81], [[], []]], [[0, 79, 75, 49, 15, 81], [[], []]]], "termination_status": "time limit exceeded"}