{"problem": {"name": "CVS-71-3", "datafile": "problems/ups_tw/CVS-71-3.vrp", "num_cust_nodes": 70, "num_tot_nodes": 72, "Gamma": 2, "t_range": 0.25, "Delta": 2, "d_range": 0.25, "num_drones": 2, "drone_time_multiplier": 1, "drone_cost_multiplier": 1, "flight_limit": 500, "demand_ratio": 0.75}, "timelimit": 600, "num_cpus": 4, "alg": "CG Heuristic", "tot_cg_iterations": 344, "time": 600.9755268096924, "obj": 106581.0, "tot_heu_time": 120.44802236557007, "tot_mp_time": 0.6898543834686279, "tot_sp_time": 477.3994233608246, "tot_sp1_time": 1889.4980566501617, "tot_sp2_time": 1.2720258235931396, "raw_solution": [[[1.0, [0, 7, 71], [[[7, 46], 0], [[7, 66], 1], [[7, 69], 0], [[7, 30], 1]]], [1.0, [0, 53, 71], [[[53, 27], 0], [[53, 18], 1], [[53, 28], 1], [[53, 37], 0]]], [1.0, [0, 8, 61, 22, 24, 71], [[[8, 6], 0]]], [1.0, [0, 34, 10, 12, 32, 39, 54, 71], []], [1.0, [0, 70, 68, 49, 42, 9, 71], []], [1.0, [0, 59, 33, 11, 31, 71], [[[11, 45], 0]]], [1.0, [0, 64, 5, 47, 62, 71], [[[64, 44], 0], [[5, 19], 0]]], [1.0, [0, 43, 40, 67, 29, 65, 36, 2, 71], []], [1.0, [0, 17, 51, 25, 57, 71], []], [1.0, [0, 55, 35, 56, 71], [[[56, 4], 0]]], [1.0, [0, 60, 41, 38, 71], [[[41, 63], 0]]], [1.0, [0, 52, 50, 13, 23, 71], []], [1.0, [0, 20, 3, 15, 21, 71], [[[21, 29], 0]]], [0.9999999999999999, [0, 14, 58, 48, 26, 16, 1, 71], []]], [[1.0, [5, 19]], [1.0, [7, 30]], [1.0, [7, 46]], [1.0, [7, 66]], [1.0, [7, 69]], [1.0, [8, 6]], [1.0, [11, 45]], [1.0, [41, 63]], [1.0, [53, 18]], [1.0, [53, 27]], [1.0, [53, 28]], [1.0, [53, 37]], [1.0, [56, 4]], [1.0, [64, 44]]]], "solution": [[[0, 7, 71], [[[7, 46], [7, 69]], [[7, 66], [7, 30]]]], [[0, 53, 71], [[[53, 27], [53, 37]], [[53, 18], [53, 28]]]], [[0, 8, 61, 22, 24, 71], [[[8, 6]], []]], [[0, 34, 10, 12, 32, 39, 54, 71], [[], []]], [[0, 70, 68, 49, 42, 9, 71], [[], []]], [[0, 59, 33, 11, 31, 71], [[[11, 45]], []]], [[0, 64, 5, 47, 62, 71], [[[64, 44], [5, 19]], []]], [[0, 43, 40, 67, 29, 65, 36, 2, 71], [[], []]], [[0, 17, 51, 25, 57, 71], [[], []]], [[0, 55, 35, 56, 71], [[[56, 4]], []]], [[0, 60, 41, 38, 71], [[[41, 63]], []]], [[0, 52, 50, 13, 23, 71], [[], []]], [[0, 20, 3, 15, 21, 71], [[], []]], [[0, 14, 58, 48, 26, 16, 1, 71], [[], []]]], "tot_num_gen_cols": 1833, "tot_num_labels": 1967, "tot_num_route_fixes": 114}