{"problem": {"name": "R101", "datafile": "problems/solomon/25/R101.txt", "num_cust_nodes": 25, "num_tot_nodes": 27, "Gamma": 2, "t_range": 0.25, "Delta": 2, "d_range": 0.25, "num_drones": 2, "drone_time_multiplier": 0.25, "drone_cost_multiplier": 0.25, "flight_limit": 25, "demand_ratio": 0.75}, "timelimit": 3600, "num_cpus": 4, "alg": "BnP", "root_LP": 37594.0, "tot_cg_iterations": 12, "global_lb": 37594.0, "time": 1.396756649017334, "obj": 37594.0, "tot_mp_time": 0.01871180534362793, "tot_sp_time": 1.3609075546264648, "tot_sp_heu1_time": 0.8316488265991211, "tot_sp_heu2_time": 0.4778122901916504, "tot_sp_exact_time": 0.049935340881347656, "tot_num_sp_heu1": 12, "tot_num_sp_heu2": 9, "tot_num_sp_exact": 1, "tot_sp1_time": 4.924866199493408, "tot_sp2_time": 0.10701155662536621, "tot_heu_time": 0.0060443878173828125, "raw_solution": [[[1.0, [0, 5, 18, 26], [[[18, 11], 0], [[18, 19], 1], [[18, 7], 0], [[18, 8], 1], [[18, 17], 0]]], [1.0, [0, 14, 16, 6, 13, 26], []], [1.0, [0, 12, 1, 26], [[[12, 21], 0], [[1, 3], 0], [[1, 9], 1], [[1, 10], 1], [[1, 20], 0]]], [1.0, [0, 23, 4, 26], [[[23, 2], 0], [[23, 15], 1], [[23, 22], 0], [[4, 24], 0], [[4, 25], 1]]]], [[1.0, [1, 3]], [1.0, [1, 9]], [1.0, [1, 10]], [1.0, [1, 20]], [1.0, [4, 24]], [1.0, [4, 25]], [1.0, [12, 21]], [1.0, [18, 7]], [1.0, [18, 8]], [1.0, [18, 11]], [1.0, [18, 17]], [1.0, [18, 19]], [1.0, [23, 2]], [1.0, [23, 15]], [1.0, [23, 22]]]], "solution": [[[0, 5, 18, 26], [[[18, 11], [18, 7], [18, 17]], [[18, 19], [18, 8]]]], [[0, 14, 16, 6, 13, 26], [[], []]], [[0, 12, 1, 26], [[[12, 21], [1, 3], [1, 20]], [[1, 9], [1, 10]]]], [[0, 23, 4, 26], [[[23, 2], [23, 22], [4, 24]], [[23, 15], [4, 25]]]]], "num_bnb_nodes": 1, "num_bnb_remaining_nodes": 0, "tot_num_gen_cols": 112, "tot_num_labels": 188, "termination_status": "Optimal"}