{"problem": {"name": "R101", "datafile": "problems/solomon/25/R101.txt", "num_cust_nodes": 25, "num_tot_nodes": 27, "Gamma": 0, "t_range": 0.25, "Delta": 2, "d_range": 0.25, "num_drones": 2, "drone_time_multiplier": 0.25, "drone_cost_multiplier": 0.25, "flight_limit": 25, "demand_ratio": 0.75}, "timelimit": 3600, "num_cpus": 4, "alg": "BnP", "root_LP": 37488.0, "tot_cg_iterations": 10, "global_lb": 37488.0, "time": 1.1563351154327393, "obj": 37488.0, "tot_mp_time": 0.020247697830200195, "tot_sp_time": 1.1224889755249023, "tot_sp_heu1_time": 0.6891212463378906, "tot_sp_heu2_time": 0.3691842555999756, "tot_sp_exact_time": 0.0628824234008789, "tot_num_sp_heu1": 10, "tot_num_sp_heu2": 6, "tot_num_sp_exact": 1, "tot_sp1_time": 4.028368949890137, "tot_sp2_time": 0.1261284351348877, "tot_heu_time": 0.004026174545288086, "raw_solution": [[[1.0, [0, 5, 18, 26], [[[18, 11], 0], [[18, 19], 1], [[18, 7], 0], [[18, 8], 1], [[18, 10], 0], [[18, 17], 1]]], [1.0, [0, 14, 16, 6, 13, 26], [[[14, 2], 0]]], [1.0, [0, 23, 4, 26], [[[23, 15], 0], [[23, 21], 1], [[23, 22], 1], [[4, 25], 0], [[4, 24], 1]]], [1.0, [0, 12, 1, 26], [[[12, 21], 0], [[1, 3], 0], [[1, 9], 1], [[1, 10], 1], [[1, 20], 0]]]], [[1.0, [1, 3]], [1.0, [1, 9]], [1.0, [1, 10]], [1.0, [1, 20]], [1.0, [4, 24]], [1.0, [4, 25]], [1.0, [12, 21]], [1.0, [14, 2]], [1.0, [18, 7]], [1.0, [18, 8]], [1.0, [18, 11]], [1.0, [18, 17]], [1.0, [18, 19]], [1.0, [23, 15]], [1.0, [23, 22]]]], "solution": [[[0, 5, 18, 26], [[[18, 11], [18, 7]], [[18, 19], [18, 8], [18, 17]]]], [[0, 14, 16, 6, 13, 26], [[[14, 2]], []]], [[0, 23, 4, 26], [[[23, 15], [4, 25]], [[23, 22], [4, 24]]]], [[0, 12, 1, 26], [[[12, 21], [1, 3], [1, 20]], [[1, 9], [1, 10]]]]], "num_bnb_nodes": 1, "num_bnb_remaining_nodes": 0, "tot_num_gen_cols": 120, "tot_num_labels": 194, "termination_status": "Optimal"}