{"problem": {"name": "R101", "datafile": "problems/solomon/25/R101.txt", "num_cust_nodes": 25, "num_tot_nodes": 27, "Gamma": 2, "t_range": 0.25, "Delta": 2, "d_range": 0.25, "num_drones": 1, "drone_time_multiplier": 0.25, "drone_cost_multiplier": 0.25, "flight_limit": 25, "demand_ratio": 0.75}, "timelimit": 3600, "num_cpus": 4, "alg": "BnP", "root_LP": 39545.166666666664, "tot_cg_iterations": 39, "global_lb": 39817.0, "time": 5.811813831329346, "obj": 39817.0, "tot_mp_time": 0.03011608123779297, "tot_sp_time": 5.611155271530151, "tot_sp_heu1_time": 2.289651870727539, "tot_sp_heu2_time": 2.475820779800415, "tot_sp_exact_time": 0.8394155502319336, "tot_num_sp_heu1": 39, "tot_num_sp_heu2": 35, "tot_num_sp_exact": 13, "tot_sp1_time": 14.658904314041138, "tot_sp2_time": 5.0336408615112305, "tot_heu_time": 0.12238073348999023, "raw_solution": [[[1.0, [0, 12, 26], [[[12, 21], 0], [[12, 3], 0], [[12, 24], 0], [[12, 25], 0]]], [1.0, [0, 14, 16, 6, 13, 26], []], [1.0, [0, 10, 1, 26], [[[10, 11], 0], [[10, 19], 0], [[10, 9], 0], [[10, 20], 0]]], [1.0, [0, 23, 4, 26], [[[23, 15], 0], [[23, 22], 0], [[4, 24], 0], [[4, 25], 0]]], [1.0, [0, 5, 18, 26], [[[5, 2], 0], [[18, 7], 0], [[18, 8], 0], [[18, 17], 0]]]], [[1.0, [4, 25]], [1.0, [5, 2]], [1.0, [10, 9]], [1.0, [10, 11]], [1.0, [10, 19]], [1.0, [10, 20]], [1.0, [12, 3]], [1.0, [12, 21]], [1.0, [12, 24]], [1.0, [18, 7]], [1.0, [18, 8]], [1.0, [18, 17]], [1.0, [23, 15]], [1.0, [23, 22]]]], "solution": [[[0, 12, 26], [[[12, 21], [12, 3], [12, 24]]]], [[0, 14, 16, 6, 13, 26], [[]]], [[0, 10, 1, 26], [[[10, 11], [10, 19], [10, 9], [10, 20]]]], [[0, 23, 4, 26], [[[23, 15], [23, 22], [4, 25]]]], [[0, 5, 18, 26], [[[5, 2], [18, 7], [18, 8], [18, 17]]]]], "num_bnb_nodes": 19, "num_bnb_remaining_nodes": 0, "tot_num_gen_cols": 189, "tot_num_labels": 2206, "termination_status": "Optimal"}