{"problem": {"name": "R101", "datafile": "problems/solomon/25/R101.txt", "num_cust_nodes": 25, "num_tot_nodes": 27, "Gamma": 1, "t_range": 0.25, "Delta": 2, "d_range": 0.25, "num_drones": 2, "drone_time_multiplier": 0.25, "drone_cost_multiplier": 0.25, "flight_limit": 25, "demand_ratio": 0.75}, "timelimit": 3600, "num_cpus": 4, "alg": "BnP", "root_LP": 37594.0, "tot_cg_iterations": 13, "global_lb": 37594.0, "time": 1.6233983039855957, "obj": 37594.0, "tot_mp_time": 0.025195837020874023, "tot_sp_time": 1.5798366069793701, "tot_sp_heu1_time": 0.924917459487915, "tot_sp_heu2_time": 0.5765244960784912, "tot_sp_exact_time": 0.0763542652130127, "tot_num_sp_heu1": 13, "tot_num_sp_heu2": 9, "tot_num_sp_exact": 1, "tot_sp1_time": 5.648077011108398, "tot_sp2_time": 0.10573220252990723, "tot_heu_time": 0.005230426788330078, "raw_solution": [[[1.0, [0, 14, 16, 6, 13, 26], [[[16, 15], 0]]], [1.0, [0, 5, 18, 26], [[[18, 11], 0], [[18, 19], 1], [[18, 7], 0], [[18, 8], 1], [[18, 10], 0], [[18, 17], 1]]], [1.0, [0, 23, 4, 26], [[[23, 2], 0], [[23, 22], 1], [[4, 24], 0], [[4, 25], 1]]], [1.0, [0, 12, 1, 26], [[[12, 21], 0], [[1, 3], 0], [[1, 9], 1], [[1, 10], 1], [[1, 20], 0]]]], [[1.0, [1, 3]], [1.0, [1, 9]], [1.0, [1, 10]], [1.0, [1, 20]], [1.0, [4, 24]], [1.0, [4, 25]], [1.0, [12, 21]], [1.0, [16, 15]], [1.0, [18, 7]], [1.0, [18, 8]], [1.0, [18, 11]], [1.0, [18, 17]], [1.0, [18, 19]], [1.0, [23, 2]], [1.0, [23, 22]]]], "solution": [[[0, 14, 16, 6, 13, 26], [[[16, 15]], []]], [[0, 5, 18, 26], [[[18, 11], [18, 7]], [[18, 19], [18, 8], [18, 17]]]], [[0, 23, 4, 26], [[[23, 2], [4, 24]], [[23, 22], [4, 25]]]], [[0, 12, 1, 26], [[[12, 21], [1, 3], [1, 20]], [[1, 9], [1, 10]]]]], "num_bnb_nodes": 1, "num_bnb_remaining_nodes": 0, "tot_num_gen_cols": 108, "tot_num_labels": 173, "termination_status": "Optimal"}