{"problem": {"name": "R101", "datafile": "problems/solomon/25/R101.txt", "num_cust_nodes": 25, "num_tot_nodes": 27, "Gamma": 2, "t_range": 0.25, "Delta": 2, "d_range": 0.25, "num_drones": 0, "drone_time_multiplier": 0.25, "drone_cost_multiplier": 0.25, "flight_limit": 0, "demand_ratio": 0.75}, "timelimit": 3600, "num_cpus": 4, "alg": "BnP", "root_LP": 67283.0, "tot_cg_iterations": 7, "global_lb": 67283.0, "time": 0.5086812973022461, "obj": 67283.0, "tot_mp_time": 0.0077970027923583984, "tot_sp_time": 0.490480899810791, "tot_sp_heu1_time": 0.3832516670227051, "tot_sp_heu2_time": 0.05298304557800293, "tot_sp_exact_time": 0.05348968505859375, "tot_num_sp_heu1": 7, "tot_num_sp_heu2": 1, "tot_num_sp_exact": 1, "tot_sp1_time": 1.8334617614746094, "tot_sp2_time": 0.002395153045654297, "tot_heu_time": 0.003409862518310547, "raw_solution": [[[1.0, [0, 7, 26], []], [1.0, [0, 8, 17, 26], []], [1.0, [0, 11, 19, 10, 26], []], [1.0, [0, 12, 9, 20, 1, 26], []], [1.0, [0, 2, 18, 26], []], [1.0, [0, 5, 16, 6, 26], []], [1.0, [0, 21, 3, 24, 26], []], [1.0, [0, 23, 22, 4, 25, 26], []], [1.0, [0, 14, 15, 13, 26], []]], []], "solution": [[[0, 7, 26], []], [[0, 8, 17, 26], []], [[0, 11, 19, 10, 26], []], [[0, 12, 9, 20, 1, 26], []], [[0, 2, 18, 26], []], [[0, 5, 16, 6, 26], []], [[0, 21, 3, 24, 26], []], [[0, 23, 22, 4, 25, 26], []], [[0, 14, 15, 13, 26], []]], "num_bnb_nodes": 1, "num_bnb_remaining_nodes": 0, "tot_num_gen_cols": 137, "tot_num_labels": 150, "termination_status": "Optimal"}