{"problem": {"name": "R102", "datafile": "problems/solomon/25/R102.txt", "num_cust_nodes": 25, "num_tot_nodes": 27, "Gamma": 2, "t_range": 0.25, "Delta": 1, "d_range": 0.25, "num_drones": 2, "drone_time_multiplier": 0.25, "drone_cost_multiplier": 0.25, "flight_limit": 25, "demand_ratio": 0.75}, "timelimit": 3600, "num_cpus": 4, "alg": "BnP", "root_LP": 34781.0, "tot_cg_iterations": 38, "global_lb": 34842.0, "time": 13.201632261276245, "obj": 34906.0, "tot_mp_time": 0.04624199867248535, "tot_sp_time": 13.029749155044556, "tot_sp_heu1_time": 5.164687156677246, "tot_sp_heu2_time": 5.824195384979248, "tot_sp_exact_time": 2.0317189693450928, "tot_num_sp_heu1": 38, "tot_num_sp_heu2": 31, "tot_num_sp_exact": 11, "tot_sp1_time": 38.44302201271057, "tot_sp2_time": 9.197086334228516, "tot_heu_time": 0.07354879379272461, "raw_solution": [[[1.0, [0, 14, 16, 5, 26], [[[5, 17], 0], [[5, 8], 1]]], [1.0, [0, 1, 10, 26], [[[10, 7], 0], [[10, 9], 1], [[10, 11], 0], [[10, 19], 0], [[10, 20], 0]]], [1.0, [0, 13, 26], [[[13, 2], 0], [[13, 6], 1], [[13, 15], 0], [[13, 18], 0]]], [1.0, [0, 12, 23, 4, 26], [[[12, 3], 0], [[23, 22], 0], [[4, 21], 0], [[4, 24], 1], [[4, 25], 0]]]], [[1.0, [4, 21]], [1.0, [4, 24]], [1.0, [4, 25]], [1.0, [5, 8]], [1.0, [5, 17]], [1.0, [10, 7]], [1.0, [10, 9]], [1.0, [10, 11]], [1.0, [10, 19]], [1.0, [10, 20]], [1.0, [12, 3]], [1.0, [13, 2]], [1.0, [13, 6]], [1.0, [13, 15]], [1.0, [13, 18]], [1.0, [23, 22]]]], "solution": [[[0, 14, 16, 5, 26], [[[5, 17]], [[5, 8]]]], [[0, 1, 10, 26], [[[10, 7], [10, 11], [10, 19], [10, 20]], [[10, 9]]]], [[0, 13, 26], [[[13, 2], [13, 15], [13, 18]], [[13, 6]]]], [[0, 12, 23, 4, 26], [[[12, 3], [23, 22], [4, 21], [4, 25]], [[4, 24]]]]], "num_bnb_nodes": 7, "num_bnb_remaining_nodes": 0, "tot_num_gen_cols": 269, "tot_num_labels": 9360, "termination_status": "Optimal"}