{"problem": {"name": "R102", "datafile": "problems/solomon/25/R102.txt", "num_cust_nodes": 25, "num_tot_nodes": 27, "Gamma": 2, "t_range": 0.25, "Delta": 0, "d_range": 0.25, "num_drones": 2, "drone_time_multiplier": 0.25, "drone_cost_multiplier": 0.25, "flight_limit": 25, "demand_ratio": 0.75}, "timelimit": 3600, "num_cpus": 4, "alg": "BnP", "root_LP": 34628.0, "tot_cg_iterations": 15, "global_lb": 34628.0, "time": 6.321300029754639, "obj": 34628.0, "tot_mp_time": 0.019098520278930664, "tot_sp_time": 6.271685361862183, "tot_sp_heu1_time": 2.1677346229553223, "tot_sp_heu2_time": 3.565524101257324, "tot_sp_exact_time": 0.5326311588287354, "tot_num_sp_heu1": 15, "tot_num_sp_heu2": 11, "tot_num_sp_exact": 3, "tot_sp1_time": 12.403549671173096, "tot_sp2_time": 10.225149393081665, "tot_heu_time": 0.005800962448120117, "raw_solution": [[[1.0, [0, 18, 26], [[[18, 7], 0], [[18, 11], 1], [[18, 19], 0], [[18, 8], 1], [[18, 17], 0]]], [1.0, [0, 14, 16, 5, 13, 26], [[[16, 15], 0], [[5, 6], 0], [[13, 2], 0]]], [1.0, [0, 1, 26], [[[1, 9], 0], [[1, 10], 1], [[1, 20], 0]]], [1.0, [0, 12, 23, 4, 21, 26], [[[12, 3], 0], [[23, 22], 0], [[4, 24], 0], [[4, 25], 1]]]], [[1.0, [1, 9]], [1.0, [1, 10]], [1.0, [1, 20]], [1.0, [4, 24]], [1.0, [4, 25]], [1.0, [5, 6]], [1.0, [12, 3]], [1.0, [13, 2]], [1.0, [16, 15]], [1.0, [18, 7]], [1.0, [18, 8]], [1.0, [18, 11]], [1.0, [18, 17]], [1.0, [18, 19]], [1.0, [23, 22]]]], "solution": [[[0, 18, 26], [[[18, 7], [18, 19], [18, 17]], [[18, 11], [18, 8]]]], [[0, 14, 16, 5, 13, 26], [[[16, 15], [5, 6], [13, 2]], []]], [[0, 1, 26], [[[1, 9], [1, 20]], [[1, 10]]]], [[0, 12, 23, 4, 21, 26], [[[12, 3], [23, 22], [4, 24]], [[4, 25]]]]], "num_bnb_nodes": 1, "num_bnb_remaining_nodes": 0, "tot_num_gen_cols": 234, "tot_num_labels": 4795, "termination_status": "Optimal"}