{"problem": {"name": "R102", "datafile": "problems/solomon/25/R102.txt", "num_cust_nodes": 25, "num_tot_nodes": 27, "Gamma": 1, "t_range": 0.25, "Delta": 2, "d_range": 0.25, "num_drones": 2, "drone_time_multiplier": 0.25, "drone_cost_multiplier": 0.25, "flight_limit": 25, "demand_ratio": 0.75}, "timelimit": 3600, "num_cpus": 4, "alg": "BnP", "root_LP": 34140.0, "tot_cg_iterations": 15, "global_lb": 34140.0, "time": 5.5470921993255615, "obj": 34140.0, "tot_mp_time": 0.031252145767211914, "tot_sp_time": 5.481890678405762, "tot_sp_heu1_time": 2.014399766921997, "tot_sp_heu2_time": 2.668524742126465, "tot_sp_exact_time": 0.7939848899841309, "tot_num_sp_heu1": 15, "tot_num_sp_heu2": 9, "tot_num_sp_exact": 3, "tot_sp1_time": 12.606809616088867, "tot_sp2_time": 5.246783018112183, "tot_heu_time": 0.006082773208618164, "raw_solution": [[[1.0, [0, 1, 26], [[[1, 3], 0], [[1, 9], 1], [[1, 10], 0], [[1, 20], 1]]], [1.0, [0, 14, 16, 5, 13, 26], [[[16, 15], 0], [[5, 6], 0], [[5, 8], 1], [[13, 2], 0]]], [1.0, [0, 18, 26], [[[18, 7], 0], [[18, 11], 1], [[18, 19], 0], [[18, 8], 1], [[18, 17], 0]]], [1.0, [0, 21, 23, 4, 12, 26], [[[23, 22], 0], [[4, 24], 0], [[4, 25], 1]]]], [[1.0, [1, 3]], [1.0, [1, 9]], [1.0, [1, 10]], [1.0, [1, 20]], [1.0, [4, 24]], [1.0, [4, 25]], [1.0, [5, 6]], [1.0, [13, 2]], [1.0, [16, 15]], [1.0, [18, 7]], [1.0, [18, 8]], [1.0, [18, 11]], [1.0, [18, 17]], [1.0, [18, 19]], [1.0, [23, 22]]]], "solution": [[[0, 1, 26], [[[1, 3], [1, 10]], [[1, 9], [1, 20]]]], [[0, 14, 16, 5, 13, 26], [[[16, 15], [5, 6], [13, 2]], []]], [[0, 18, 26], [[[18, 7], [18, 19], [18, 17]], [[18, 11], [18, 8]]]], [[0, 21, 23, 4, 12, 26], [[[23, 22], [4, 24]], [[4, 25]]]]], "num_bnb_nodes": 1, "num_bnb_remaining_nodes": 0, "tot_num_gen_cols": 248, "tot_num_labels": 8408, "termination_status": "Optimal"}