{"problem": {"name": "R102", "datafile": "problems/solomon/25/R102.txt", "num_cust_nodes": 25, "num_tot_nodes": 27, "Gamma": 0, "t_range": 0.25, "Delta": 2, "d_range": 0.25, "num_drones": 2, "drone_time_multiplier": 0.25, "drone_cost_multiplier": 0.25, "flight_limit": 25, "demand_ratio": 0.75}, "timelimit": 3600, "num_cpus": 4, "alg": "BnP", "root_LP": 34137.0, "tot_cg_iterations": 16, "global_lb": 34137.0, "time": 4.538824796676636, "obj": 34137.0, "tot_mp_time": 0.03578591346740723, "tot_sp_time": 4.465738534927368, "tot_sp_heu1_time": 2.1023147106170654, "tot_sp_heu2_time": 1.8202590942382812, "tot_sp_exact_time": 0.539649248123169, "tot_num_sp_heu1": 16, "tot_num_sp_heu2": 9, "tot_num_sp_exact": 2, "tot_sp1_time": 13.718976259231567, "tot_sp2_time": 3.1092400550842285, "tot_heu_time": 0.010273933410644531, "raw_solution": [[[1.0, [0, 21, 23, 4, 12, 26], [[[21, 2], 0], [[23, 22], 0], [[4, 24], 0], [[4, 25], 1]]], [1.0, [0, 1, 26], [[[1, 3], 0], [[1, 9], 1], [[1, 10], 0], [[1, 20], 1]]], [1.0, [0, 18, 6, 13, 26], [[[18, 7], 0], [[18, 11], 1], [[18, 19], 0], [[13, 2], 0]]], [1.0, [0, 14, 16, 5, 26], [[[16, 15], 0], [[5, 8], 0], [[5, 17], 1]]]], [[1.0, [1, 3]], [1.0, [1, 9]], [1.0, [1, 10]], [1.0, [1, 20]], [1.0, [4, 24]], [1.0, [4, 25]], [1.0, [5, 8]], [1.0, [5, 17]], [1.0, [13, 2]], [1.0, [16, 15]], [1.0, [18, 7]], [1.0, [18, 11]], [1.0, [18, 19]], [1.0, [23, 22]]]], "solution": [[[0, 21, 23, 4, 12, 26], [[[23, 22], [4, 24]], [[4, 25]]]], [[0, 1, 26], [[[1, 3], [1, 10]], [[1, 9], [1, 20]]]], [[0, 18, 6, 13, 26], [[[18, 7], [18, 19], [13, 2]], [[18, 11]]]], [[0, 14, 16, 5, 26], [[[16, 15], [5, 8]], [[5, 17]]]]], "num_bnb_nodes": 1, "num_bnb_remaining_nodes": 0, "tot_num_gen_cols": 275, "tot_num_labels": 16805, "termination_status": "Optimal"}