{"problem": {"name": "R103", "datafile": "problems/solomon/25/R103.txt", "num_cust_nodes": 25, "num_tot_nodes": 27, "Gamma": 0, "t_range": 0.25, "Delta": 1, "d_range": 0.25, "num_drones": 2, "drone_time_multiplier": 0.25, "drone_cost_multiplier": 0.25, "flight_limit": 25, "demand_ratio": 0.75}, "timelimit": 3600, "num_cpus": 4, "alg": "BnP", "root_LP": 32475.0, "tot_cg_iterations": 20, "global_lb": 32475.0, "time": 25.24137234687805, "obj": 32475.0, "tot_mp_time": 0.029799938201904297, "tot_sp_time": 25.170039415359497, "tot_sp_heu1_time": 5.15492057800293, "tot_sp_heu2_time": 16.57267141342163, "tot_sp_exact_time": 3.437948226928711, "tot_num_sp_heu1": 20, "tot_num_sp_heu2": 10, "tot_num_sp_exact": 3, "tot_sp1_time": 45.4216730594635, "tot_sp2_time": 49.01581168174744, "tot_heu_time": 0.008872270584106445, "raw_solution": [[[1.0, [0, 13, 26], [[[13, 15], 0], [[13, 21], 1], [[13, 2], 1], [[13, 18], 1], [[13, 22], 1], [[13, 6], 0]]], [1.0, [0, 1, 26], [[[1, 3], 0], [[1, 9], 1], [[1, 10], 0], [[1, 20], 1]]], [1.0, [0, 21, 23, 4, 12, 26], [[[23, 22], 0], [[4, 24], 0], [[4, 25], 1]]], [1.0, [0, 18, 5, 16, 14, 26], [[[18, 7], 0], [[18, 8], 1], [[18, 11], 0], [[18, 19], 0], [[16, 17], 0]]]], [[1.0, [1, 3]], [1.0, [1, 9]], [1.0, [1, 10]], [1.0, [1, 20]], [1.0, [4, 24]], [1.0, [4, 25]], [1.0, [13, 2]], [1.0, [13, 6]], [1.0, [13, 15]], [1.0, [16, 17]], [1.0, [18, 7]], [1.0, [18, 8]], [1.0, [18, 11]], [1.0, [18, 19]], [1.0, [23, 22]]]], "solution": [[[0, 13, 26], [[[13, 15], [13, 6]], [[13, 2]]]], [[0, 1, 26], [[[1, 3], [1, 10]], [[1, 9], [1, 20]]]], [[0, 21, 23, 4, 12, 26], [[[23, 22], [4, 24]], [[4, 25]]]], [[0, 18, 5, 16, 14, 26], [[[18, 7], [18, 11], [18, 19], [16, 17]], [[18, 8]]]]], "num_bnb_nodes": 1, "num_bnb_remaining_nodes": 0, "tot_num_gen_cols": 310, "tot_num_labels": 178180, "termination_status": "Optimal"}