{"problem": {"name": "R103", "datafile": "problems/solomon/25/R103.txt", "num_cust_nodes": 25, "num_tot_nodes": 27, "Gamma": 2, "t_range": 0.25, "Delta": 2, "d_range": 0.25, "num_drones": 0, "drone_time_multiplier": 0.25, "drone_cost_multiplier": 0.25, "flight_limit": 0, "demand_ratio": 0.75}, "timelimit": 3600, "num_cpus": 4, "alg": "BnP", "root_LP": 46482.0, "tot_cg_iterations": 13, "global_lb": 46482.0, "time": 1.4212098121643066, "obj": 46482.0, "tot_mp_time": 0.011203289031982422, "tot_sp_time": 1.3777642250061035, "tot_sp_heu1_time": 1.1059222221374512, "tot_sp_heu2_time": 0.1562659740447998, "tot_sp_exact_time": 0.11383652687072754, "tot_num_sp_heu1": 13, "tot_num_sp_heu2": 1, "tot_num_sp_exact": 1, "tot_sp1_time": 5.200960874557495, "tot_sp2_time": 0.00632476806640625, "tot_heu_time": 0.00852823257446289, "raw_solution": [[[1.0, [0, 6, 13, 26], []], [1.0, [0, 7, 19, 11, 10, 26], []], [1.0, [0, 1, 20, 9, 3, 24, 12, 26], []], [1.0, [0, 2, 15, 14, 16, 17, 5, 26], []], [1.0, [0, 8, 18, 26], []], [1.0, [0, 21, 23, 22, 4, 25, 26], []]], []], "solution": [[[0, 6, 13, 26], []], [[0, 7, 19, 11, 10, 26], []], [[0, 1, 20, 9, 3, 24, 12, 26], []], [[0, 2, 15, 14, 16, 17, 5, 26], []], [[0, 8, 18, 26], []], [[0, 21, 23, 22, 4, 25, 26], []]], "num_bnb_nodes": 1, "num_bnb_remaining_nodes": 0, "tot_num_gen_cols": 313, "tot_num_labels": 331, "termination_status": "Optimal"}