{"problem": {"name": "R103", "datafile": "problems/solomon/25/R103.txt", "num_cust_nodes": 25, "num_tot_nodes": 27, "Gamma": 1, "t_range": 0.25, "Delta": 2, "d_range": 0.25, "num_drones": 2, "drone_time_multiplier": 0.25, "drone_cost_multiplier": 0.25, "flight_limit": 25, "demand_ratio": 0.75}, "timelimit": 3600, "num_cpus": 4, "alg": "BnP", "root_LP": 33208.0, "tot_cg_iterations": 18, "global_lb": 33208.0, "time": 35.32917356491089, "obj": 33208.0, "tot_mp_time": 0.03560638427734375, "tot_sp_time": 35.241798639297485, "tot_sp_heu1_time": 3.282275438308716, "tot_sp_heu2_time": 28.955509424209595, "tot_sp_exact_time": 2.9982898235321045, "tot_num_sp_heu1": 18, "tot_num_sp_heu2": 11, "tot_num_sp_exact": 3, "tot_sp1_time": 33.52857804298401, "tot_sp2_time": 103.97887086868286, "tot_heu_time": 0.012871742248535156, "raw_solution": [[[1.0, [0, 13, 26], [[[13, 15], 0], [[13, 21], 1], [[13, 2], 1], [[13, 18], 1], [[13, 22], 1], [[13, 6], 0]]], [1.0, [0, 1, 26], [[[1, 3], 0], [[1, 7], 1], [[1, 9], 0], [[1, 10], 1], [[1, 20], 0]]], [1.0, [0, 21, 23, 4, 12, 26], [[[23, 15], 0], [[23, 22], 1], [[4, 24], 0], [[4, 25], 1]]], [1.0, [0, 18, 5, 16, 14, 26], [[[18, 7], 0], [[18, 11], 1], [[18, 19], 0], [[5, 8], 0], [[5, 6], 1], [[14, 17], 0]]]], [[1.0, [1, 3]], [1.0, [1, 9]], [1.0, [1, 10]], [1.0, [1, 20]], [1.0, [4, 24]], [1.0, [4, 25]], [1.0, [5, 8]], [1.0, [13, 2]], [1.0, [13, 6]], [1.0, [13, 15]], [1.0, [14, 17]], [1.0, [18, 7]], [1.0, [18, 11]], [1.0, [18, 19]], [1.0, [23, 22]]]], "solution": [[[0, 13, 26], [[[13, 15], [13, 6]], [[13, 2]]]], [[0, 1, 26], [[[1, 3], [1, 9], [1, 20]], [[1, 10]]]], [[0, 21, 23, 4, 12, 26], [[[4, 24]], [[23, 22], [4, 25]]]], [[0, 18, 5, 16, 14, 26], [[[18, 7], [18, 19], [5, 8], [14, 17]], [[18, 11]]]]], "num_bnb_nodes": 1, "num_bnb_remaining_nodes": 0, "tot_num_gen_cols": 352, "tot_num_labels": 102962, "termination_status": "Optimal"}