{"problem": {"name": "R103", "datafile": "problems/solomon/25/R103.txt", "num_cust_nodes": 25, "num_tot_nodes": 27, "Gamma": 0, "t_range": 0.25, "Delta": 0, "d_range": 0.25, "num_drones": 2, "drone_time_multiplier": 0.25, "drone_cost_multiplier": 0.25, "flight_limit": 25, "demand_ratio": 0.75}, "timelimit": 3600, "num_cpus": 4, "alg": "BnP", "root_LP": 32475.0, "tot_cg_iterations": 18, "global_lb": 32475.0, "time": 19.62913727760315, "obj": 32475.0, "tot_mp_time": 0.03921771049499512, "tot_sp_time": 19.547600269317627, "tot_sp_heu1_time": 3.156996965408325, "tot_sp_heu2_time": 13.602818965911865, "tot_sp_exact_time": 2.782837390899658, "tot_num_sp_heu1": 18, "tot_num_sp_heu2": 11, "tot_num_sp_exact": 2, "tot_sp1_time": 42.765270948410034, "tot_sp2_time": 31.26371431350708, "tot_heu_time": 0.00832056999206543, "raw_solution": [[[1.0, [0, 13, 26], [[[13, 15], 0], [[13, 21], 1], [[13, 2], 1], [[13, 18], 1], [[13, 22], 1], [[13, 6], 0]]], [1.0, [0, 18, 5, 16, 14, 26], [[[18, 7], 0], [[18, 8], 1], [[18, 11], 0], [[18, 19], 0], [[16, 17], 0]]], [1.0, [0, 21, 23, 4, 12, 26], [[[23, 22], 0], [[4, 24], 0], [[4, 25], 1]]], [1.0, [0, 1, 26], [[[1, 3], 0], [[1, 9], 1], [[1, 10], 0], [[1, 20], 1]]]], [[1.0, [1, 3]], [1.0, [1, 9]], [1.0, [1, 10]], [1.0, [1, 20]], [1.0, [4, 24]], [1.0, [4, 25]], [1.0, [13, 2]], [1.0, [13, 6]], [1.0, [13, 15]], [1.0, [16, 17]], [1.0, [18, 7]], [1.0, [18, 8]], [1.0, [18, 11]], [1.0, [18, 19]], [1.0, [23, 22]]]], "solution": [[[0, 13, 26], [[[13, 15], [13, 6]], [[13, 2]]]], [[0, 18, 5, 16, 14, 26], [[[18, 7], [18, 11], [18, 19], [16, 17]], [[18, 8]]]], [[0, 21, 23, 4, 12, 26], [[[23, 22], [4, 24]], [[4, 25]]]], [[0, 1, 26], [[[1, 3], [1, 10]], [[1, 9], [1, 20]]]]], "num_bnb_nodes": 1, "num_bnb_remaining_nodes": 0, "tot_num_gen_cols": 328, "tot_num_labels": 220531, "termination_status": "Optimal"}