{"problem": {"name": "R103", "datafile": "problems/solomon/25/R103.txt", "num_cust_nodes": 25, "num_tot_nodes": 27, "Gamma": 2, "t_range": 0.25, "Delta": 2, "d_range": 0.25, "num_drones": 2, "drone_time_multiplier": 0.25, "drone_cost_multiplier": 0.25, "flight_limit": 25, "demand_ratio": 0.75}, "timelimit": 3600, "num_cpus": 4, "alg": "BnP", "root_LP": 33697.0, "tot_cg_iterations": 27, "global_lb": 33726.5, "time": 49.85998177528381, "obj": 33741.0, "tot_mp_time": 0.02347707748413086, "tot_sp_time": 49.74136519432068, "tot_sp_heu1_time": 4.066105365753174, "tot_sp_heu2_time": 40.74980068206787, "tot_sp_exact_time": 4.918279409408569, "tot_num_sp_heu1": 27, "tot_num_sp_heu2": 17, "tot_num_sp_exact": 7, "tot_sp1_time": 37.33680176734924, "tot_sp2_time": 145.16255259513855, "tot_heu_time": 0.0487523078918457, "raw_solution": [[[1.0, [0, 13, 26], [[[13, 15], 0], [[13, 21], 1], [[13, 2], 1], [[13, 18], 1], [[13, 22], 1], [[13, 6], 0]]], [1.0, [0, 12, 23, 4, 26], [[[12, 3], 0], [[12, 24], 1], [[23, 22], 0], [[4, 21], 0], [[4, 25], 1]]], [1.0, [0, 1, 26], [[[1, 9], 0], [[1, 10], 1], [[1, 20], 0]]], [1.0, [0, 18, 5, 16, 14, 26], [[[18, 7], 0], [[18, 11], 1], [[18, 19], 0], [[5, 8], 0], [[5, 6], 1], [[14, 17], 0]]]], [[1.0, [1, 9]], [1.0, [1, 10]], [1.0, [1, 20]], [1.0, [4, 21]], [1.0, [4, 25]], [1.0, [5, 8]], [1.0, [12, 3]], [1.0, [12, 24]], [1.0, [13, 2]], [1.0, [13, 6]], [1.0, [13, 15]], [1.0, [14, 17]], [1.0, [18, 7]], [1.0, [18, 11]], [1.0, [18, 19]], [1.0, [23, 22]]]], "solution": [[[0, 13, 26], [[[13, 15], [13, 6]], [[13, 2]]]], [[0, 12, 23, 4, 26], [[[12, 3], [23, 22], [4, 21]], [[12, 24], [4, 25]]]], [[0, 1, 26], [[[1, 9], [1, 20]], [[1, 10]]]], [[0, 18, 5, 16, 14, 26], [[[18, 7], [18, 19], [5, 8], [14, 17]], [[18, 11]]]]], "num_bnb_nodes": 5, "num_bnb_remaining_nodes": 0, "tot_num_gen_cols": 317, "tot_num_labels": 139257, "termination_status": "Optimal"}