{"problem": {"name": "R103", "datafile": "problems/solomon/25/R103.txt", "num_cust_nodes": 25, "num_tot_nodes": 27, "Gamma": 2, "t_range": 0.25, "Delta": 0, "d_range": 0.25, "num_drones": 2, "drone_time_multiplier": 0.25, "drone_cost_multiplier": 0.25, "flight_limit": 25, "demand_ratio": 0.75}, "timelimit": 3600, "num_cpus": 4, "alg": "BnP", "root_LP": 33544.0, "tot_cg_iterations": 20, "global_lb": 33544.0, "time": 36.40113353729248, "obj": 33544.0, "tot_mp_time": 0.026671409606933594, "tot_sp_time": 36.31558442115784, "tot_sp_heu1_time": 3.8338944911956787, "tot_sp_heu2_time": 30.408155918121338, "tot_sp_exact_time": 2.066038131713867, "tot_num_sp_heu1": 20, "tot_num_sp_heu2": 13, "tot_num_sp_exact": 2, "tot_sp1_time": 26.635043621063232, "tot_sp2_time": 112.39827704429626, "tot_heu_time": 0.009027957916259766, "raw_solution": [[[1.0, [0, 13, 26], [[[13, 15], 0], [[13, 21], 1], [[13, 2], 1], [[13, 18], 1], [[13, 22], 1], [[13, 6], 0]]], [1.0, [0, 1, 26], [[[1, 3], 0], [[1, 9], 1], [[1, 10], 0], [[1, 20], 1]]], [1.0, [0, 18, 5, 16, 14, 26], [[[18, 7], 0], [[18, 11], 1], [[18, 19], 0], [[5, 8], 0], [[14, 17], 0]]], [1.0, [0, 12, 23, 4, 21, 26], [[[12, 3], 0], [[12, 24], 1], [[23, 22], 0], [[4, 25], 0]]]], [[1.0, [1, 9]], [1.0, [1, 10]], [1.0, [1, 20]], [1.0, [4, 25]], [1.0, [5, 8]], [1.0, [12, 3]], [1.0, [12, 24]], [1.0, [13, 2]], [1.0, [13, 6]], [1.0, [13, 15]], [1.0, [14, 17]], [1.0, [18, 7]], [1.0, [18, 11]], [1.0, [18, 19]], [1.0, [23, 22]]]], "solution": [[[0, 13, 26], [[[13, 15], [13, 6]], [[13, 2]]]], [[0, 1, 26], [[[1, 10]], [[1, 9], [1, 20]]]], [[0, 18, 5, 16, 14, 26], [[[18, 7], [18, 19], [5, 8], [14, 17]], [[18, 11]]]], [[0, 12, 23, 4, 21, 26], [[[12, 3], [23, 22], [4, 25]], [[12, 24]]]]], "num_bnb_nodes": 1, "num_bnb_remaining_nodes": 0, "tot_num_gen_cols": 359, "tot_num_labels": 77614, "termination_status": "Optimal"}