{"problem": {"name": "R103", "datafile": "problems/solomon/25/R103.txt", "num_cust_nodes": 25, "num_tot_nodes": 27, "Gamma": 2, "t_range": 0.25, "Delta": 2, "d_range": 0.25, "num_drones": 2, "drone_time_multiplier": 0.25, "drone_cost_multiplier": 0.25, "flight_limit": 25, "demand_ratio": 0.75}, "timelimit": 3600, "num_cpus": 4, "alg": "MIP", "time": 3600.0209782123566, "root_LP": 25731.665443873804, "obj": 34132.0, "final_gap": 0.12741799871430423, "global_lb": 29782.968867883355, "num_bnb_nodes": 190633, "num_bnb_remaining_nodes": 104221, "solution": [[[0, 1, 26], [[[1, 10], [1, 20]], [[1, 9]]]], [[0, 5, 16, 14, 13, 26], [[], [[13, 2]]]], [[0, 12, 23, 4, 26], [[], [[4, 21], [4, 25]]]], [[0, 18, 26], [[[18, 7], [18, 6], [18, 17]], [[18, 11], [18, 8], [18, 19]]]]], "termination_status": "time limit exceeded"}