{"problem": {"name": "R104", "datafile": "problems/solomon/25/R104.txt", "num_cust_nodes": 25, "num_tot_nodes": 27, "Gamma": 0, "t_range": 0.25, "Delta": 1, "d_range": 0.25, "num_drones": 2, "drone_time_multiplier": 0.25, "drone_cost_multiplier": 0.25, "flight_limit": 25, "demand_ratio": 0.75}, "timelimit": 3600, "num_cpus": 4, "alg": "BnP", "root_LP": 31469.0, "tot_cg_iterations": 22, "global_lb": 31469.0, "time": 38.210360527038574, "obj": 31469.0, "tot_mp_time": 0.04072260856628418, "tot_sp_time": 38.10800290107727, "tot_sp_heu1_time": 4.6028523445129395, "tot_sp_heu2_time": 22.907646656036377, "tot_sp_exact_time": 10.591454982757568, "tot_num_sp_heu1": 22, "tot_num_sp_heu2": 12, "tot_num_sp_exact": 2, "tot_sp1_time": 120.35169053077698, "tot_sp2_time": 26.38244080543518, "tot_heu_time": 0.01536703109741211, "raw_solution": [[[1.0, [0, 6, 5, 16, 14, 13, 26], [[[5, 17], 0], [[16, 8], 0], [[16, 15], 1], [[13, 2], 0]]], [1.0, [0, 18, 7, 10, 1, 26], [[[7, 19], 0], [[10, 11], 0], [[10, 20], 1], [[1, 9], 0], [[1, 3], 1]]], [1.0, [0, 21, 22, 23, 4, 12, 26], [[[4, 24], 0], [[4, 25], 1]]]], [[1.0, [1, 3]], [1.0, [1, 9]], [1.0, [4, 24]], [1.0, [4, 25]], [1.0, [5, 17]], [1.0, [7, 19]], [1.0, [10, 11]], [1.0, [10, 20]], [1.0, [13, 2]], [1.0, [16, 8]], [1.0, [16, 15]]]], "solution": [[[0, 6, 5, 16, 14, 13, 26], [[[5, 17], [16, 8], [13, 2]], [[16, 15]]]], [[0, 18, 7, 10, 1, 26], [[[7, 19], [10, 11], [1, 9]], [[10, 20], [1, 3]]]], [[0, 21, 22, 23, 4, 12, 26], [[[4, 24]], [[4, 25]]]]], "num_bnb_nodes": 1, "num_bnb_remaining_nodes": 0, "tot_num_gen_cols": 547, "tot_num_labels": 451493, "termination_status": "Optimal"}