{"problem": {"name": "R104", "datafile": "problems/solomon/25/R104.txt", "num_cust_nodes": 25, "num_tot_nodes": 27, "Gamma": 0, "t_range": 0.25, "Delta": 0, "d_range": 0.25, "num_drones": 2, "drone_time_multiplier": 0.25, "drone_cost_multiplier": 0.25, "flight_limit": 25, "demand_ratio": 0.75}, "timelimit": 3600, "num_cpus": 4, "alg": "BnP", "root_LP": 31469.0, "tot_cg_iterations": 22, "global_lb": 31469.0, "time": 27.491525888442993, "obj": 31469.0, "tot_mp_time": 0.04347491264343262, "tot_sp_time": 27.392292737960815, "tot_sp_heu1_time": 4.311401605606079, "tot_sp_heu2_time": 17.587921380996704, "tot_sp_exact_time": 5.487475872039795, "tot_num_sp_heu1": 22, "tot_num_sp_heu2": 9, "tot_num_sp_exact": 1, "tot_sp1_time": 88.63275718688965, "tot_sp2_time": 16.77743887901306, "tot_heu_time": 0.012957096099853516, "raw_solution": [[[1.0, [0, 6, 5, 16, 14, 13, 26], [[[6, 18], 0], [[5, 17], 0], [[16, 8], 0], [[16, 15], 1], [[13, 2], 0]]], [1.0, [0, 21, 22, 23, 4, 12, 26], [[[23, 15], 0], [[4, 24], 0], [[4, 25], 1]]], [1.0, [0, 18, 7, 10, 1, 26], [[[7, 19], 0], [[10, 11], 0], [[10, 20], 1], [[1, 9], 0], [[1, 3], 1]]]], [[1.0, [1, 3]], [1.0, [1, 9]], [1.0, [4, 24]], [1.0, [4, 25]], [1.0, [5, 17]], [1.0, [7, 19]], [1.0, [10, 11]], [1.0, [10, 20]], [1.0, [13, 2]], [1.0, [16, 8]], [1.0, [16, 15]]]], "solution": [[[0, 6, 5, 16, 14, 13, 26], [[[5, 17], [16, 8], [13, 2]], [[16, 15]]]], [[0, 21, 22, 23, 4, 12, 26], [[[4, 24]], [[4, 25]]]], [[0, 18, 7, 10, 1, 26], [[[7, 19], [10, 11], [1, 9]], [[10, 20], [1, 3]]]]], "num_bnb_nodes": 1, "num_bnb_remaining_nodes": 0, "tot_num_gen_cols": 462, "tot_num_labels": 348732, "termination_status": "Optimal"}