{"problem": {"name": "R104", "datafile": "problems/solomon/25/R104.txt", "num_cust_nodes": 25, "num_tot_nodes": 27, "Gamma": 1, "t_range": 0.25, "Delta": 0, "d_range": 0.25, "num_drones": 2, "drone_time_multiplier": 0.25, "drone_cost_multiplier": 0.25, "flight_limit": 25, "demand_ratio": 0.75}, "timelimit": 3600, "num_cpus": 4, "alg": "BnP", "root_LP": 31481.0, "tot_cg_iterations": 25, "global_lb": 31481.0, "time": 39.56068181991577, "obj": 31481.0, "tot_mp_time": 0.06884407997131348, "tot_sp_time": 39.42198348045349, "tot_sp_heu1_time": 5.586825847625732, "tot_sp_heu2_time": 27.359710693359375, "tot_sp_exact_time": 6.468080520629883, "tot_num_sp_heu1": 25, "tot_num_sp_heu2": 15, "tot_num_sp_exact": 2, "tot_sp1_time": 91.6724636554718, "tot_sp2_time": 62.66928839683533, "tot_heu_time": 0.019942283630371094, "raw_solution": [[[1.0, [0, 6, 5, 16, 14, 13, 26], [[[6, 18], 0], [[5, 17], 0], [[16, 8], 0], [[13, 2], 0]]], [1.0, [0, 10, 1, 26], [[[10, 7], 0], [[10, 19], 1], [[10, 11], 0], [[10, 20], 1], [[1, 9], 0], [[1, 3], 1]]], [1.0, [0, 21, 22, 23, 4, 12, 26], [[[23, 15], 0], [[4, 24], 0], [[4, 25], 1]]]], [[1.0, [1, 3]], [1.0, [1, 9]], [1.0, [4, 24]], [1.0, [4, 25]], [1.0, [5, 17]], [1.0, [6, 18]], [1.0, [10, 7]], [1.0, [10, 11]], [1.0, [10, 19]], [1.0, [10, 20]], [1.0, [13, 2]], [1.0, [16, 8]], [1.0, [23, 15]]]], "solution": [[[0, 6, 5, 16, 14, 13, 26], [[[6, 18], [5, 17], [16, 8], [13, 2]], []]], [[0, 10, 1, 26], [[[10, 7], [10, 11], [1, 9]], [[10, 19], [10, 20], [1, 3]]]], [[0, 21, 22, 23, 4, 12, 26], [[[23, 15], [4, 24]], [[4, 25]]]]], "num_bnb_nodes": 1, "num_bnb_remaining_nodes": 0, "tot_num_gen_cols": 609, "tot_num_labels": 414641, "termination_status": "Optimal"}