{"problem": {"name": "R104", "datafile": "problems/solomon/25/R104.txt", "num_cust_nodes": 25, "num_tot_nodes": 27, "Gamma": 2, "t_range": 0.25, "Delta": 2, "d_range": 0.25, "num_drones": 3, "drone_time_multiplier": 0.25, "drone_cost_multiplier": 0.25, "flight_limit": 25, "demand_ratio": 0.75}, "timelimit": 3600, "num_cpus": 4, "alg": "BnP", "root_LP": 32057.0, "tot_cg_iterations": 22, "global_lb": 32057.0, "time": 20.71806502342224, "obj": 32307.0, "tot_mp_time": 0.02028632164001465, "tot_sp_time": 20.62382984161377, "tot_sp_heu1_time": 4.124824047088623, "tot_sp_heu2_time": 10.905224323272705, "tot_sp_exact_time": 5.588488340377808, "tot_num_sp_heu1": 22, "tot_num_sp_heu2": 13, "tot_num_sp_exact": 4, "tot_sp1_time": 61.662816286087036, "tot_sp2_time": 18.067798852920532, "tot_heu_time": 0.03575277328491211, "raw_solution": [[[1.0, [0, 6, 5, 16, 14, 13, 26], [[[16, 8], 0], [[16, 17], 1], [[16, 15], 2], [[13, 2], 0]]], [1.0, [0, 7, 10, 1, 12, 26], [[[7, 18], 0], [[7, 19], 1], [[10, 11], 0], [[10, 20], 1], [[1, 9], 0], [[12, 3], 0], [[12, 24], 1], [[12, 25], 2]]], [1.0, [0, 21, 22, 23, 4, 26], [[[4, 25], 0]]]], [[1.0, [1, 9]], [1.0, [4, 25]], [1.0, [7, 18]], [1.0, [7, 19]], [1.0, [10, 11]], [1.0, [10, 20]], [1.0, [12, 3]], [1.0, [12, 24]], [1.0, [13, 2]], [1.0, [16, 8]], [1.0, [16, 15]], [1.0, [16, 17]]]], "solution": [[[0, 6, 5, 16, 14, 13, 26], [[[16, 8], [13, 2]], [[16, 17]], [[16, 15]]]], [[0, 7, 10, 1, 12, 26], [[[7, 18], [10, 11], [1, 9], [12, 3]], [[7, 19], [10, 20], [12, 24]], []]], [[0, 21, 22, 23, 4, 26], [[[4, 25]], [], []]]], "num_bnb_nodes": 3, "num_bnb_remaining_nodes": 0, "tot_num_gen_cols": 370, "tot_num_labels": 194827, "termination_status": "Optimal"}