{"problem": {"name": "R104", "datafile": "problems/solomon/25/R104.txt", "num_cust_nodes": 25, "num_tot_nodes": 27, "Gamma": 2, "t_range": 0.25, "Delta": 2, "d_range": 0.25, "num_drones": 1, "drone_time_multiplier": 0.25, "drone_cost_multiplier": 0.25, "flight_limit": 25, "demand_ratio": 0.75}, "timelimit": 3600, "num_cpus": 4, "alg": "BnP", "root_LP": 32428.0, "tot_cg_iterations": 30, "global_lb": 32428.0, "time": 90.45710039138794, "obj": 32526.0, "tot_mp_time": 0.02976059913635254, "tot_sp_time": 90.3447015285492, "tot_sp_heu1_time": 6.097699403762817, "tot_sp_heu2_time": 71.77386474609375, "tot_sp_exact_time": 12.46476435661316, "tot_num_sp_heu1": 30, "tot_num_sp_heu2": 17, "tot_num_sp_exact": 4, "tot_sp1_time": 74.51927256584167, "tot_sp2_time": 262.75348925590515, "tot_heu_time": 0.038938283920288086, "raw_solution": [[[1.0, [0, 6, 5, 16, 14, 13, 26], [[[6, 7], 0], [[6, 18], 0], [[5, 17], 0], [[16, 8], 0], [[13, 2], 0]]], [1.0, [0, 21, 23, 4, 26], [[[21, 22], 0], [[23, 15], 0], [[4, 24], 0], [[4, 25], 0]]], [1.0, [0, 7, 10, 1, 12, 26], [[[7, 19], 0], [[10, 11], 0], [[1, 9], 0], [[1, 20], 0], [[12, 3], 0], [[12, 24], 0]]]], [[1.0, [1, 9]], [1.0, [1, 20]], [1.0, [4, 25]], [1.0, [5, 17]], [1.0, [6, 18]], [1.0, [7, 19]], [1.0, [10, 11]], [1.0, [12, 3]], [1.0, [12, 24]], [1.0, [13, 2]], [1.0, [16, 8]], [1.0, [21, 22]], [1.0, [23, 15]]]], "solution": [[[0, 6, 5, 16, 14, 13, 26], [[[6, 18], [5, 17], [16, 8], [13, 2]]]], [[0, 21, 23, 4, 26], [[[21, 22], [23, 15], [4, 25]]]], [[0, 7, 10, 1, 12, 26], [[[7, 19], [10, 11], [1, 9], [1, 20], [12, 3], [12, 24]]]]], "num_bnb_nodes": 3, "num_bnb_remaining_nodes": 0, "tot_num_gen_cols": 510, "tot_num_labels": 234031, "termination_status": "Optimal"}