{"problem": {"name": "R104", "datafile": "problems/solomon/25/R104.txt", "num_cust_nodes": 25, "num_tot_nodes": 27, "Gamma": 2, "t_range": 0.25, "Delta": 2, "d_range": 0.25, "num_drones": 0, "drone_time_multiplier": 0.25, "drone_cost_multiplier": 0.25, "flight_limit": 0, "demand_ratio": 0.75}, "timelimit": 3600, "num_cpus": 4, "alg": "BnP", "root_LP": 43708.0, "tot_cg_iterations": 19, "global_lb": 43708.0, "time": 2.5067334175109863, "obj": 43708.0, "tot_mp_time": 0.025755643844604492, "tot_sp_time": 2.435392379760742, "tot_sp_heu1_time": 2.091871500015259, "tot_sp_heu2_time": 0.1707308292388916, "tot_sp_exact_time": 0.17020964622497559, "tot_num_sp_heu1": 19, "tot_num_sp_heu2": 1, "tot_num_sp_exact": 1, "tot_sp1_time": 9.36997103691101, "tot_sp2_time": 0.008426189422607422, "tot_heu_time": 0.01104736328125, "raw_solution": [[[1.0, [0, 2, 15, 14, 16, 13, 26], []], [1.0, [0, 7, 19, 11, 10, 26], []], [1.0, [0, 12, 24, 3, 9, 20, 1, 26], []], [1.0, [0, 6, 5, 17, 8, 18, 26], []], [1.0, [0, 21, 22, 23, 4, 25, 26], []]], []], "solution": [[[0, 2, 15, 14, 16, 13, 26], []], [[0, 7, 19, 11, 10, 26], []], [[0, 12, 24, 3, 9, 20, 1, 26], []], [[0, 6, 5, 17, 8, 18, 26], []], [[0, 21, 22, 23, 4, 25, 26], []]], "num_bnb_nodes": 1, "num_bnb_remaining_nodes": 0, "tot_num_gen_cols": 449, "tot_num_labels": 512, "termination_status": "Optimal"}