{"problem": {"name": "R104", "datafile": "problems/solomon/25/R104.txt", "num_cust_nodes": 25, "num_tot_nodes": 27, "Gamma": 0, "t_range": 0.25, "Delta": 2, "d_range": 0.25, "num_drones": 2, "drone_time_multiplier": 0.25, "drone_cost_multiplier": 0.25, "flight_limit": 25, "demand_ratio": 0.75}, "timelimit": 3600, "num_cpus": 4, "alg": "BnP", "root_LP": 31481.0, "tot_cg_iterations": 25, "global_lb": 31481.0, "time": 41.14708709716797, "obj": 31481.0, "tot_mp_time": 0.06516885757446289, "tot_sp_time": 41.01981067657471, "tot_sp_heu1_time": 5.867469549179077, "tot_sp_heu2_time": 26.143065214157104, "tot_sp_exact_time": 8.999399423599243, "tot_num_sp_heu1": 25, "tot_num_sp_heu2": 13, "tot_num_sp_exact": 2, "tot_sp1_time": 141.28697729110718, "tot_sp2_time": 17.268983364105225, "tot_heu_time": 0.01793646812438965, "raw_solution": [[[1.0, [0, 10, 1, 26], [[[10, 7], 0], [[10, 11], 1], [[10, 19], 0], [[10, 20], 0], [[1, 3], 0], [[1, 9], 1]]], [1.0, [0, 21, 22, 23, 4, 12, 26], [[[23, 15], 0], [[4, 24], 0], [[4, 25], 1]]], [1.0, [0, 6, 5, 16, 14, 13, 26], [[[6, 18], 0], [[5, 17], 0], [[16, 8], 0], [[13, 2], 0]]]], [[1.0, [1, 3]], [1.0, [1, 9]], [1.0, [4, 24]], [1.0, [4, 25]], [1.0, [5, 17]], [1.0, [6, 18]], [1.0, [10, 7]], [1.0, [10, 11]], [1.0, [10, 19]], [1.0, [10, 20]], [1.0, [13, 2]], [1.0, [16, 8]], [1.0, [23, 15]]]], "solution": [[[0, 10, 1, 26], [[[10, 7], [10, 19], [10, 20], [1, 3]], [[10, 11], [1, 9]]]], [[0, 21, 22, 23, 4, 12, 26], [[[23, 15], [4, 24]], [[4, 25]]]], [[0, 6, 5, 16, 14, 13, 26], [[[6, 18], [5, 17], [16, 8], [13, 2]], []]]], "num_bnb_nodes": 1, "num_bnb_remaining_nodes": 0, "tot_num_gen_cols": 401, "tot_num_labels": 492292, "termination_status": "Optimal"}