{"problem": {"name": "R105", "datafile": "problems/solomon/25/R105.txt", "num_cust_nodes": 25, "num_tot_nodes": 27, "Gamma": 2, "t_range": 0.25, "Delta": 2, "d_range": 0.25, "num_drones": 2, "drone_time_multiplier": 0.25, "drone_cost_multiplier": 0.25, "flight_limit": 25, "demand_ratio": 0.75}, "timelimit": 3600, "num_cpus": 4, "alg": "MIP", "time": 31.840639114379883, "root_LP": 31493.497537223382, "obj": 35072.0, "final_gap": 8.592924303646215e-05, "global_lb": 35068.986289588225, "num_bnb_nodes": 4084, "num_bnb_remaining_nodes": 1, "solution": [[[0, 5, 14, 16, 13, 26], [[], []]], [[0, 12, 1, 26], [[[1, 9], [1, 10]], [[1, 20], [1, 3]]]], [[0, 18, 26], [[[18, 7], [18, 19], [18, 6]], [[18, 11], [18, 8], [18, 17]]]], [[0, 21, 23, 4, 26], [[[4, 25]], [[4, 24]]]]], "termination_status": "integer optimal, tolerance"}