{"problem": {"name": "R105", "datafile": "problems/solomon/25/R105.txt", "num_cust_nodes": 25, "num_tot_nodes": 27, "Gamma": 2, "t_range": 0.25, "Delta": 2, "d_range": 0.25, "num_drones": 0, "drone_time_multiplier": 0.25, "drone_cost_multiplier": 0.25, "flight_limit": 0, "demand_ratio": 0.75}, "timelimit": 3600, "num_cpus": 4, "alg": "BnP", "root_LP": 54323.5, "tot_cg_iterations": 33, "global_lb": 54823.0, "time": 3.701101541519165, "obj": 54868.0, "tot_mp_time": 0.019736051559448242, "tot_sp_time": 3.556377410888672, "tot_sp_heu1_time": 2.0772151947021484, "tot_sp_heu2_time": 0.7378804683685303, "tot_sp_exact_time": 0.7373874187469482, "tot_num_sp_heu1": 33, "tot_num_sp_heu2": 11, "tot_num_sp_exact": 11, "tot_sp1_time": 12.963673830032349, "tot_sp2_time": 0.01968979835510254, "tot_heu_time": 0.09227681159973145, "raw_solution": [[[1.0, [0, 2, 15, 13, 26], []], [1.0, [0, 5, 7, 18, 6, 26], []], [1.0, [0, 19, 11, 10, 20, 1, 26], []], [1.0, [0, 12, 9, 3, 24, 25, 26], []], [1.0, [0, 14, 16, 8, 17, 26], []], [1.0, [0, 21, 23, 22, 4, 26], []]], []], "solution": [[[0, 2, 15, 13, 26], []], [[0, 5, 7, 18, 6, 26], []], [[0, 19, 11, 10, 20, 1, 26], []], [[0, 12, 9, 3, 24, 25, 26], []], [[0, 14, 16, 8, 17, 26], []], [[0, 21, 23, 22, 4, 26], []]], "num_bnb_nodes": 11, "num_bnb_remaining_nodes": 0, "tot_num_gen_cols": 255, "tot_num_labels": 275, "termination_status": "Optimal"}