{"problem": {"name": "R106", "datafile": "problems/solomon/25/R106.txt", "num_cust_nodes": 25, "num_tot_nodes": 27, "Gamma": 0, "t_range": 0.25, "Delta": 0, "d_range": 0.25, "num_drones": 2, "drone_time_multiplier": 0.25, "drone_cost_multiplier": 0.25, "flight_limit": 25, "demand_ratio": 0.75}, "timelimit": 3600, "num_cpus": 4, "alg": "BnP", "root_LP": 31849.0, "tot_cg_iterations": 15, "global_lb": 31849.0, "time": 4.769163608551025, "obj": 31849.0, "tot_mp_time": 0.03925585746765137, "tot_sp_time": 4.689752101898193, "tot_sp_heu1_time": 2.10965633392334, "tot_sp_heu2_time": 1.8614869117736816, "tot_sp_exact_time": 0.7157554626464844, "tot_num_sp_heu1": 15, "tot_num_sp_heu2": 8, "tot_num_sp_exact": 2, "tot_sp1_time": 16.472315073013306, "tot_sp2_time": 1.3768904209136963, "tot_heu_time": 0.010590791702270508, "raw_solution": [[[1.0, [0, 7, 1, 26], [[[7, 11], 0], [[7, 18], 1], [[7, 19], 0], [[1, 9], 0], [[1, 10], 1], [[1, 20], 1]]], [1.0, [0, 21, 23, 4, 12, 26], [[[23, 22], 0], [[4, 24], 0], [[4, 25], 1], [[12, 3], 0]]], [1.0, [0, 14, 16, 5, 13, 26], [[[14, 15], 0], [[5, 6], 0], [[5, 8], 1], [[5, 17], 0], [[13, 2], 0]]]], [[1.0, [1, 9]], [1.0, [1, 10]], [1.0, [1, 20]], [1.0, [4, 24]], [1.0, [4, 25]], [1.0, [5, 6]], [1.0, [5, 8]], [1.0, [5, 17]], [1.0, [7, 11]], [1.0, [7, 18]], [1.0, [7, 19]], [1.0, [12, 3]], [1.0, [13, 2]], [1.0, [14, 15]], [1.0, [23, 22]]]], "solution": [[[0, 7, 1, 26], [[[7, 11], [7, 19], [1, 9]], [[7, 18], [1, 10], [1, 20]]]], [[0, 21, 23, 4, 12, 26], [[[23, 22], [4, 24], [12, 3]], [[4, 25]]]], [[0, 14, 16, 5, 13, 26], [[[14, 15], [5, 6], [5, 17], [13, 2]], [[5, 8]]]]], "num_bnb_nodes": 1, "num_bnb_remaining_nodes": 0, "tot_num_gen_cols": 307, "tot_num_labels": 26468, "termination_status": "Optimal"}