{"problem": {"name": "R106", "datafile": "problems/solomon/25/R106.txt", "num_cust_nodes": 25, "num_tot_nodes": 27, "Gamma": 2, "t_range": 0.25, "Delta": 2, "d_range": 0.25, "num_drones": 1, "drone_time_multiplier": 0.25, "drone_cost_multiplier": 0.25, "flight_limit": 25, "demand_ratio": 0.75}, "timelimit": 3600, "num_cpus": 4, "alg": "BnP", "root_LP": 33270.0, "tot_cg_iterations": 26, "global_lb": 33420.5, "time": 7.372918128967285, "obj": 33677.0, "tot_mp_time": 0.02106952667236328, "tot_sp_time": 7.274320125579834, "tot_sp_heu1_time": 2.794950008392334, "tot_sp_heu2_time": 3.3052825927734375, "tot_sp_exact_time": 1.1693124771118164, "tot_num_sp_heu1": 26, "tot_num_sp_heu2": 21, "tot_num_sp_exact": 7, "tot_sp1_time": 22.141069173812866, "tot_sp2_time": 4.746784925460815, "tot_heu_time": 0.044719696044921875, "raw_solution": [[[1.0, [0, 1, 26], [[[1, 3], 0], [[1, 9], 0], [[1, 10], 0], [[1, 20], 0]]], [1.0, [0, 14, 16, 5, 26], [[[14, 15], 0], [[5, 8], 0], [[5, 17], 0]]], [1.0, [0, 21, 23, 4, 12, 26], [[[23, 15], 0], [[23, 22], 0], [[4, 24], 0], [[4, 25], 0]]], [1.0, [0, 18, 6, 13, 26], [[[18, 7], 0], [[18, 11], 0], [[18, 19], 0], [[6, 17], 0], [[13, 2], 0]]]], [[1.0, [1, 3]], [1.0, [1, 9]], [1.0, [1, 10]], [1.0, [1, 20]], [1.0, [4, 24]], [1.0, [4, 25]], [1.0, [5, 8]], [1.0, [5, 17]], [1.0, [13, 2]], [1.0, [14, 15]], [1.0, [18, 7]], [1.0, [18, 11]], [1.0, [18, 19]], [1.0, [23, 22]]]], "solution": [[[0, 1, 26], [[[1, 3], [1, 9], [1, 10], [1, 20]]]], [[0, 14, 16, 5, 26], [[[14, 15], [5, 8], [5, 17]]]], [[0, 21, 23, 4, 12, 26], [[[23, 22], [4, 24], [4, 25]]]], [[0, 18, 6, 13, 26], [[[18, 7], [18, 11], [18, 19], [13, 2]]]]], "num_bnb_nodes": 5, "num_bnb_remaining_nodes": 0, "tot_num_gen_cols": 343, "tot_num_labels": 30255, "termination_status": "Optimal"}