{"problem": {"name": "R106", "datafile": "problems/solomon/25/R106.txt", "num_cust_nodes": 25, "num_tot_nodes": 27, "Gamma": 2, "t_range": 0.25, "Delta": 2, "d_range": 0.25, "num_drones": 0, "drone_time_multiplier": 0.25, "drone_cost_multiplier": 0.25, "flight_limit": 0, "demand_ratio": 0.75}, "timelimit": 3600, "num_cpus": 4, "alg": "BnP", "root_LP": 49030.0, "tot_cg_iterations": 69, "global_lb": 49964.0, "time": 12.428312063217163, "obj": 49964.0, "tot_mp_time": 0.05607962608337402, "tot_sp_time": 11.951658964157104, "tot_sp_heu1_time": 7.190792083740234, "tot_sp_heu2_time": 2.3799288272857666, "tot_sp_exact_time": 2.3706960678100586, "tot_num_sp_heu1": 69, "tot_num_sp_heu2": 23, "tot_num_sp_exact": 23, "tot_sp1_time": 44.328548192977905, "tot_sp2_time": 0.062378883361816406, "tot_heu_time": 0.31982994079589844, "raw_solution": [[[1.0, [0, 7, 19, 11, 10, 20, 1, 26], []], [1.0, [0, 18, 8, 17, 5, 26], []], [1.0, [0, 9, 3, 24, 12, 26], []], [1.0, [0, 21, 23, 22, 4, 25, 26], []], [1.0, [0, 2, 15, 13, 26], []], [1.0, [0, 14, 16, 6, 26], []]], []], "solution": [[[0, 7, 19, 11, 10, 20, 1, 26], []], [[0, 18, 8, 17, 5, 26], []], [[0, 9, 3, 24, 12, 26], []], [[0, 21, 23, 22, 4, 25, 26], []], [[0, 2, 15, 13, 26], []], [[0, 14, 16, 6, 26], []]], "num_bnb_nodes": 25, "num_bnb_remaining_nodes": 0, "tot_num_gen_cols": 562, "tot_num_labels": 592, "termination_status": "Optimal"}