{"problem": {"name": "R106", "datafile": "problems/solomon/25/R106.txt", "num_cust_nodes": 25, "num_tot_nodes": 27, "Gamma": 2, "t_range": 0.25, "Delta": 0, "d_range": 0.25, "num_drones": 2, "drone_time_multiplier": 0.25, "drone_cost_multiplier": 0.25, "flight_limit": 25, "demand_ratio": 0.75}, "timelimit": 3600, "num_cpus": 4, "alg": "BnP", "root_LP": 32494.0, "tot_cg_iterations": 12, "global_lb": 32494.0, "time": 3.3865790367126465, "obj": 32494.0, "tot_mp_time": 0.021507740020751953, "tot_sp_time": 3.3373513221740723, "tot_sp_heu1_time": 1.7851200103759766, "tot_sp_heu2_time": 1.03067946434021, "tot_sp_exact_time": 0.5188868045806885, "tot_num_sp_heu1": 12, "tot_num_sp_heu2": 6, "tot_num_sp_exact": 2, "tot_sp1_time": 11.13236951828003, "tot_sp2_time": 1.2946088314056396, "tot_heu_time": 0.006272315979003906, "raw_solution": [[[1.0, [0, 14, 16, 5, 6, 13, 26], [[[5, 8], 0], [[5, 18], 1], [[6, 17], 0], [[13, 2], 0]]], [1.0, [0, 21, 23, 4, 12, 26], [[[21, 2], 0], [[23, 15], 0], [[23, 22], 1], [[4, 24], 0], [[4, 25], 1], [[12, 3], 0]]], [1.0, [0, 7, 1, 26], [[[7, 11], 0], [[7, 19], 1], [[1, 9], 0], [[1, 20], 1], [[1, 10], 0]]]], [[1.0, [1, 9]], [1.0, [1, 10]], [1.0, [1, 20]], [1.0, [4, 24]], [1.0, [4, 25]], [1.0, [5, 8]], [1.0, [5, 18]], [1.0, [6, 17]], [1.0, [7, 11]], [1.0, [7, 19]], [1.0, [12, 3]], [1.0, [13, 2]], [1.0, [23, 15]], [1.0, [23, 22]]]], "solution": [[[0, 14, 16, 5, 6, 13, 26], [[[5, 8], [6, 17], [13, 2]], [[5, 18]]]], [[0, 21, 23, 4, 12, 26], [[[23, 15], [4, 24], [12, 3]], [[23, 22], [4, 25]]]], [[0, 7, 1, 26], [[[7, 11], [1, 9], [1, 10]], [[7, 19], [1, 20]]]]], "num_bnb_nodes": 1, "num_bnb_remaining_nodes": 0, "tot_num_gen_cols": 210, "tot_num_labels": 11365, "termination_status": "Optimal"}