{"problem": {"name": "R106", "datafile": "problems/solomon/25/R106.txt", "num_cust_nodes": 25, "num_tot_nodes": 27, "Gamma": 0, "t_range": 0.25, "Delta": 2, "d_range": 0.25, "num_drones": 2, "drone_time_multiplier": 0.25, "drone_cost_multiplier": 0.25, "flight_limit": 25, "demand_ratio": 0.75}, "timelimit": 3600, "num_cpus": 4, "alg": "BnP", "root_LP": 31849.0, "tot_cg_iterations": 17, "global_lb": 31849.0, "time": 6.248312711715698, "obj": 31849.0, "tot_mp_time": 0.03226780891418457, "tot_sp_time": 6.178448438644409, "tot_sp_heu1_time": 2.345776319503784, "tot_sp_heu2_time": 2.9848077297210693, "tot_sp_exact_time": 0.843677282333374, "tot_num_sp_heu1": 17, "tot_num_sp_heu2": 10, "tot_num_sp_exact": 2, "tot_sp1_time": 20.097075700759888, "tot_sp2_time": 3.2830049991607666, "tot_heu_time": 0.0076792240142822266, "raw_solution": [[[1.0, [0, 7, 1, 26], [[[7, 11], 0], [[7, 18], 1], [[7, 19], 0], [[1, 9], 0], [[1, 10], 1], [[1, 20], 1]]], [1.0, [0, 21, 23, 4, 12, 26], [[[23, 22], 0], [[4, 24], 0], [[4, 25], 1], [[12, 3], 0]]], [1.0, [0, 14, 16, 5, 13, 26], [[[14, 15], 0], [[5, 6], 0], [[5, 8], 1], [[5, 17], 0], [[13, 2], 0]]]], [[1.0, [1, 9]], [1.0, [1, 10]], [1.0, [1, 20]], [1.0, [4, 24]], [1.0, [4, 25]], [1.0, [5, 6]], [1.0, [5, 8]], [1.0, [5, 17]], [1.0, [7, 11]], [1.0, [7, 18]], [1.0, [7, 19]], [1.0, [12, 3]], [1.0, [13, 2]], [1.0, [14, 15]], [1.0, [23, 22]]]], "solution": [[[0, 7, 1, 26], [[[7, 11], [7, 19], [1, 9]], [[7, 18], [1, 10], [1, 20]]]], [[0, 21, 23, 4, 12, 26], [[[23, 22], [4, 24], [12, 3]], [[4, 25]]]], [[0, 14, 16, 5, 13, 26], [[[14, 15], [5, 6], [5, 17], [13, 2]], [[5, 8]]]]], "num_bnb_nodes": 1, "num_bnb_remaining_nodes": 0, "tot_num_gen_cols": 329, "tot_num_labels": 47784, "termination_status": "Optimal"}