{"problem": {"name": "R107", "datafile": "problems/solomon/25/R107.txt", "num_cust_nodes": 25, "num_tot_nodes": 27, "Gamma": 2, "t_range": 0.25, "Delta": 2, "d_range": 0.25, "num_drones": 0, "drone_time_multiplier": 0.25, "drone_cost_multiplier": 0.25, "flight_limit": 0, "demand_ratio": 0.75}, "timelimit": 3600, "num_cpus": 4, "alg": "BnP", "root_LP": 43177.0, "tot_cg_iterations": 21, "global_lb": 43177.0, "time": 2.566720724105835, "obj": 43177.0, "tot_mp_time": 0.03918099403381348, "tot_sp_time": 2.485882043838501, "tot_sp_heu1_time": 2.1793837547302246, "tot_sp_heu2_time": 0.15347599983215332, "tot_sp_exact_time": 0.15033555030822754, "tot_num_sp_heu1": 21, "tot_num_sp_heu2": 1, "tot_num_sp_exact": 1, "tot_sp1_time": 9.585774421691895, "tot_sp2_time": 0.010228633880615234, "tot_heu_time": 0.005986213684082031, "raw_solution": [[[1.0, [0, 2, 15, 14, 6, 13, 26], []], [1.0, [0, 12, 24, 3, 9, 20, 10, 1, 26], []], [1.0, [0, 18, 7, 11, 19, 8, 17, 16, 5, 26], []], [1.0, [0, 21, 23, 22, 4, 25, 26], []]], []], "solution": [[[0, 2, 15, 14, 6, 13, 26], []], [[0, 12, 24, 3, 9, 20, 10, 1, 26], []], [[0, 18, 7, 11, 19, 8, 17, 16, 5, 26], []], [[0, 21, 23, 22, 4, 25, 26], []]], "num_bnb_nodes": 1, "num_bnb_remaining_nodes": 0, "tot_num_gen_cols": 416, "tot_num_labels": 446, "termination_status": "Optimal"}