{"problem": {"name": "R107", "datafile": "problems/solomon/25/R107.txt", "num_cust_nodes": 25, "num_tot_nodes": 27, "Gamma": 2, "t_range": 0.25, "Delta": 2, "d_range": 0.25, "num_drones": 2, "drone_time_multiplier": 0.25, "drone_cost_multiplier": 0.25, "flight_limit": 25, "demand_ratio": 0.75}, "timelimit": 3600, "num_cpus": 4, "alg": "MIP", "time": 3600.0230190753937, "root_LP": 24990.498365833664, "obj": 32306.0, "final_gap": 0.10411814663128867, "global_lb": 28942.359154929578, "num_bnb_nodes": 135325, "num_bnb_remaining_nodes": 53788, "solution": [[[0, 1, 26], [[[1, 9], [1, 20], [1, 10]], []]], [[0, 13, 26], [[[13, 15]], [[13, 2], [13, 6]]]], [[0, 18, 5, 16, 14, 26], [[], []]], [[0, 21, 23, 4, 12, 26], [[[12, 3]], []]]], "termination_status": "time limit exceeded"}