{"problem": {"name": "R107", "datafile": "problems/solomon/25/R107.txt", "num_cust_nodes": 25, "num_tot_nodes": 27, "Gamma": 2, "t_range": 0.25, "Delta": 2, "d_range": 0.25, "num_drones": 1, "drone_time_multiplier": 0.25, "drone_cost_multiplier": 0.25, "flight_limit": 25, "demand_ratio": 0.75}, "timelimit": 3600, "num_cpus": 4, "alg": "BnP", "root_LP": 32037.428571428565, "tot_cg_iterations": 34, "global_lb": 32047.000000000004, "time": 86.30619597434998, "obj": 32306.0, "tot_mp_time": 0.02693653106689453, "tot_sp_time": 86.15684938430786, "tot_sp_heu1_time": 6.187956094741821, "tot_sp_heu2_time": 65.93903589248657, "tot_sp_exact_time": 14.019129753112793, "tot_num_sp_heu1": 34, "tot_num_sp_heu2": 27, "tot_num_sp_exact": 9, "tot_sp1_time": 67.79575538635254, "tot_sp2_time": 251.96695494651794, "tot_heu_time": 0.07004308700561523, "raw_solution": [[[1.0, [0, 1, 26], [[[1, 18], 0], [[1, 20], 0], [[1, 9], 0], [[1, 10], 0]]], [1.0, [0, 13, 26], [[[13, 2], 0], [[13, 15], 0], [[13, 6], 0]]], [1.0, [0, 18, 5, 16, 14, 26], [[[18, 7], 0], [[18, 19], 0], [[18, 11], 0], [[18, 8], 0], [[16, 17], 0]]], [1.0, [0, 21, 23, 4, 12, 26], [[[21, 2], 0], [[23, 15], 0], [[23, 22], 0], [[4, 24], 0], [[4, 25], 0], [[12, 3], 0]]]], [[1.0, [1, 9]], [1.0, [1, 10]], [1.0, [1, 20]], [1.0, [4, 24]], [1.0, [4, 25]], [1.0, [12, 3]], [1.0, [13, 2]], [1.0, [13, 6]], [1.0, [13, 15]], [1.0, [16, 17]], [1.0, [18, 7]], [1.0, [18, 8]], [1.0, [18, 11]], [1.0, [18, 19]], [1.0, [23, 22]]]], "solution": [[[0, 1, 26], [[[1, 20], [1, 9], [1, 10]]]], [[0, 13, 26], [[[13, 2], [13, 15], [13, 6]]]], [[0, 18, 5, 16, 14, 26], [[[18, 7], [18, 19], [18, 11], [18, 8], [16, 17]]]], [[0, 21, 23, 4, 12, 26], [[[23, 22], [4, 24], [4, 25], [12, 3]]]]], "num_bnb_nodes": 5, "num_bnb_remaining_nodes": 0, "tot_num_gen_cols": 554, "tot_num_labels": 321439, "termination_status": "Optimal"}