{"problem": {"name": "R107", "datafile": "problems/solomon/25/R107.txt", "num_cust_nodes": 25, "num_tot_nodes": 27, "Gamma": 2, "t_range": 0.25, "Delta": 0, "d_range": 0.25, "num_drones": 2, "drone_time_multiplier": 0.25, "drone_cost_multiplier": 0.25, "flight_limit": 25, "demand_ratio": 0.75}, "timelimit": 3600, "num_cpus": 4, "alg": "BnP", "root_LP": 31820.0, "tot_cg_iterations": 51, "global_lb": 32274.0, "time": 80.04502725601196, "obj": 32296.0, "tot_mp_time": 0.07944464683532715, "tot_sp_time": 79.72796869277954, "tot_sp_heu1_time": 9.287408828735352, "tot_sp_heu2_time": 55.78883099555969, "tot_sp_exact_time": 14.633990049362183, "tot_num_sp_heu1": 51, "tot_num_sp_heu2": 41, "tot_num_sp_exact": 14, "tot_sp1_time": 121.86350154876709, "tot_sp2_time": 166.9784336090088, "tot_heu_time": 0.1271047592163086, "raw_solution": [[[1.0, [0, 21, 23, 4, 12, 26], [[[23, 15], 0], [[23, 22], 1], [[4, 24], 0], [[4, 25], 1], [[12, 3], 0]]], [1.0, [0, 1, 10, 7, 18, 26], [[[10, 9], 0], [[10, 20], 1], [[10, 11], 1], [[7, 19], 0], [[18, 17], 0]]], [1.0, [0, 5, 16, 14, 13, 26], [[[5, 6], 0], [[5, 8], 1], [[13, 2], 0]]]], [[1.0, [4, 24]], [1.0, [4, 25]], [1.0, [5, 6]], [1.0, [5, 8]], [1.0, [7, 19]], [1.0, [10, 9]], [1.0, [10, 11]], [1.0, [10, 20]], [1.0, [12, 3]], [1.0, [13, 2]], [1.0, [18, 17]], [1.0, [23, 15]], [1.0, [23, 22]]]], "solution": [[[0, 21, 23, 4, 12, 26], [[[23, 15], [4, 24], [12, 3]], [[23, 22], [4, 25]]]], [[0, 1, 10, 7, 18, 26], [[[10, 9], [7, 19], [18, 17]], [[10, 20], [10, 11]]]], [[0, 5, 16, 14, 13, 26], [[[5, 6], [13, 2]], [[5, 8]]]]], "num_bnb_nodes": 7, "num_bnb_remaining_nodes": 0, "tot_num_gen_cols": 713, "tot_num_labels": 498888, "termination_status": "Optimal"}