{"problem": {"name": "R107", "datafile": "problems/solomon/25/R107.txt", "num_cust_nodes": 25, "num_tot_nodes": 27, "Gamma": 0, "t_range": 0.25, "Delta": 1, "d_range": 0.25, "num_drones": 2, "drone_time_multiplier": 0.25, "drone_cost_multiplier": 0.25, "flight_limit": 25, "demand_ratio": 0.75}, "timelimit": 3600, "num_cpus": 4, "alg": "BnP", "root_LP": 31280.0, "tot_cg_iterations": 45, "global_lb": 31404.5, "time": 72.32619428634644, "obj": 31657.0, "tot_mp_time": 0.06592178344726562, "tot_sp_time": 72.08705282211304, "tot_sp_heu1_time": 7.564950942993164, "tot_sp_heu2_time": 48.357091665267944, "tot_sp_exact_time": 16.153691291809082, "tot_num_sp_heu1": 45, "tot_num_sp_heu2": 31, "tot_num_sp_exact": 10, "tot_sp1_time": 184.41652297973633, "tot_sp2_time": 97.87110733985901, "tot_heu_time": 0.09455418586730957, "raw_solution": [[[1.0, [0, 14, 16, 5, 13, 26], [[[14, 15], 0], [[5, 6], 0], [[5, 8], 1], [[5, 17], 0], [[13, 2], 0]]], [1.0, [0, 18, 7, 1, 26], [[[7, 11], 0], [[7, 19], 1], [[1, 9], 0], [[1, 20], 1], [[1, 10], 1]]], [1.0, [0, 21, 23, 4, 12, 26], [[[23, 22], 0], [[4, 25], 0], [[12, 24], 0], [[12, 3], 1]]]], [[1.0, [1, 9]], [1.0, [1, 10]], [1.0, [1, 20]], [1.0, [4, 25]], [1.0, [5, 6]], [1.0, [5, 8]], [1.0, [5, 17]], [1.0, [7, 11]], [1.0, [7, 19]], [1.0, [12, 3]], [1.0, [12, 24]], [1.0, [13, 2]], [1.0, [14, 15]], [1.0, [23, 22]]]], "solution": [[[0, 14, 16, 5, 13, 26], [[[14, 15], [5, 6], [5, 17], [13, 2]], [[5, 8]]]], [[0, 18, 7, 1, 26], [[[7, 11], [1, 9]], [[7, 19], [1, 20], [1, 10]]]], [[0, 21, 23, 4, 12, 26], [[[23, 22], [4, 25], [12, 24]], [[12, 3]]]]], "num_bnb_nodes": 5, "num_bnb_remaining_nodes": 0, "tot_num_gen_cols": 618, "tot_num_labels": 1016078, "termination_status": "Optimal"}