{"problem": {"name": "R108", "datafile": "problems/solomon/25/R108.txt", "num_cust_nodes": 25, "num_tot_nodes": 27, "Gamma": 0, "t_range": 0.25, "Delta": 2, "d_range": 0.25, "num_drones": 2, "drone_time_multiplier": 0.25, "drone_cost_multiplier": 0.25, "flight_limit": 25, "demand_ratio": 0.75}, "timelimit": 3600, "num_cpus": 4, "alg": "BnP", "root_LP": 29616.0, "tot_cg_iterations": 30, "global_lb": 29616.0, "time": 62.45119261741638, "obj": 29616.0, "tot_mp_time": 0.053739070892333984, "tot_sp_time": 62.319814682006836, "tot_sp_heu1_time": 8.020864486694336, "tot_sp_heu2_time": 38.309218645095825, "tot_sp_exact_time": 15.979014873504639, "tot_num_sp_heu1": 30, "tot_num_sp_heu2": 15, "tot_num_sp_exact": 2, "tot_sp1_time": 202.0335190296173, "tot_sp2_time": 32.47929358482361, "tot_heu_time": 0.016478538513183594, "raw_solution": [[[1.0, [0, 1, 26], [[[1, 9], 0], [[1, 10], 1], [[1, 20], 1]]], [1.0, [0, 21, 22, 23, 4, 12, 26], [[[22, 15], 0], [[4, 25], 0], [[12, 3], 0], [[12, 24], 1]]], [1.0, [0, 18, 5, 16, 14, 13, 26], [[[18, 7], 0], [[18, 11], 1], [[18, 19], 0], [[5, 8], 0], [[5, 17], 1], [[13, 2], 0], [[13, 6], 1]]]], [[1.0, [1, 9]], [1.0, [1, 10]], [1.0, [1, 20]], [1.0, [4, 25]], [1.0, [5, 8]], [1.0, [5, 17]], [1.0, [12, 3]], [1.0, [12, 24]], [1.0, [13, 2]], [1.0, [13, 6]], [1.0, [18, 7]], [1.0, [18, 11]], [1.0, [18, 19]], [1.0, [22, 15]]]], "solution": [[[0, 1, 26], [[[1, 9]], [[1, 10], [1, 20]]]], [[0, 21, 22, 23, 4, 12, 26], [[[22, 15], [4, 25], [12, 3]], [[12, 24]]]], [[0, 18, 5, 16, 14, 13, 26], [[[18, 7], [18, 19], [5, 8], [13, 2]], [[18, 11], [5, 17], [13, 6]]]]], "num_bnb_nodes": 1, "num_bnb_remaining_nodes": 0, "tot_num_gen_cols": 679, "tot_num_labels": 1040453, "termination_status": "Optimal"}