{"problem": {"name": "R108", "datafile": "problems/solomon/25/R108.txt", "num_cust_nodes": 25, "num_tot_nodes": 27, "Gamma": 2, "t_range": 0.25, "Delta": 2, "d_range": 0.25, "num_drones": 0, "drone_time_multiplier": 0.25, "drone_cost_multiplier": 0.25, "flight_limit": 0, "demand_ratio": 0.75}, "timelimit": 3600, "num_cpus": 4, "alg": "BnP", "root_LP": 41066.5, "tot_cg_iterations": 32, "global_lb": 41199.0, "time": 7.18571138381958, "obj": 41199.0, "tot_mp_time": 0.031328678131103516, "tot_sp_time": 7.0638532638549805, "tot_sp_heu1_time": 5.009803056716919, "tot_sp_heu2_time": 0.9768712520599365, "tot_sp_exact_time": 1.0725009441375732, "tot_num_sp_heu1": 32, "tot_num_sp_heu2": 3, "tot_num_sp_exact": 3, "tot_sp1_time": 27.08951234817505, "tot_sp2_time": 0.02052927017211914, "tot_heu_time": 0.03301429748535156, "raw_solution": [[[1.0, [0, 2, 15, 14, 16, 17, 5, 13, 26], []], [1.0, [0, 1, 20, 9, 3, 24, 12, 26], []], [1.0, [0, 21, 22, 23, 4, 25, 26], []], [1.0, [0, 10, 11, 19, 8, 7, 18, 6, 26], []]], []], "solution": [[[0, 2, 15, 14, 16, 17, 5, 13, 26], []], [[0, 1, 20, 9, 3, 24, 12, 26], []], [[0, 21, 22, 23, 4, 25, 26], []], [[0, 10, 11, 19, 8, 7, 18, 6, 26], []]], "num_bnb_nodes": 5, "num_bnb_remaining_nodes": 0, "tot_num_gen_cols": 544, "tot_num_labels": 591, "termination_status": "Optimal"}