{"problem": {"name": "R108", "datafile": "problems/solomon/25/R108.txt", "num_cust_nodes": 25, "num_tot_nodes": 27, "Gamma": 2, "t_range": 0.25, "Delta": 2, "d_range": 0.25, "num_drones": 3, "drone_time_multiplier": 0.25, "drone_cost_multiplier": 0.25, "flight_limit": 25, "demand_ratio": 0.75}, "timelimit": 3600, "num_cpus": 4, "alg": "BnP", "root_LP": 29768.0, "tot_cg_iterations": 26, "global_lb": 29768.0, "time": 28.27299666404724, "obj": 29768.0, "tot_mp_time": 0.03432297706604004, "tot_sp_time": 28.175195693969727, "tot_sp_heu1_time": 5.165543556213379, "tot_sp_heu2_time": 18.091212511062622, "tot_sp_exact_time": 4.911440849304199, "tot_num_sp_heu1": 26, "tot_num_sp_heu2": 14, "tot_num_sp_exact": 2, "tot_sp1_time": 72.60191059112549, "tot_sp2_time": 37.251652002334595, "tot_heu_time": 0.012410879135131836, "raw_solution": [[[1.0, [0, 1, 26], [[[1, 6], 0], [[1, 9], 1], [[1, 10], 2], [[1, 20], 2]]], [1.0, [0, 18, 5, 16, 14, 13, 26], [[[18, 7], 0], [[18, 11], 1], [[18, 19], 2], [[5, 8], 0], [[5, 17], 1], [[13, 6], 0], [[13, 2], 1]]], [1.0, [0, 21, 22, 23, 4, 12, 26], [[[21, 2], 0], [[22, 15], 0], [[4, 24], 0], [[4, 25], 1], [[12, 3], 0]]]], [[1.0, [1, 9]], [1.0, [1, 10]], [1.0, [1, 20]], [1.0, [4, 24]], [1.0, [4, 25]], [1.0, [5, 8]], [1.0, [5, 17]], [1.0, [12, 3]], [1.0, [13, 2]], [1.0, [13, 6]], [1.0, [18, 7]], [1.0, [18, 11]], [1.0, [18, 19]], [1.0, [22, 15]]]], "solution": [[[0, 1, 26], [[], [[1, 9]], [[1, 10], [1, 20]]]], [[0, 18, 5, 16, 14, 13, 26], [[[18, 7], [5, 8], [13, 6]], [[18, 11], [5, 17], [13, 2]], [[18, 19]]]], [[0, 21, 22, 23, 4, 12, 26], [[[22, 15], [4, 24], [12, 3]], [[4, 25]], []]]], "num_bnb_nodes": 1, "num_bnb_remaining_nodes": 0, "tot_num_gen_cols": 547, "tot_num_labels": 357518, "termination_status": "Optimal"}