{"problem": {"name": "R108", "datafile": "problems/solomon/25/R108.txt", "num_cust_nodes": 25, "num_tot_nodes": 27, "Gamma": 2, "t_range": 0.25, "Delta": 2, "d_range": 0.25, "num_drones": 1, "drone_time_multiplier": 0.25, "drone_cost_multiplier": 0.25, "flight_limit": 25, "demand_ratio": 0.75}, "timelimit": 3600, "num_cpus": 4, "alg": "BnP", "root_LP": 30368.5, "tot_cg_iterations": 31, "global_lb": 30368.5, "time": 79.44218111038208, "obj": 30420.0, "tot_mp_time": 0.042088985443115234, "tot_sp_time": 79.3228828907013, "tot_sp_heu1_time": 6.736763954162598, "tot_sp_heu2_time": 46.65145397186279, "tot_sp_exact_time": 25.925390005111694, "tot_num_sp_heu1": 31, "tot_num_sp_heu2": 18, "tot_num_sp_exact": 6, "tot_sp1_time": 118.13772773742676, "tot_sp2_time": 191.30086255073547, "tot_heu_time": 0.03459811210632324, "raw_solution": [[[1.0, [0, 18, 7, 10, 1, 26], [[[7, 19], 0], [[10, 11], 0], [[1, 9], 0], [[1, 20], 0]]], [1.0, [0, 21, 22, 23, 4, 12, 26], [[[22, 15], 0], [[4, 24], 0], [[4, 25], 0], [[12, 3], 0]]], [1.0, [0, 6, 5, 16, 14, 13, 26], [[[5, 17], 0], [[5, 8], 0], [[13, 2], 0]]]], [[1.0, [1, 9]], [1.0, [1, 20]], [1.0, [4, 24]], [1.0, [4, 25]], [1.0, [5, 8]], [1.0, [5, 17]], [1.0, [7, 19]], [1.0, [10, 11]], [1.0, [12, 3]], [1.0, [13, 2]], [1.0, [22, 15]]]], "solution": [[[0, 18, 7, 10, 1, 26], [[[7, 19], [10, 11], [1, 9], [1, 20]]]], [[0, 21, 22, 23, 4, 12, 26], [[[22, 15], [4, 24], [4, 25], [12, 3]]]], [[0, 6, 5, 16, 14, 13, 26], [[[5, 17], [5, 8], [13, 2]]]]], "num_bnb_nodes": 3, "num_bnb_remaining_nodes": 0, "tot_num_gen_cols": 589, "tot_num_labels": 559445, "termination_status": "Optimal"}