{"problem": {"name": "R109", "datafile": "problems/solomon/25/R109.txt", "num_cust_nodes": 25, "num_tot_nodes": 27, "Gamma": 2, "t_range": 0.25, "Delta": 2, "d_range": 0.25, "num_drones": 0, "drone_time_multiplier": 0.25, "drone_cost_multiplier": 0.25, "flight_limit": 0, "demand_ratio": 0.75}, "timelimit": 3600, "num_cpus": 4, "alg": "BnP", "root_LP": 45027.0, "tot_cg_iterations": 17, "global_lb": 45027.0, "time": 1.5573904514312744, "obj": 45027.0, "tot_mp_time": 0.027590513229370117, "tot_sp_time": 1.498016119003296, "tot_sp_heu1_time": 1.2993133068084717, "tot_sp_heu2_time": 0.09494924545288086, "tot_sp_exact_time": 0.10171246528625488, "tot_num_sp_heu1": 17, "tot_num_sp_heu2": 1, "tot_num_sp_exact": 1, "tot_sp1_time": 5.640768527984619, "tot_sp2_time": 0.00811314582824707, "tot_heu_time": 0.005347490310668945, "raw_solution": [[[1.0, [0, 7, 11, 19, 10, 26], []], [1.0, [0, 5, 8, 18, 6, 26], []], [1.0, [0, 12, 3, 9, 20, 1, 26], []], [1.0, [0, 2, 15, 14, 16, 17, 13, 26], []], [1.0, [0, 21, 22, 23, 4, 25, 24, 26], []]], []], "solution": [[[0, 7, 11, 19, 10, 26], []], [[0, 5, 8, 18, 6, 26], []], [[0, 12, 3, 9, 20, 1, 26], []], [[0, 2, 15, 14, 16, 17, 13, 26], []], [[0, 21, 22, 23, 4, 25, 24, 26], []]], "num_bnb_nodes": 1, "num_bnb_remaining_nodes": 0, "tot_num_gen_cols": 348, "tot_num_labels": 373, "termination_status": "Optimal"}