{"problem": {"name": "R109", "datafile": "problems/solomon/25/R109.txt", "num_cust_nodes": 25, "num_tot_nodes": 27, "Gamma": 0, "t_range": 0.25, "Delta": 0, "d_range": 0.25, "num_drones": 2, "drone_time_multiplier": 0.25, "drone_cost_multiplier": 0.25, "flight_limit": 25, "demand_ratio": 0.75}, "timelimit": 3600, "num_cpus": 4, "alg": "BnP", "root_LP": 32679.0, "tot_cg_iterations": 20, "global_lb": 32679.0, "time": 3.958183765411377, "obj": 32679.0, "tot_mp_time": 0.0315096378326416, "tot_sp_time": 3.8825981616973877, "tot_sp_heu1_time": 2.0890250205993652, "tot_sp_heu2_time": 1.415086030960083, "tot_sp_exact_time": 0.3748013973236084, "tot_num_sp_heu1": 20, "tot_num_sp_heu2": 12, "tot_num_sp_exact": 2, "tot_sp1_time": 11.322586059570312, "tot_sp2_time": 2.7236950397491455, "tot_heu_time": 0.008585214614868164, "raw_solution": [[[1.0, [0, 7, 1, 26], [[[7, 8], 0], [[7, 11], 1], [[7, 19], 1], [[7, 18], 1], [[1, 9], 0], [[1, 10], 1], [[1, 20], 1], [[1, 3], 0]]], [1.0, [0, 12, 21, 23, 4, 26], [[[21, 2], 0], [[23, 22], 0], [[4, 25], 0], [[4, 24], 1]]], [1.0, [0, 14, 16, 5, 13, 26], [[[14, 15], 0], [[5, 6], 0], [[5, 17], 1]]]], [[1.0, [1, 3]], [1.0, [1, 9]], [1.0, [1, 10]], [1.0, [1, 20]], [1.0, [4, 24]], [1.0, [4, 25]], [1.0, [5, 6]], [1.0, [5, 17]], [1.0, [7, 8]], [1.0, [7, 11]], [1.0, [7, 18]], [1.0, [7, 19]], [1.0, [14, 15]], [1.0, [21, 2]], [1.0, [23, 22]]]], "solution": [[[0, 7, 1, 26], [[[7, 8], [1, 9], [1, 3]], [[7, 11], [7, 19], [7, 18], [1, 10], [1, 20]]]], [[0, 12, 21, 23, 4, 26], [[[21, 2], [23, 22], [4, 25]], [[4, 24]]]], [[0, 14, 16, 5, 13, 26], [[[14, 15], [5, 6]], [[5, 17]]]]], "num_bnb_nodes": 1, "num_bnb_remaining_nodes": 0, "tot_num_gen_cols": 468, "tot_num_labels": 10810, "termination_status": "Optimal"}