{"problem": {"name": "R109", "datafile": "problems/solomon/25/R109.txt", "num_cust_nodes": 25, "num_tot_nodes": 27, "Gamma": 2, "t_range": 0.25, "Delta": 0, "d_range": 0.25, "num_drones": 2, "drone_time_multiplier": 0.25, "drone_cost_multiplier": 0.25, "flight_limit": 25, "demand_ratio": 0.75}, "timelimit": 3600, "num_cpus": 4, "alg": "BnP", "root_LP": 33437.0, "tot_cg_iterations": 23, "global_lb": 33437.0, "time": 6.033455848693848, "obj": 33439.0, "tot_mp_time": 0.030391216278076172, "tot_sp_time": 5.939225912094116, "tot_sp_heu1_time": 3.0334603786468506, "tot_sp_heu2_time": 2.071272373199463, "tot_sp_exact_time": 0.829653263092041, "tot_num_sp_heu1": 23, "tot_num_sp_heu2": 15, "tot_num_sp_exact": 5, "tot_sp1_time": 20.104173183441162, "tot_sp2_time": 1.9560680389404297, "tot_heu_time": 0.028654098510742188, "raw_solution": [[[1.0, [0, 7, 1, 26], [[[7, 8], 0], [[7, 11], 1], [[7, 19], 1], [[7, 18], 1], [[1, 9], 0], [[1, 10], 1], [[1, 20], 1], [[1, 3], 0]]], [1.0000000000000004, [0, 5, 16, 14, 6, 13, 26], [[[14, 2], 0], [[14, 15], 1], [[6, 17], 0]]], [1.0, [0, 12, 21, 23, 4, 26], [[[23, 22], 0], [[4, 25], 0], [[4, 24], 1]]]], [[1.0, [1, 3]], [1.0, [1, 9]], [1.0, [1, 10]], [1.0, [1, 20]], [1.0, [4, 24]], [1.0, [4, 25]], [1.0000000000000004, [6, 17]], [1.0, [7, 8]], [1.0, [7, 11]], [1.0, [7, 18]], [1.0, [7, 19]], [1.0, [14, 2]], [1.0, [14, 15]], [1.0, [23, 22]]]], "solution": [[[0, 7, 1, 26], [[[7, 8], [1, 9], [1, 3]], [[7, 11], [7, 19], [7, 18], [1, 10], [1, 20]]]], [[0, 5, 16, 14, 6, 13, 26], [[[14, 2], [6, 17]], [[14, 15]]]], [[0, 12, 21, 23, 4, 26], [[[23, 22], [4, 25]], [[4, 24]]]]], "num_bnb_nodes": 3, "num_bnb_remaining_nodes": 0, "tot_num_gen_cols": 323, "tot_num_labels": 6826, "termination_status": "Optimal"}