{"problem": {"name": "R109", "datafile": "problems/solomon/25/R109.txt", "num_cust_nodes": 25, "num_tot_nodes": 27, "Gamma": 1, "t_range": 0.25, "Delta": 1, "d_range": 0.25, "num_drones": 2, "drone_time_multiplier": 0.25, "drone_cost_multiplier": 0.25, "flight_limit": 25, "demand_ratio": 0.75}, "timelimit": 3600, "num_cpus": 4, "alg": "BnP", "root_LP": 33329.0, "tot_cg_iterations": 18, "global_lb": 33329.0, "time": 4.042203664779663, "obj": 33329.0, "tot_mp_time": 0.0319514274597168, "tot_sp_time": 3.9754042625427246, "tot_sp_heu1_time": 2.0223381519317627, "tot_sp_heu2_time": 1.644991159439087, "tot_sp_exact_time": 0.3054847717285156, "tot_num_sp_heu1": 18, "tot_num_sp_heu2": 11, "tot_num_sp_exact": 2, "tot_sp1_time": 11.76141619682312, "tot_sp2_time": 3.0279178619384766, "tot_heu_time": 0.0068128108978271484, "raw_solution": [[[1.0, [0, 7, 1, 26], [[[7, 8], 0], [[7, 11], 1], [[7, 19], 1], [[7, 18], 1], [[1, 10], 0], [[1, 9], 1], [[1, 20], 0], [[1, 3], 1]]], [1.0, [0, 14, 16, 5, 13, 26], [[[14, 15], 0], [[5, 17], 0], [[5, 6], 1]]], [1.0, [0, 12, 21, 23, 4, 26], [[[12, 2], 0], [[23, 22], 0], [[4, 25], 0], [[4, 24], 1]]]], [[1.0, [1, 3]], [1.0, [1, 9]], [1.0, [1, 10]], [1.0, [1, 20]], [1.0, [4, 24]], [1.0, [4, 25]], [1.0, [5, 6]], [1.0, [5, 17]], [1.0, [7, 8]], [1.0, [7, 11]], [1.0, [7, 18]], [1.0, [7, 19]], [1.0, [12, 2]], [1.0, [14, 15]], [1.0, [23, 22]]]], "solution": [[[0, 7, 1, 26], [[[7, 8], [1, 10], [1, 20]], [[7, 11], [7, 19], [7, 18], [1, 9], [1, 3]]]], [[0, 14, 16, 5, 13, 26], [[[14, 15], [5, 17]], [[5, 6]]]], [[0, 12, 21, 23, 4, 26], [[[12, 2], [23, 22], [4, 25]], [[4, 24]]]]], "num_bnb_nodes": 1, "num_bnb_remaining_nodes": 0, "tot_num_gen_cols": 373, "tot_num_labels": 7152, "termination_status": "Optimal"}