{"problem": {"name": "R110", "datafile": "problems/solomon/25/R110.txt", "num_cust_nodes": 25, "num_tot_nodes": 27, "Gamma": 0, "t_range": 0.25, "Delta": 1, "d_range": 0.25, "num_drones": 2, "drone_time_multiplier": 0.25, "drone_cost_multiplier": 0.25, "flight_limit": 25, "demand_ratio": 0.75}, "timelimit": 3600, "num_cpus": 4, "alg": "BnP", "root_LP": 31221.5, "tot_cg_iterations": 39, "global_lb": 31231.75, "time": 19.222748517990112, "obj": 31349.0, "tot_mp_time": 0.03737187385559082, "tot_sp_time": 19.02256202697754, "tot_sp_heu1_time": 5.627941131591797, "tot_sp_heu2_time": 8.8726646900177, "tot_sp_exact_time": 4.5130088329315186, "tot_num_sp_heu1": 39, "tot_num_sp_heu2": 32, "tot_num_sp_exact": 13, "tot_sp1_time": 52.52105259895325, "tot_sp2_time": 18.70945978164673, "tot_heu_time": 0.09899735450744629, "raw_solution": [[[1.0, [0, 7, 10, 1, 26], [[[7, 8], 0], [[7, 19], 1], [[10, 11], 0], [[1, 9], 0], [[1, 3], 1], [[1, 20], 1]]], [1.0, [0, 6, 5, 16, 14, 13, 26], [[[6, 2], 0], [[5, 18], 0], [[5, 17], 1]]], [1.0, [0, 12, 21, 22, 23, 4, 26], [[[21, 2], 0], [[22, 15], 0], [[4, 25], 0], [[4, 24], 1]]]], [[1.0, [1, 3]], [1.0, [1, 9]], [1.0, [1, 20]], [1.0, [4, 24]], [1.0, [4, 25]], [1.0, [5, 17]], [1.0, [5, 18]], [1.0, [7, 8]], [1.0, [7, 19]], [1.0, [10, 11]], [1.0, [21, 2]], [1.0, [22, 15]]]], "solution": [[[0, 7, 10, 1, 26], [[[7, 8], [10, 11], [1, 9]], [[7, 19], [1, 3], [1, 20]]]], [[0, 6, 5, 16, 14, 13, 26], [[[5, 18]], [[5, 17]]]], [[0, 12, 21, 22, 23, 4, 26], [[[21, 2], [22, 15], [4, 25]], [[4, 24]]]]], "num_bnb_nodes": 7, "num_bnb_remaining_nodes": 0, "tot_num_gen_cols": 548, "tot_num_labels": 105693, "termination_status": "Optimal"}