{"problem": {"name": "R110", "datafile": "problems/solomon/25/R110.txt", "num_cust_nodes": 25, "num_tot_nodes": 27, "Gamma": 2, "t_range": 0.25, "Delta": 2, "d_range": 0.25, "num_drones": 0, "drone_time_multiplier": 0.25, "drone_cost_multiplier": 0.25, "flight_limit": 0, "demand_ratio": 0.75}, "timelimit": 3600, "num_cpus": 4, "alg": "BnP", "root_LP": 45559.0, "tot_cg_iterations": 52, "global_lb": 46000.0, "time": 10.695860385894775, "obj": 46000.0, "tot_mp_time": 0.043213844299316406, "tot_sp_time": 10.362826347351074, "tot_sp_heu1_time": 5.949754953384399, "tot_sp_heu2_time": 2.262295961380005, "tot_sp_exact_time": 2.1422231197357178, "tot_num_sp_heu1": 52, "tot_num_sp_heu2": 18, "tot_num_sp_exact": 17, "tot_sp1_time": 38.191020011901855, "tot_sp2_time": 0.05441403388977051, "tot_heu_time": 0.2120962142944336, "raw_solution": [[[1.0, [0, 7, 19, 11, 10, 26], []], [1.0, [0, 5, 17, 8, 18, 26], []], [1.0, [0, 21, 22, 23, 4, 25, 24, 26], []], [1.0, [0, 2, 15, 14, 16, 6, 13, 26], []], [1.0, [0, 12, 9, 3, 20, 1, 26], []]], []], "solution": [[[0, 7, 19, 11, 10, 26], []], [[0, 5, 17, 8, 18, 26], []], [[0, 21, 22, 23, 4, 25, 24, 26], []], [[0, 2, 15, 14, 16, 6, 13, 26], []], [[0, 12, 9, 3, 20, 1, 26], []]], "num_bnb_nodes": 19, "num_bnb_remaining_nodes": 0, "tot_num_gen_cols": 391, "tot_num_labels": 473, "termination_status": "Optimal"}