{"problem": {"name": "R110", "datafile": "problems/solomon/25/R110.txt", "num_cust_nodes": 25, "num_tot_nodes": 27, "Gamma": 0, "t_range": 0.25, "Delta": 0, "d_range": 0.25, "num_drones": 2, "drone_time_multiplier": 0.25, "drone_cost_multiplier": 0.25, "flight_limit": 25, "demand_ratio": 0.75}, "timelimit": 3600, "num_cpus": 4, "alg": "BnP", "root_LP": 31023.0, "tot_cg_iterations": 62, "global_lb": 31335.0, "time": 30.981789350509644, "obj": 31349.0, "tot_mp_time": 0.06013059616088867, "tot_sp_time": 30.559247255325317, "tot_sp_heu1_time": 8.806674242019653, "tot_sp_heu2_time": 15.903595447540283, "tot_sp_exact_time": 5.834521532058716, "tot_num_sp_heu1": 62, "tot_num_sp_heu2": 56, "tot_num_sp_exact": 20, "tot_sp1_time": 82.3512511253357, "tot_sp2_time": 32.51065182685852, "tot_heu_time": 0.2507939338684082, "raw_solution": [[[1.0, [0, 6, 5, 16, 14, 13, 26], [[[6, 2], 0], [[5, 18], 0], [[5, 17], 1]]], [1.0, [0, 7, 10, 1, 26], [[[7, 8], 0], [[7, 19], 1], [[10, 11], 0], [[1, 9], 0], [[1, 3], 1], [[1, 20], 1]]], [1.0, [0, 12, 21, 22, 23, 4, 26], [[[21, 2], 0], [[22, 15], 0], [[4, 25], 0], [[4, 24], 1]]]], [[1.0, [1, 3]], [1.0, [1, 9]], [1.0, [1, 20]], [1.0, [4, 24]], [1.0, [4, 25]], [1.0, [5, 17]], [1.0, [5, 18]], [1.0, [7, 8]], [1.0, [7, 19]], [1.0, [10, 11]], [1.0, [21, 2]], [1.0, [22, 15]]]], "solution": [[[0, 6, 5, 16, 14, 13, 26], [[[5, 18]], [[5, 17]]]], [[0, 7, 10, 1, 26], [[[7, 8], [10, 11], [1, 9]], [[7, 19], [1, 3], [1, 20]]]], [[0, 12, 21, 22, 23, 4, 26], [[[21, 2], [22, 15], [4, 25]], [[4, 24]]]]], "num_bnb_nodes": 13, "num_bnb_remaining_nodes": 0, "tot_num_gen_cols": 907, "tot_num_labels": 169634, "termination_status": "Optimal"}