{"problem": {"name": "R110", "datafile": "problems/solomon/25/R110.txt", "num_cust_nodes": 25, "num_tot_nodes": 27, "Gamma": 2, "t_range": 0.25, "Delta": 1, "d_range": 0.25, "num_drones": 2, "drone_time_multiplier": 0.25, "drone_cost_multiplier": 0.25, "flight_limit": 25, "demand_ratio": 0.75}, "timelimit": 3600, "num_cpus": 4, "alg": "BnP", "root_LP": 31450.0, "tot_cg_iterations": 18, "global_lb": 31450.0, "time": 9.778520345687866, "obj": 31450.0, "tot_mp_time": 0.05866384506225586, "tot_sp_time": 9.668801546096802, "tot_sp_heu1_time": 2.948079824447632, "tot_sp_heu2_time": 6.250651836395264, "tot_sp_exact_time": 0.46488070487976074, "tot_num_sp_heu1": 18, "tot_num_sp_heu2": 13, "tot_num_sp_exact": 2, "tot_sp1_time": 18.60294508934021, "tot_sp2_time": 18.34882616996765, "tot_heu_time": 0.00968170166015625, "raw_solution": [[[1.0, [0, 12, 21, 22, 23, 4, 26], [[[21, 2], 0], [[22, 15], 0], [[4, 24], 0], [[4, 25], 1]]], [1.0, [0, 6, 5, 16, 14, 13, 26], [[[6, 2], 0], [[16, 17], 0]]], [1.0, [0, 7, 1, 26], [[[7, 8], 0], [[7, 11], 1], [[7, 19], 1], [[7, 18], 1], [[1, 10], 0], [[1, 3], 1], [[1, 9], 1], [[1, 20], 0]]]], [[1.0, [1, 3]], [1.0, [1, 9]], [1.0, [1, 10]], [1.0, [1, 20]], [1.0, [4, 24]], [1.0, [4, 25]], [1.0, [7, 8]], [1.0, [7, 11]], [1.0, [7, 18]], [1.0, [7, 19]], [1.0, [16, 17]], [1.0, [21, 2]], [1.0, [22, 15]]]], "solution": [[[0, 12, 21, 22, 23, 4, 26], [[[21, 2], [22, 15], [4, 24]], [[4, 25]]]], [[0, 6, 5, 16, 14, 13, 26], [[[16, 17]], []]], [[0, 7, 1, 26], [[[7, 8], [1, 10], [1, 20]], [[7, 11], [7, 19], [7, 18], [1, 3], [1, 9]]]]], "num_bnb_nodes": 1, "num_bnb_remaining_nodes": 0, "tot_num_gen_cols": 386, "tot_num_labels": 13510, "termination_status": "Optimal"}