{"problem": {"name": "R110", "datafile": "problems/solomon/25/R110.txt", "num_cust_nodes": 25, "num_tot_nodes": 27, "Gamma": 1, "t_range": 0.25, "Delta": 0, "d_range": 0.25, "num_drones": 2, "drone_time_multiplier": 0.25, "drone_cost_multiplier": 0.25, "flight_limit": 25, "demand_ratio": 0.75}, "timelimit": 3600, "num_cpus": 4, "alg": "BnP", "root_LP": 31349.0, "tot_cg_iterations": 15, "global_lb": 31349.0, "time": 4.998072624206543, "obj": 31349.0, "tot_mp_time": 0.021485567092895508, "tot_sp_time": 4.935159921646118, "tot_sp_heu1_time": 2.043919563293457, "tot_sp_heu2_time": 2.450889825820923, "tot_sp_exact_time": 0.4365992546081543, "tot_num_sp_heu1": 15, "tot_num_sp_heu2": 11, "tot_num_sp_exact": 2, "tot_sp1_time": 13.145976543426514, "tot_sp2_time": 5.205466985702515, "tot_heu_time": 0.006704568862915039, "raw_solution": [[[1.0, [0, 6, 5, 16, 14, 13, 26], [[[5, 17], 0], [[5, 18], 1], [[16, 8], 0], [[14, 15], 0]]], [1.0, [0, 7, 10, 1, 26], [[[7, 8], 0], [[7, 19], 1], [[10, 11], 0], [[1, 9], 0], [[1, 3], 1], [[1, 20], 1]]], [1.0, [0, 12, 21, 22, 23, 4, 26], [[[21, 2], 0], [[4, 25], 0], [[4, 24], 1]]]], [[1.0, [1, 3]], [1.0, [1, 9]], [1.0, [1, 20]], [1.0, [4, 24]], [1.0, [4, 25]], [1.0, [5, 17]], [1.0, [5, 18]], [1.0, [7, 8]], [1.0, [7, 19]], [1.0, [10, 11]], [1.0, [14, 15]], [1.0, [21, 2]]]], "solution": [[[0, 6, 5, 16, 14, 13, 26], [[[5, 17], [14, 15]], [[5, 18]]]], [[0, 7, 10, 1, 26], [[[7, 8], [10, 11], [1, 9]], [[7, 19], [1, 3], [1, 20]]]], [[0, 12, 21, 22, 23, 4, 26], [[[21, 2], [4, 25]], [[4, 24]]]]], "num_bnb_nodes": 1, "num_bnb_remaining_nodes": 0, "tot_num_gen_cols": 466, "tot_num_labels": 19266, "termination_status": "Optimal"}