{"problem": {"name": "R110", "datafile": "problems/solomon/25/R110.txt", "num_cust_nodes": 25, "num_tot_nodes": 27, "Gamma": 1, "t_range": 0.25, "Delta": 2, "d_range": 0.25, "num_drones": 2, "drone_time_multiplier": 0.25, "drone_cost_multiplier": 0.25, "flight_limit": 25, "demand_ratio": 0.75}, "timelimit": 3600, "num_cpus": 4, "alg": "BnP", "root_LP": 31391.0, "tot_cg_iterations": 19, "global_lb": 31391.0, "time": 7.387937784194946, "obj": 31391.0, "tot_mp_time": 0.03417325019836426, "tot_sp_time": 7.306087970733643, "tot_sp_heu1_time": 2.8733971118927, "tot_sp_heu2_time": 3.8957395553588867, "tot_sp_exact_time": 0.5320038795471191, "tot_num_sp_heu1": 19, "tot_num_sp_heu2": 12, "tot_num_sp_exact": 2, "tot_sp1_time": 17.867002487182617, "tot_sp2_time": 9.698859930038452, "tot_heu_time": 0.008445501327514648, "raw_solution": [[[1.0, [0, 7, 1, 26], [[[7, 8], 0], [[7, 11], 1], [[7, 19], 1], [[7, 18], 1], [[1, 10], 0], [[1, 3], 1], [[1, 9], 1], [[1, 20], 0]]], [1.0, [0, 6, 5, 16, 14, 13, 26], [[[6, 2], 0], [[5, 17], 0], [[14, 15], 0]]], [1.0, [0, 12, 21, 22, 23, 4, 26], [[[21, 2], 0], [[4, 25], 0], [[4, 24], 1]]]], [[1.0, [1, 3]], [1.0, [1, 9]], [1.0, [1, 10]], [1.0, [1, 20]], [1.0, [4, 24]], [1.0, [4, 25]], [1.0, [5, 17]], [1.0, [7, 8]], [1.0, [7, 11]], [1.0, [7, 18]], [1.0, [7, 19]], [1.0, [14, 15]], [1.0, [21, 2]]]], "solution": [[[0, 7, 1, 26], [[[7, 8], [1, 10], [1, 20]], [[7, 11], [7, 19], [7, 18], [1, 3], [1, 9]]]], [[0, 6, 5, 16, 14, 13, 26], [[[5, 17], [14, 15]], []]], [[0, 12, 21, 22, 23, 4, 26], [[[21, 2], [4, 25]], [[4, 24]]]]], "num_bnb_nodes": 1, "num_bnb_remaining_nodes": 0, "tot_num_gen_cols": 448, "tot_num_labels": 24561, "termination_status": "Optimal"}