{"problem": {"name": "R111", "datafile": "problems/solomon/25/R111.txt", "num_cust_nodes": 25, "num_tot_nodes": 27, "Gamma": 0, "t_range": 0.25, "Delta": 0, "d_range": 0.25, "num_drones": 2, "drone_time_multiplier": 0.25, "drone_cost_multiplier": 0.25, "flight_limit": 25, "demand_ratio": 0.75}, "timelimit": 3600, "num_cpus": 4, "alg": "BnP", "root_LP": 30335.0, "tot_cg_iterations": 25, "global_lb": 30335.0, "time": 22.836397171020508, "obj": 30335.0, "tot_mp_time": 0.044934749603271484, "tot_sp_time": 22.737941026687622, "tot_sp_heu1_time": 4.207697868347168, "tot_sp_heu2_time": 16.27611231803894, "tot_sp_exact_time": 2.24761962890625, "tot_num_sp_heu1": 25, "tot_num_sp_heu2": 13, "tot_num_sp_exact": 2, "tot_sp1_time": 45.8169732093811, "tot_sp2_time": 39.35542130470276, "tot_heu_time": 0.010017871856689453, "raw_solution": [[[1.0, [0, 1, 26], [[[1, 3], 0], [[1, 9], 1], [[1, 10], 0], [[1, 20], 1]]], [1.0, [0, 21, 23, 4, 12, 26], [[[21, 2], 0], [[21, 15], 1], [[23, 22], 0], [[4, 25], 0], [[12, 24], 0], [[12, 3], 1]]], [1.0, [0, 18, 5, 16, 14, 13, 26], [[[18, 7], 0], [[18, 11], 1], [[18, 19], 0], [[5, 6], 0], [[5, 8], 1], [[16, 17], 0], [[13, 2], 0]]]], [[1.0, [1, 9]], [1.0, [1, 10]], [1.0, [1, 20]], [1.0, [4, 25]], [1.0, [5, 6]], [1.0, [5, 8]], [1.0, [12, 3]], [1.0, [12, 24]], [1.0, [13, 2]], [1.0, [16, 17]], [1.0, [18, 7]], [1.0, [18, 11]], [1.0, [18, 19]], [1.0, [21, 15]], [1.0, [23, 22]]]], "solution": [[[0, 1, 26], [[[1, 10]], [[1, 9], [1, 20]]]], [[0, 21, 23, 4, 12, 26], [[[23, 22], [4, 25], [12, 24]], [[21, 15], [12, 3]]]], [[0, 18, 5, 16, 14, 13, 26], [[[18, 7], [18, 19], [5, 6], [16, 17], [13, 2]], [[18, 11], [5, 8]]]]], "num_bnb_nodes": 1, "num_bnb_remaining_nodes": 0, "tot_num_gen_cols": 463, "tot_num_labels": 282035, "termination_status": "Optimal"}