{"problem": {"name": "R111", "datafile": "problems/solomon/25/R111.txt", "num_cust_nodes": 25, "num_tot_nodes": 27, "Gamma": 0, "t_range": 0.25, "Delta": 1, "d_range": 0.25, "num_drones": 2, "drone_time_multiplier": 0.25, "drone_cost_multiplier": 0.25, "flight_limit": 25, "demand_ratio": 0.75}, "timelimit": 3600, "num_cpus": 4, "alg": "BnP", "root_LP": 30335.0, "tot_cg_iterations": 24, "global_lb": 30335.0, "time": 18.6773579120636, "obj": 30335.0, "tot_mp_time": 0.04424262046813965, "tot_sp_time": 18.583492279052734, "tot_sp_heu1_time": 3.838216543197632, "tot_sp_heu2_time": 12.58626413345337, "tot_sp_exact_time": 2.152702808380127, "tot_num_sp_heu1": 24, "tot_num_sp_heu2": 13, "tot_num_sp_exact": 2, "tot_sp1_time": 43.44283747673035, "tot_sp2_time": 26.194607496261597, "tot_heu_time": 0.009593725204467773, "raw_solution": [[[1.0, [0, 1, 26], [[[1, 3], 0], [[1, 9], 1], [[1, 10], 0], [[1, 20], 1]]], [1.0, [0, 21, 23, 4, 12, 26], [[[21, 15], 0], [[23, 22], 0], [[4, 25], 0], [[12, 24], 0], [[12, 3], 1]]], [1.0, [0, 18, 5, 16, 14, 13, 26], [[[18, 7], 0], [[18, 11], 1], [[18, 19], 0], [[5, 6], 0], [[5, 8], 1], [[16, 17], 0], [[13, 2], 0]]]], [[1.0, [1, 9]], [1.0, [1, 10]], [1.0, [1, 20]], [1.0, [4, 25]], [1.0, [5, 6]], [1.0, [5, 8]], [1.0, [12, 3]], [1.0, [12, 24]], [1.0, [13, 2]], [1.0, [16, 17]], [1.0, [18, 7]], [1.0, [18, 11]], [1.0, [18, 19]], [1.0, [21, 15]], [1.0, [23, 22]]]], "solution": [[[0, 1, 26], [[[1, 10]], [[1, 9], [1, 20]]]], [[0, 21, 23, 4, 12, 26], [[[21, 15], [23, 22], [4, 25], [12, 24]], [[12, 3]]]], [[0, 18, 5, 16, 14, 13, 26], [[[18, 7], [18, 19], [5, 6], [16, 17], [13, 2]], [[18, 11], [5, 8]]]]], "num_bnb_nodes": 1, "num_bnb_remaining_nodes": 0, "tot_num_gen_cols": 455, "tot_num_labels": 288907, "termination_status": "Optimal"}