{"problem": {"name": "R111", "datafile": "problems/solomon/25/R111.txt", "num_cust_nodes": 25, "num_tot_nodes": 27, "Gamma": 2, "t_range": 0.25, "Delta": 2, "d_range": 0.25, "num_drones": 3, "drone_time_multiplier": 0.25, "drone_cost_multiplier": 0.25, "flight_limit": 25, "demand_ratio": 0.75}, "timelimit": 3600, "num_cpus": 4, "alg": "BnP", "root_LP": 32018.0, "tot_cg_iterations": 23, "global_lb": 32018.0, "time": 12.184744119644165, "obj": 32018.0, "tot_mp_time": 0.03177595138549805, "tot_sp_time": 12.108689785003662, "tot_sp_heu1_time": 3.9670042991638184, "tot_sp_heu2_time": 6.235107660293579, "tot_sp_exact_time": 1.9012682437896729, "tot_num_sp_heu1": 23, "tot_num_sp_heu2": 14, "tot_num_sp_exact": 3, "tot_sp1_time": 26.423165559768677, "tot_sp2_time": 18.45625138282776, "tot_heu_time": 0.007219552993774414, "raw_solution": [[[1.0, [0, 14, 16, 5, 13, 26], [[[14, 15], 0], [[5, 17], 0], [[5, 6], 1], [[5, 8], 2], [[13, 2], 0]]], [1.0, [0, 21, 23, 4, 12, 26], [[[21, 2], 0], [[23, 22], 0], [[4, 24], 0], [[4, 25], 1]]], [1.0, [0, 7, 1, 26], [[[7, 11], 0], [[7, 18], 1], [[7, 19], 2], [[1, 3], 0], [[1, 9], 1], [[1, 20], 2], [[1, 10], 0]]]], [[1.0, [1, 3]], [1.0, [1, 9]], [1.0, [1, 10]], [1.0, [1, 20]], [1.0, [4, 24]], [1.0, [4, 25]], [1.0, [5, 6]], [1.0, [5, 8]], [1.0, [5, 17]], [1.0, [7, 11]], [1.0, [7, 18]], [1.0, [7, 19]], [1.0, [13, 2]], [1.0, [14, 15]], [1.0, [23, 22]]]], "solution": [[[0, 14, 16, 5, 13, 26], [[[14, 15], [5, 17], [13, 2]], [[5, 6]], [[5, 8]]]], [[0, 21, 23, 4, 12, 26], [[[23, 22], [4, 24]], [[4, 25]], []]], [[0, 7, 1, 26], [[[7, 11], [1, 3], [1, 10]], [[7, 18], [1, 9]], [[7, 19], [1, 20]]]]], "num_bnb_nodes": 1, "num_bnb_remaining_nodes": 0, "tot_num_gen_cols": 434, "tot_num_labels": 85438, "termination_status": "Optimal"}