{"problem": {"name": "R111", "datafile": "problems/solomon/25/R111.txt", "num_cust_nodes": 25, "num_tot_nodes": 27, "Gamma": 2, "t_range": 0.25, "Delta": 2, "d_range": 0.25, "num_drones": 2, "drone_time_multiplier": 0.25, "drone_cost_multiplier": 0.25, "flight_limit": 25, "demand_ratio": 0.75}, "timelimit": 3600, "num_cpus": 4, "alg": "BnP", "root_LP": 32018.0, "tot_cg_iterations": 24, "global_lb": 32018.0, "time": 59.250160932540894, "obj": 32018.0, "tot_mp_time": 0.022897958755493164, "tot_sp_time": 59.1757972240448, "tot_sp_heu1_time": 3.7628421783447266, "tot_sp_heu2_time": 53.378297090530396, "tot_sp_exact_time": 2.028073787689209, "tot_num_sp_heu1": 24, "tot_num_sp_heu2": 15, "tot_num_sp_exact": 3, "tot_sp1_time": 27.110286474227905, "tot_sp2_time": 199.64845538139343, "tot_heu_time": 0.009628772735595703, "raw_solution": [[[1.0, [0, 21, 23, 4, 12, 26], [[[23, 22], 0], [[4, 24], 0], [[4, 25], 1]]], [1.0, [0, 14, 16, 5, 13, 26], [[[14, 15], 0], [[5, 8], 0], [[5, 6], 1], [[5, 17], 1], [[13, 2], 0]]], [1.0, [0, 7, 1, 26], [[[7, 11], 0], [[7, 19], 1], [[7, 18], 1], [[1, 9], 0], [[1, 20], 1], [[1, 10], 1], [[1, 3], 0]]]], [[1.0, [1, 3]], [1.0, [1, 9]], [1.0, [1, 10]], [1.0, [1, 20]], [1.0, [4, 24]], [1.0, [4, 25]], [1.0, [5, 6]], [1.0, [5, 8]], [1.0, [5, 17]], [1.0, [7, 11]], [1.0, [7, 18]], [1.0, [7, 19]], [1.0, [13, 2]], [1.0, [14, 15]], [1.0, [23, 22]]]], "solution": [[[0, 21, 23, 4, 12, 26], [[[23, 22], [4, 24]], [[4, 25]]]], [[0, 14, 16, 5, 13, 26], [[[14, 15], [5, 8], [13, 2]], [[5, 6], [5, 17]]]], [[0, 7, 1, 26], [[[7, 11], [1, 9], [1, 3]], [[7, 19], [7, 18], [1, 20], [1, 10]]]]], "num_bnb_nodes": 1, "num_bnb_remaining_nodes": 0, "tot_num_gen_cols": 454, "tot_num_labels": 93326, "termination_status": "Optimal"}