{"problem": {"name": "R111", "datafile": "problems/solomon/25/R111.txt", "num_cust_nodes": 25, "num_tot_nodes": 27, "Gamma": 2, "t_range": 0.25, "Delta": 2, "d_range": 0.25, "num_drones": 1, "drone_time_multiplier": 0.25, "drone_cost_multiplier": 0.25, "flight_limit": 25, "demand_ratio": 0.75}, "timelimit": 3600, "num_cpus": 4, "alg": "BnP", "root_LP": 32018.0, "tot_cg_iterations": 22, "global_lb": 32018.0, "time": 166.87784576416016, "obj": 32018.0, "tot_mp_time": 0.025334835052490234, "tot_sp_time": 166.8076410293579, "tot_sp_heu1_time": 16.08924102783203, "tot_sp_heu2_time": 123.1267454624176, "tot_sp_exact_time": 27.58423686027527, "tot_num_sp_heu1": 22, "tot_num_sp_heu2": 16, "tot_num_sp_exact": 4, "tot_sp1_time": 28.324104070663452, "tot_sp2_time": 555.6922345161438, "tot_heu_time": 0.007679939270019531, "raw_solution": [[[1.0, [0, 21, 23, 4, 12, 26], [[[23, 22], 0], [[4, 24], 0], [[4, 25], 0]]], [1.0, [0, 14, 16, 5, 13, 26], [[[14, 15], 0], [[5, 8], 0], [[5, 6], 0], [[5, 17], 0], [[13, 2], 0]]], [1.0, [0, 7, 1, 26], [[[7, 19], 0], [[7, 18], 0], [[7, 11], 0], [[1, 9], 0], [[1, 10], 0], [[1, 3], 0], [[1, 20], 0]]]], [[1.0, [1, 3]], [1.0, [1, 9]], [1.0, [1, 10]], [1.0, [1, 20]], [1.0, [4, 24]], [1.0, [4, 25]], [1.0, [5, 6]], [1.0, [5, 8]], [1.0, [5, 17]], [1.0, [7, 11]], [1.0, [7, 18]], [1.0, [7, 19]], [1.0, [13, 2]], [1.0, [14, 15]], [1.0, [23, 22]]]], "solution": [[[0, 21, 23, 4, 12, 26], [[[23, 22], [4, 24], [4, 25]]]], [[0, 14, 16, 5, 13, 26], [[[14, 15], [5, 8], [5, 6], [5, 17], [13, 2]]]], [[0, 7, 1, 26], [[[7, 19], [7, 18], [7, 11], [1, 9], [1, 10], [1, 3], [1, 20]]]]], "num_bnb_nodes": 1, "num_bnb_remaining_nodes": 0, "tot_num_gen_cols": 441, "tot_num_labels": 111736, "termination_status": "Optimal"}