{"problem": {"name": "R111", "datafile": "problems/solomon/25/R111.txt", "num_cust_nodes": 25, "num_tot_nodes": 27, "Gamma": 1, "t_range": 0.25, "Delta": 2, "d_range": 0.25, "num_drones": 2, "drone_time_multiplier": 0.25, "drone_cost_multiplier": 0.25, "flight_limit": 25, "demand_ratio": 0.75}, "timelimit": 3600, "num_cpus": 4, "alg": "BnP", "root_LP": 31881.5, "tot_cg_iterations": 30, "global_lb": 31881.5, "time": 42.483283281326294, "obj": 32018.0, "tot_mp_time": 0.04011988639831543, "tot_sp_time": 42.33002805709839, "tot_sp_heu1_time": 6.2650206089019775, "tot_sp_heu2_time": 32.186816930770874, "tot_sp_exact_time": 3.869155168533325, "tot_num_sp_heu1": 30, "tot_num_sp_heu2": 20, "tot_num_sp_exact": 5, "tot_sp1_time": 53.89766335487366, "tot_sp2_time": 106.36081099510193, "tot_heu_time": 0.045528411865234375, "raw_solution": [[[1.0, [0, 7, 1, 26], [[[7, 11], 0], [[7, 19], 1], [[7, 18], 1], [[1, 9], 0], [[1, 20], 1], [[1, 10], 1], [[1, 3], 0]]], [1.0, [0, 14, 16, 5, 13, 26], [[[14, 15], 0], [[5, 6], 0], [[5, 8], 1], [[5, 17], 0], [[13, 2], 0]]], [1.0, [0, 21, 23, 4, 12, 26], [[[21, 2], 0], [[23, 22], 0], [[4, 25], 0], [[4, 24], 1]]]], [[1.0, [1, 3]], [1.0, [1, 9]], [1.0, [1, 10]], [1.0, [1, 20]], [1.0, [4, 24]], [1.0, [4, 25]], [1.0, [5, 6]], [1.0, [5, 8]], [1.0, [5, 17]], [1.0, [7, 11]], [1.0, [7, 18]], [1.0, [7, 19]], [1.0, [13, 2]], [1.0, [14, 15]], [1.0, [23, 22]]]], "solution": [[[0, 7, 1, 26], [[[7, 11], [1, 9], [1, 3]], [[7, 19], [7, 18], [1, 20], [1, 10]]]], [[0, 14, 16, 5, 13, 26], [[[14, 15], [5, 6], [5, 17], [13, 2]], [[5, 8]]]], [[0, 21, 23, 4, 12, 26], [[[23, 22], [4, 25]], [[4, 24]]]]], "num_bnb_nodes": 3, "num_bnb_remaining_nodes": 0, "tot_num_gen_cols": 489, "tot_num_labels": 198696, "termination_status": "Optimal"}