{"problem": {"name": "R111", "datafile": "problems/solomon/25/R111.txt", "num_cust_nodes": 25, "num_tot_nodes": 27, "Gamma": 2, "t_range": 0.25, "Delta": 2, "d_range": 0.25, "num_drones": 0, "drone_time_multiplier": 0.25, "drone_cost_multiplier": 0.25, "flight_limit": 0, "demand_ratio": 0.75}, "timelimit": 3600, "num_cpus": 4, "alg": "BnP", "root_LP": 44654.0, "tot_cg_iterations": 14, "global_lb": 44654.0, "time": 1.64556884765625, "obj": 44654.0, "tot_mp_time": 0.015024185180664062, "tot_sp_time": 1.6009151935577393, "tot_sp_heu1_time": 1.3006136417388916, "tot_sp_heu2_time": 0.14406752586364746, "tot_sp_exact_time": 0.15427374839782715, "tot_num_sp_heu1": 14, "tot_num_sp_heu2": 1, "tot_num_sp_exact": 1, "tot_sp1_time": 6.094666957855225, "tot_sp2_time": 0.00647735595703125, "tot_heu_time": 0.005758047103881836, "raw_solution": [[[1.0, [0, 2, 15, 14, 16, 17, 5, 13, 26], []], [1.0, [0, 1, 20, 9, 3, 24, 12, 26], []], [1.0, [0, 6, 8, 18, 26], []], [1.0, [0, 7, 19, 11, 10, 26], []], [1.0, [0, 21, 23, 22, 4, 25, 26], []]], []], "solution": [[[0, 2, 15, 14, 16, 17, 5, 13, 26], []], [[0, 1, 20, 9, 3, 24, 12, 26], []], [[0, 6, 8, 18, 26], []], [[0, 7, 19, 11, 10, 26], []], [[0, 21, 23, 22, 4, 25, 26], []]], "num_bnb_nodes": 1, "num_bnb_remaining_nodes": 0, "tot_num_gen_cols": 317, "tot_num_labels": 343, "termination_status": "Optimal"}