{"problem": {"name": "R111", "datafile": "problems/solomon/25/R111.txt", "num_cust_nodes": 25, "num_tot_nodes": 27, "Gamma": 1, "t_range": 0.25, "Delta": 0, "d_range": 0.25, "num_drones": 2, "drone_time_multiplier": 0.25, "drone_cost_multiplier": 0.25, "flight_limit": 25, "demand_ratio": 0.75}, "timelimit": 3600, "num_cpus": 4, "alg": "BnP", "root_LP": 31714.75, "tot_cg_iterations": 31, "global_lb": 31714.75, "time": 45.05131483078003, "obj": 31866.0, "tot_mp_time": 0.04546689987182617, "tot_sp_time": 44.8980815410614, "tot_sp_heu1_time": 6.691596269607544, "tot_sp_heu2_time": 34.31939768791199, "tot_sp_exact_time": 3.8783881664276123, "tot_num_sp_heu1": 31, "tot_num_sp_heu2": 23, "tot_num_sp_exact": 5, "tot_sp1_time": 55.00789737701416, "tot_sp2_time": 116.35152220726013, "tot_heu_time": 0.04250526428222656, "raw_solution": [[[1.0, [0, 21, 23, 4, 12, 26], [[[23, 22], 0], [[4, 25], 0], [[12, 24], 0], [[12, 1], 1]]], [1.0, [0, 7, 1, 26], [[[7, 11], 0], [[7, 19], 1], [[7, 18], 1], [[1, 9], 0], [[1, 20], 1], [[1, 10], 1], [[1, 3], 0]]], [1.0, [0, 14, 16, 5, 13, 26], [[[14, 15], 0], [[5, 6], 0], [[5, 8], 1], [[5, 17], 0], [[13, 2], 0]]]], [[1.0, [1, 3]], [1.0, [1, 9]], [1.0, [1, 10]], [1.0, [1, 20]], [1.0, [4, 25]], [1.0, [5, 6]], [1.0, [5, 8]], [1.0, [5, 17]], [1.0, [7, 11]], [1.0, [7, 18]], [1.0, [7, 19]], [1.0, [12, 24]], [1.0, [13, 2]], [1.0, [14, 15]], [1.0, [23, 22]]]], "solution": [[[0, 21, 23, 4, 12, 26], [[[23, 22], [4, 25], [12, 24]], []]], [[0, 7, 1, 26], [[[7, 11], [1, 9], [1, 3]], [[7, 19], [7, 18], [1, 20], [1, 10]]]], [[0, 14, 16, 5, 13, 26], [[[14, 15], [5, 6], [5, 17], [13, 2]], [[5, 8]]]]], "num_bnb_nodes": 3, "num_bnb_remaining_nodes": 0, "tot_num_gen_cols": 582, "tot_num_labels": 188899, "termination_status": "Optimal"}