{"problem": {"name": "R111", "datafile": "problems/solomon/25/R111.txt", "num_cust_nodes": 25, "num_tot_nodes": 27, "Gamma": 2, "t_range": 0.25, "Delta": 2, "d_range": 0.25, "num_drones": 2, "drone_time_multiplier": 0.25, "drone_cost_multiplier": 0.25, "flight_limit": 25, "demand_ratio": 0.75}, "timelimit": 3600, "num_cpus": 4, "alg": "MIP", "time": 3600.0154180526733, "root_LP": 25050.3719459199, "obj": 32934.0, "final_gap": 0.11547089111826966, "global_lb": 29131.081671910895, "num_bnb_nodes": 87754, "num_bnb_remaining_nodes": 26867, "solution": [[[0, 1, 26], [[[1, 9], [1, 20]], [[1, 3], [1, 10]]]], [[0, 5, 16, 14, 13, 26], [[[13, 6]], [[13, 2]]]], [[0, 18, 26], [[[18, 11], [18, 19], [18, 8], [18, 7], [18, 17]], []]], [[0, 21, 23, 4, 12, 26], [[], []]]], "termination_status": "time limit exceeded"}