{"problem": {"name": "R111", "datafile": "problems/solomon/25/R111.txt", "num_cust_nodes": 25, "num_tot_nodes": 27, "Gamma": 2, "t_range": 0.25, "Delta": 1, "d_range": 0.25, "num_drones": 2, "drone_time_multiplier": 0.25, "drone_cost_multiplier": 0.25, "flight_limit": 25, "demand_ratio": 0.75}, "timelimit": 3600, "num_cpus": 4, "alg": "BnP", "root_LP": 32018.0, "tot_cg_iterations": 22, "global_lb": 32018.0, "time": 35.19028615951538, "obj": 32018.0, "tot_mp_time": 0.03279829025268555, "tot_sp_time": 35.10256910324097, "tot_sp_heu1_time": 4.670168161392212, "tot_sp_heu2_time": 27.21839427947998, "tot_sp_exact_time": 3.2068817615509033, "tot_num_sp_heu1": 22, "tot_num_sp_heu2": 13, "tot_num_sp_exact": 4, "tot_sp1_time": 30.308818817138672, "tot_sp2_time": 103.21086072921753, "tot_heu_time": 0.009695768356323242, "raw_solution": [[[1.0, [0, 14, 16, 5, 13, 26], [[[14, 15], 0], [[5, 8], 0], [[5, 17], 1], [[5, 6], 0], [[13, 2], 0]]], [1.0, [0, 21, 23, 4, 12, 26], [[[23, 15], 0], [[23, 22], 1], [[4, 24], 0], [[4, 25], 1]]], [1.0, [0, 7, 1, 26], [[[7, 11], 0], [[7, 19], 1], [[7, 18], 1], [[1, 9], 0], [[1, 20], 1], [[1, 10], 1], [[1, 3], 0]]]], [[1.0, [1, 3]], [1.0, [1, 9]], [1.0, [1, 10]], [1.0, [1, 20]], [1.0, [4, 24]], [1.0, [4, 25]], [1.0, [5, 6]], [1.0, [5, 8]], [1.0, [5, 17]], [1.0, [7, 11]], [1.0, [7, 18]], [1.0, [7, 19]], [1.0, [13, 2]], [1.0, [14, 15]], [1.0, [23, 22]]]], "solution": [[[0, 14, 16, 5, 13, 26], [[[14, 15], [5, 8], [5, 6], [13, 2]], [[5, 17]]]], [[0, 21, 23, 4, 12, 26], [[[4, 24]], [[23, 22], [4, 25]]]], [[0, 7, 1, 26], [[[7, 11], [1, 9], [1, 3]], [[7, 19], [7, 18], [1, 20], [1, 10]]]]], "num_bnb_nodes": 1, "num_bnb_remaining_nodes": 0, "tot_num_gen_cols": 422, "tot_num_labels": 88585, "termination_status": "Optimal"}