{"problem": {"name": "R112", "datafile": "problems/solomon/25/R112.txt", "num_cust_nodes": 25, "num_tot_nodes": 27, "Gamma": 2, "t_range": 0.25, "Delta": 2, "d_range": 0.25, "num_drones": 0, "drone_time_multiplier": 0.25, "drone_cost_multiplier": 0.25, "flight_limit": 0, "demand_ratio": 0.75}, "timelimit": 3600, "num_cpus": 4, "alg": "BnP", "root_LP": 39342.799999999996, "tot_cg_iterations": 25, "global_lb": 39342.799999999996, "time": 5.860140800476074, "obj": 39410.0, "tot_mp_time": 0.01890397071838379, "tot_sp_time": 5.763481140136719, "tot_sp_heu1_time": 3.892765760421753, "tot_sp_heu2_time": 0.9348986148834229, "tot_sp_exact_time": 0.9321675300598145, "tot_num_sp_heu1": 25, "tot_num_sp_heu2": 3, "tot_num_sp_exact": 3, "tot_sp1_time": 22.190633058547974, "tot_sp2_time": 0.01735973358154297, "tot_heu_time": 0.037267446517944336, "raw_solution": [[[1.0, [0, 2, 15, 14, 16, 17, 5, 6, 13, 26], []], [1.0, [0, 12, 3, 9, 20, 1, 26], []], [1.0, [0, 21, 22, 23, 4, 25, 24, 26], []], [1.0, [0, 18, 8, 7, 19, 11, 10, 26], []]], []], "solution": [[[0, 2, 15, 14, 16, 17, 5, 6, 13, 26], []], [[0, 12, 3, 9, 20, 1, 26], []], [[0, 21, 22, 23, 4, 25, 24, 26], []], [[0, 18, 8, 7, 19, 11, 10, 26], []]], "num_bnb_nodes": 3, "num_bnb_remaining_nodes": 0, "tot_num_gen_cols": 405, "tot_num_labels": 457, "termination_status": "Optimal"}