{"problem": {"name": "R112", "datafile": "problems/solomon/25/R112.txt", "num_cust_nodes": 25, "num_tot_nodes": 27, "Gamma": 0, "t_range": 0.25, "Delta": 2, "d_range": 0.25, "num_drones": 2, "drone_time_multiplier": 0.25, "drone_cost_multiplier": 0.25, "flight_limit": 25, "demand_ratio": 0.75}, "timelimit": 3600, "num_cpus": 4, "alg": "BnP", "root_LP": 28671.0, "tot_cg_iterations": 31, "global_lb": 28671.0, "time": 43.28359317779541, "obj": 28671.0, "tot_mp_time": 0.12227749824523926, "tot_sp_time": 43.06906723976135, "tot_sp_heu1_time": 7.2710206508636475, "tot_sp_heu2_time": 28.33615493774414, "tot_sp_exact_time": 7.45169472694397, "tot_num_sp_heu1": 31, "tot_num_sp_heu2": 18, "tot_num_sp_exact": 3, "tot_sp1_time": 110.39927744865417, "tot_sp2_time": 57.32724642753601, "tot_heu_time": 0.020104169845581055, "raw_solution": [[[1.0, [0, 18, 5, 16, 14, 13, 26], [[[18, 11], 0], [[18, 19], 1], [[18, 8], 1], [[18, 7], 0], [[5, 6], 0], [[5, 17], 1], [[14, 2], 0], [[14, 15], 1]]], [1.0, [0, 21, 23, 4, 12, 1, 26], [[[21, 2], 0], [[4, 22], 0], [[4, 25], 1], [[12, 24], 0], [[12, 3], 1], [[1, 9], 0], [[1, 10], 1], [[1, 20], 1]]]], [[1.0, [1, 9]], [1.0, [1, 10]], [1.0, [1, 20]], [1.0, [4, 22]], [1.0, [4, 25]], [1.0, [5, 6]], [1.0, [5, 17]], [1.0, [12, 3]], [1.0, [12, 24]], [1.0, [14, 15]], [1.0, [18, 7]], [1.0, [18, 8]], [1.0, [18, 11]], [1.0, [18, 19]], [1.0, [21, 2]]]], "solution": [[[0, 18, 5, 16, 14, 13, 26], [[[18, 11], [18, 7], [5, 6]], [[18, 19], [18, 8], [5, 17], [14, 15]]]], [[0, 21, 23, 4, 12, 1, 26], [[[21, 2], [4, 22], [12, 24], [1, 9]], [[4, 25], [12, 3], [1, 10], [1, 20]]]]], "num_bnb_nodes": 1, "num_bnb_remaining_nodes": 0, "tot_num_gen_cols": 671, "tot_num_labels": 518971, "termination_status": "Optimal"}