{"problem": {"name": "R112", "datafile": "problems/solomon/25/R112.txt", "num_cust_nodes": 25, "num_tot_nodes": 27, "Gamma": 1, "t_range": 0.25, "Delta": 0, "d_range": 0.25, "num_drones": 2, "drone_time_multiplier": 0.25, "drone_cost_multiplier": 0.25, "flight_limit": 25, "demand_ratio": 0.75}, "timelimit": 3600, "num_cpus": 4, "alg": "BnP", "root_LP": 28523.0, "tot_cg_iterations": 25, "global_lb": 28523.0, "time": 26.762248754501343, "obj": 28523.0, "tot_mp_time": 0.06067919731140137, "tot_sp_time": 26.639430046081543, "tot_sp_heu1_time": 5.297271490097046, "tot_sp_heu2_time": 18.047041416168213, "tot_sp_exact_time": 3.2878236770629883, "tot_num_sp_heu1": 25, "tot_num_sp_heu2": 16, "tot_num_sp_exact": 2, "tot_sp1_time": 57.92532753944397, "tot_sp2_time": 44.52962899208069, "tot_heu_time": 0.01043248176574707, "raw_solution": [[[1.0, [0, 18, 5, 16, 14, 13, 26], [[[18, 11], 0], [[18, 19], 1], [[18, 8], 1], [[18, 7], 0], [[5, 6], 0], [[5, 17], 1], [[14, 15], 0]]], [1.0, [0, 21, 23, 4, 12, 1, 26], [[[21, 2], 0], [[23, 22], 0], [[4, 25], 0], [[12, 3], 0], [[12, 24], 1], [[1, 9], 0], [[1, 10], 1], [[1, 20], 1]]]], [[1.0, [1, 9]], [1.0, [1, 10]], [1.0, [1, 20]], [1.0, [4, 25]], [1.0, [5, 6]], [1.0, [5, 17]], [1.0, [12, 3]], [1.0, [12, 24]], [1.0, [14, 15]], [1.0, [18, 7]], [1.0, [18, 8]], [1.0, [18, 11]], [1.0, [18, 19]], [1.0, [21, 2]], [1.0, [23, 22]]]], "solution": [[[0, 18, 5, 16, 14, 13, 26], [[[18, 11], [18, 7], [5, 6], [14, 15]], [[18, 19], [18, 8], [5, 17]]]], [[0, 21, 23, 4, 12, 1, 26], [[[21, 2], [23, 22], [4, 25], [12, 3], [1, 9]], [[12, 24], [1, 10], [1, 20]]]]], "num_bnb_nodes": 1, "num_bnb_remaining_nodes": 0, "tot_num_gen_cols": 585, "tot_num_labels": 141173, "termination_status": "Optimal"}