{"problem": {"name": "R112", "datafile": "problems/solomon/25/R112.txt", "num_cust_nodes": 25, "num_tot_nodes": 27, "Gamma": 2, "t_range": 0.25, "Delta": 2, "d_range": 0.25, "num_drones": 1, "drone_time_multiplier": 0.25, "drone_cost_multiplier": 0.25, "flight_limit": 25, "demand_ratio": 0.75}, "timelimit": 3600, "num_cpus": 4, "alg": "BnP", "root_LP": 30388.0, "tot_cg_iterations": 37, "global_lb": 30388.0, "time": 545.4951171875, "obj": 30388.0, "tot_mp_time": 0.10807681083679199, "tot_sp_time": 545.3183648586273, "tot_sp_heu1_time": 9.495938062667847, "tot_sp_heu2_time": 418.2019245624542, "tot_sp_exact_time": 117.60819244384766, "tot_num_sp_heu1": 37, "tot_num_sp_heu2": 30, "tot_num_sp_exact": 16, "tot_sp1_time": 87.218514919281, "tot_sp2_time": 1790.6541118621826, "tot_heu_time": 0.01737070083618164, "raw_solution": [[[1.0, [0, 6, 5, 16, 14, 13, 26], [[[6, 18], 0], [[5, 17], 0], [[5, 8], 0], [[14, 15], 0]]], [1.0, [0, 21, 23, 4, 12, 26], [[[21, 2], 0], [[23, 22], 0], [[4, 25], 0], [[12, 24], 0], [[12, 3], 0]]], [1.0, [0, 18, 7, 10, 1, 26], [[[18, 8], 0], [[7, 19], 0], [[10, 11], 0], [[1, 9], 0], [[1, 20], 0]]]], [[1.0, [1, 9]], [1.0, [1, 20]], [1.0, [4, 25]], [1.0, [5, 17]], [1.0, [7, 19]], [1.0, [10, 11]], [1.0, [12, 3]], [1.0, [12, 24]], [1.0, [14, 15]], [1.0, [18, 8]], [1.0, [21, 2]], [1.0, [23, 22]]]], "solution": [[[0, 6, 5, 16, 14, 13, 26], [[[5, 17], [14, 15]]]], [[0, 21, 23, 4, 12, 26], [[[21, 2], [23, 22], [4, 25], [12, 24], [12, 3]]]], [[0, 18, 7, 10, 1, 26], [[[18, 8], [7, 19], [10, 11], [1, 9], [1, 20]]]]], "num_bnb_nodes": 1, "num_bnb_remaining_nodes": 0, "tot_num_gen_cols": 655, "tot_num_labels": 405110, "termination_status": "Optimal"}