{"problem": {"name": "R112", "datafile": "problems/solomon/25/R112.txt", "num_cust_nodes": 25, "num_tot_nodes": 27, "Gamma": 0, "t_range": 0.25, "Delta": 0, "d_range": 0.25, "num_drones": 2, "drone_time_multiplier": 0.25, "drone_cost_multiplier": 0.25, "flight_limit": 25, "demand_ratio": 0.75}, "timelimit": 3600, "num_cpus": 4, "alg": "BnP", "root_LP": 28523.0, "tot_cg_iterations": 23, "global_lb": 28523.0, "time": 18.072057962417603, "obj": 28523.0, "tot_mp_time": 0.06072568893432617, "tot_sp_time": 17.956410884857178, "tot_sp_heu1_time": 4.706271648406982, "tot_sp_heu2_time": 10.334662199020386, "tot_sp_exact_time": 2.9095757007598877, "tot_num_sp_heu1": 23, "tot_num_sp_heu2": 14, "tot_num_sp_exact": 2, "tot_sp1_time": 58.48214626312256, "tot_sp2_time": 11.081095933914185, "tot_heu_time": 0.0134735107421875, "raw_solution": [[[1.0, [0, 18, 5, 16, 14, 13, 26], [[[18, 11], 0], [[18, 19], 1], [[18, 8], 1], [[18, 7], 0], [[5, 17], 0], [[5, 6], 1], [[14, 15], 0]]], [1.0, [0, 21, 23, 4, 12, 1, 26], [[[21, 2], 0], [[23, 22], 0], [[4, 25], 0], [[12, 24], 0], [[12, 3], 1], [[1, 9], 0], [[1, 10], 1], [[1, 20], 1]]]], [[1.0, [1, 9]], [1.0, [1, 10]], [1.0, [1, 20]], [1.0, [4, 25]], [1.0, [5, 6]], [1.0, [5, 17]], [1.0, [12, 3]], [1.0, [12, 24]], [1.0, [14, 15]], [1.0, [18, 7]], [1.0, [18, 8]], [1.0, [18, 11]], [1.0, [18, 19]], [1.0, [21, 2]], [1.0, [23, 22]]]], "solution": [[[0, 18, 5, 16, 14, 13, 26], [[[18, 11], [18, 7], [5, 17], [14, 15]], [[18, 19], [18, 8], [5, 6]]]], [[0, 21, 23, 4, 12, 1, 26], [[[21, 2], [23, 22], [4, 25], [12, 24], [1, 9]], [[12, 3], [1, 10], [1, 20]]]]], "num_bnb_nodes": 1, "num_bnb_remaining_nodes": 0, "tot_num_gen_cols": 553, "tot_num_labels": 170831, "termination_status": "Optimal"}