{"problem": {"name": "R112", "datafile": "problems/solomon/25/R112.txt", "num_cust_nodes": 25, "num_tot_nodes": 27, "Gamma": 2, "t_range": 0.25, "Delta": 2, "d_range": 0.25, "num_drones": 2, "drone_time_multiplier": 0.25, "drone_cost_multiplier": 0.25, "flight_limit": 25, "demand_ratio": 0.75}, "timelimit": 3600, "num_cpus": 4, "alg": "BnP", "root_LP": 29570.833333333332, "tot_cg_iterations": 137, "global_lb": 29836.142857142855, "time": 225.38899946212769, "obj": 29882.0, "tot_mp_time": 0.18404388427734375, "tot_sp_time": 223.91910982131958, "tot_sp_heu1_time": 24.95304226875305, "tot_sp_heu2_time": 135.88463234901428, "tot_sp_exact_time": 63.03964138031006, "tot_num_sp_heu1": 137, "tot_num_sp_heu2": 129, "tot_num_sp_exact": 48, "tot_sp1_time": 282.9973397254944, "tot_sp2_time": 568.467654466629, "tot_heu_time": 0.9447996616363525, "raw_solution": [[[1.0, [0, 1, 26], [[[1, 3], 0], [[1, 9], 1], [[1, 20], 1], [[1, 10], 0]]], [1.0, [0, 21, 23, 4, 12, 26], [[[21, 2], 0], [[23, 22], 0], [[4, 25], 0], [[12, 24], 0], [[12, 3], 1]]], [1.0, [0, 18, 5, 16, 14, 13, 26], [[[18, 11], 0], [[18, 19], 1], [[18, 8], 1], [[18, 7], 0], [[5, 6], 0], [[5, 17], 1], [[14, 15], 0]]]], [[1.0, [1, 9]], [1.0, [1, 10]], [1.0, [1, 20]], [1.0, [4, 25]], [1.0, [5, 6]], [1.0, [5, 17]], [1.0, [12, 3]], [1.0, [12, 24]], [1.0, [14, 15]], [1.0, [18, 7]], [1.0, [18, 8]], [1.0, [18, 11]], [1.0, [18, 19]], [1.0, [21, 2]], [1.0, [23, 22]]]], "solution": [[[0, 1, 26], [[[1, 10]], [[1, 9], [1, 20]]]], [[0, 21, 23, 4, 12, 26], [[[21, 2], [23, 22], [4, 25], [12, 24]], [[12, 3]]]], [[0, 18, 5, 16, 14, 13, 26], [[[18, 11], [18, 7], [5, 6], [14, 15]], [[18, 19], [18, 8], [5, 17]]]]], "num_bnb_nodes": 25, "num_bnb_remaining_nodes": 0, "tot_num_gen_cols": 2244, "tot_num_labels": 1797231, "termination_status": "Optimal"}