{"problem": {"name": "R112", "datafile": "problems/solomon/25/R112.txt", "num_cust_nodes": 25, "num_tot_nodes": 27, "Gamma": 2, "t_range": 0.25, "Delta": 2, "d_range": 0.25, "num_drones": 3, "drone_time_multiplier": 0.25, "drone_cost_multiplier": 0.25, "flight_limit": 25, "demand_ratio": 0.75}, "timelimit": 3600, "num_cpus": 4, "alg": "BnP", "root_LP": 28992.0, "tot_cg_iterations": 30, "global_lb": 28992.0, "time": 32.983696937561035, "obj": 28992.0, "tot_mp_time": 0.07306241989135742, "tot_sp_time": 32.84491181373596, "tot_sp_heu1_time": 7.4345550537109375, "tot_sp_heu2_time": 18.690819025039673, "tot_sp_exact_time": 6.711678743362427, "tot_num_sp_heu1": 30, "tot_num_sp_heu2": 21, "tot_num_sp_exact": 6, "tot_sp1_time": 58.367516040802, "tot_sp2_time": 62.773677587509155, "tot_heu_time": 0.010851860046386719, "raw_solution": [[[1.0, [0, 18, 5, 16, 14, 13, 26], [[[18, 8], 0], [[18, 11], 1], [[18, 19], 2], [[18, 7], 2], [[5, 6], 0], [[5, 17], 1], [[14, 15], 0]]], [1.0, [0, 21, 23, 4, 12, 1, 26], [[[21, 2], 0], [[4, 22], 0], [[4, 24], 1], [[4, 25], 2], [[1, 3], 0], [[1, 9], 1], [[1, 10], 2], [[1, 20], 0]]]], [[1.0, [1, 3]], [1.0, [1, 9]], [1.0, [1, 10]], [1.0, [1, 20]], [1.0, [4, 22]], [1.0, [4, 24]], [1.0, [4, 25]], [1.0, [5, 6]], [1.0, [5, 17]], [1.0, [14, 15]], [1.0, [18, 7]], [1.0, [18, 8]], [1.0, [18, 11]], [1.0, [18, 19]], [1.0, [21, 2]]]], "solution": [[[0, 18, 5, 16, 14, 13, 26], [[[18, 8], [5, 6], [14, 15]], [[18, 11], [5, 17]], [[18, 19], [18, 7]]]], [[0, 21, 23, 4, 12, 1, 26], [[[21, 2], [4, 22], [1, 3], [1, 20]], [[4, 24], [1, 9]], [[4, 25], [1, 10]]]]], "num_bnb_nodes": 1, "num_bnb_remaining_nodes": 0, "tot_num_gen_cols": 683, "tot_num_labels": 272743, "termination_status": "Optimal"}