{"problem": {"name": "RC108", "datafile": "problems/solomon/25/RC108.txt", "num_cust_nodes": 25, "num_tot_nodes": 27, "Gamma": 2, "t_range": 0.25, "Delta": 2, "d_range": 0.25, "num_drones": 0, "drone_time_multiplier": 0.25, "drone_cost_multiplier": 0.25, "flight_limit": 0, "demand_ratio": 0.75}, "timelimit": 3600, "num_cpus": 4, "alg": "BnP", "root_LP": 29546.0, "tot_cg_iterations": 39, "global_lb": 29546.0, "time": 6.983725309371948, "obj": 29546.0, "tot_mp_time": 0.08760237693786621, "tot_sp_time": 6.798459053039551, "tot_sp_heu1_time": 5.2579991817474365, "tot_sp_heu2_time": 1.1871626377105713, "tot_sp_exact_time": 0.34621286392211914, "tot_num_sp_heu1": 39, "tot_num_sp_heu2": 3, "tot_num_sp_exact": 1, "tot_sp1_time": 26.26952600479126, "tot_sp2_time": 0.028258323669433594, "tot_heu_time": 0.013267040252685547, "raw_solution": [[[1.0, [0, 24, 25, 23, 21, 18, 19, 22, 20, 26], []], [1.0, [0, 12, 14, 17, 16, 15, 13, 9, 11, 10, 26], []], [1.0, [0, 2, 6, 7, 8, 4, 5, 3, 1, 26], []]], []], "solution": [[[0, 24, 25, 23, 21, 18, 19, 22, 20, 26], []], [[0, 12, 14, 17, 16, 15, 13, 9, 11, 10, 26], []], [[0, 2, 6, 7, 8, 4, 5, 3, 1, 26], []]], "num_bnb_nodes": 1, "num_bnb_remaining_nodes": 0, "tot_num_gen_cols": 902, "tot_num_labels": 986, "termination_status": "Optimal"}