{"problem": {"name": "RC107", "datafile": "problems/solomon/25/RC107.txt", "num_cust_nodes": 25, "num_tot_nodes": 27, "Gamma": 2, "t_range": 0.25, "Delta": 2, "d_range": 0.25, "num_drones": 0, "drone_time_multiplier": 0.25, "drone_cost_multiplier": 0.25, "flight_limit": 0, "demand_ratio": 0.75}, "timelimit": 3600, "num_cpus": 4, "alg": "BnP", "root_LP": 30258.0, "tot_cg_iterations": 55, "global_lb": 30258.0, "time": 6.807279348373413, "obj": 30258.0, "tot_mp_time": 0.210280179977417, "tot_sp_time": 6.460089445114136, "tot_sp_heu1_time": 5.659076929092407, "tot_sp_heu2_time": 0.5900242328643799, "tot_sp_exact_time": 0.2018756866455078, "tot_num_sp_heu1": 55, "tot_num_sp_heu2": 3, "tot_num_sp_exact": 1, "tot_sp1_time": 24.710448265075684, "tot_sp2_time": 0.03380608558654785, "tot_heu_time": 0.01942133903503418, "raw_solution": [[[1.0, [0, 2, 6, 7, 8, 5, 3, 1, 4, 26], []], [1.0, [0, 25, 23, 21, 18, 19, 20, 22, 24, 26], []], [1.0, [0, 12, 14, 17, 16, 15, 11, 13, 9, 10, 26], []]], []], "solution": [[[0, 2, 6, 7, 8, 5, 3, 1, 4, 26], []], [[0, 25, 23, 21, 18, 19, 20, 22, 24, 26], []], [[0, 12, 14, 17, 16, 15, 11, 13, 9, 10, 26], []]], "num_bnb_nodes": 1, "num_bnb_remaining_nodes": 0, "tot_num_gen_cols": 1355, "tot_num_labels": 1488, "termination_status": "Optimal"}