{"problem": {"name": "RC101", "datafile": "problems/solomon/25/RC101.txt", "num_cust_nodes": 25, "num_tot_nodes": 27, "Gamma": 2, "t_range": 0.25, "Delta": 2, "d_range": 0.25, "num_drones": 0, "drone_time_multiplier": 0.25, "drone_cost_multiplier": 0.25, "flight_limit": 0, "demand_ratio": 0.75}, "timelimit": 3600, "num_cpus": 4, "alg": "BnP", "root_LP": 41865.33333333333, "tot_cg_iterations": 400, "global_lb": 46745.333333333336, "time": 54.79857110977173, "obj": 46750.0, "tot_mp_time": 0.30349206924438477, "tot_sp_time": 49.60424733161926, "tot_sp_heu1_time": 25.27670907974243, "tot_sp_heu2_time": 12.317532300949097, "tot_sp_exact_time": 11.946881532669067, "tot_num_sp_heu1": 400, "tot_num_sp_heu2": 199, "tot_num_sp_exact": 199, "tot_sp1_time": 177.08659625053406, "tot_sp2_time": 0.3218228816986084, "tot_heu_time": 4.10248064994812, "raw_solution": [[[1.0, [0, 5, 2, 7, 6, 8, 3, 1, 4, 26], []], [1.0, [0, 11, 22, 20, 26], []], [1.0, [0, 23, 21, 19, 18, 25, 24, 26], []], [1.0, [0, 14, 12, 15, 16, 9, 10, 13, 17, 26], []]], []], "solution": [[[0, 5, 2, 7, 6, 8, 3, 1, 4, 26], []], [[0, 11, 22, 20, 26], []], [[0, 23, 21, 19, 18, 25, 24, 26], []], [[0, 14, 12, 15, 16, 9, 10, 13, 17, 26], []]], "num_bnb_nodes": 199, "num_bnb_remaining_nodes": 0, "tot_num_gen_cols": 932, "tot_num_labels": 1007, "termination_status": "Optimal"}