{"problem": {"name": "RC106", "datafile": "problems/solomon/25/RC106.txt", "num_cust_nodes": 25, "num_tot_nodes": 27, "Gamma": 1, "t_range": 0.25, "Delta": 1, "d_range": 0.25, "num_drones": 2, "drone_time_multiplier": 0.25, "drone_cost_multiplier": 0.25, "flight_limit": 25, "demand_ratio": 0.75}, "timelimit": 3600, "num_cpus": 4, "alg": "BnP", "root_LP": 28108.0, "tot_cg_iterations": 14, "global_lb": 28108.0, "time": 3.7636616230010986, "obj": 28108.0, "tot_mp_time": 0.03327465057373047, "tot_sp_time": 3.697711229324341, "tot_sp_heu1_time": 1.3863697052001953, "tot_sp_heu2_time": 1.598618507385254, "tot_sp_exact_time": 0.7101883888244629, "tot_num_sp_heu1": 14, "tot_num_sp_heu2": 9, "tot_num_sp_exact": 3, "tot_sp1_time": 8.667841672897339, "tot_sp2_time": 4.998619079589844, "tot_heu_time": 0.006993532180786133, "raw_solution": [[[1.0, [0, 2, 6, 4, 26], [[[6, 7], 0], [[4, 5], 0], [[4, 8], 1], [[4, 1], 0], [[4, 3], 0]]], [1.0, [0, 12, 11, 10, 26], [[[12, 14], 0], [[11, 9], 0], [[11, 15], 1], [[11, 16], 1], [[11, 13], 0], [[11, 17], 1]]], [1.0, [0, 19, 21, 23, 22, 26], [[[21, 18], 0], [[22, 25], 0], [[22, 20], 1], [[22, 24], 1]]]], [[1.0, [4, 1]], [1.0, [4, 3]], [1.0, [4, 5]], [1.0, [4, 8]], [1.0, [6, 7]], [1.0, [11, 9]], [1.0, [11, 13]], [1.0, [11, 15]], [1.0, [11, 16]], [1.0, [11, 17]], [1.0, [12, 14]], [1.0, [21, 18]], [1.0, [22, 20]], [1.0, [22, 24]], [1.0, [22, 25]]]], "solution": [[[0, 2, 6, 4, 26], [[[6, 7], [4, 5], [4, 1], [4, 3]], [[4, 8]]]], [[0, 12, 11, 10, 26], [[[12, 14], [11, 9], [11, 13]], [[11, 15], [11, 16], [11, 17]]]], [[0, 19, 21, 23, 22, 26], [[[21, 18], [22, 25]], [[22, 20], [22, 24]]]]], "num_bnb_nodes": 1, "num_bnb_remaining_nodes": 0, "tot_num_gen_cols": 376, "tot_num_labels": 37753, "termination_status": "Optimal"}