{"problem": {"name": "RC104", "datafile": "problems/solomon/25/RC104.txt", "num_cust_nodes": 25, "num_tot_nodes": 27, "Gamma": 0, "t_range": 0.25, "Delta": 0, "d_range": 0.25, "num_drones": 2, "drone_time_multiplier": 0.25, "drone_cost_multiplier": 0.25, "flight_limit": 25, "demand_ratio": 0.75}, "timelimit": 3600, "num_cpus": 4, "alg": "BnP", "root_LP": 27391.0, "tot_cg_iterations": 45, "global_lb": 27391.0, "time": 689.0911221504211, "obj": 27391.0, "tot_mp_time": 0.2808260917663574, "tot_sp_time": 688.6937313079834, "tot_sp_heu1_time": 8.893102884292603, "tot_sp_heu2_time": 472.0690610408783, "tot_sp_exact_time": 207.71513605117798, "tot_num_sp_heu1": 45, "tot_num_sp_heu2": 30, "tot_num_sp_exact": 3, "tot_sp1_time": 1748.7522132396698, "tot_sp2_time": 949.8919808864594, "tot_heu_time": 0.020638704299926758, "raw_solution": [[[1.0, [0, 6, 4, 2, 26], [[[6, 7], 0], [[4, 1], 0], [[4, 5], 1], [[4, 8], 1], [[4, 3], 0]]], [1.0, [0, 12, 11, 10, 26], [[[12, 14], 0], [[12, 17], 1], [[11, 15], 0], [[11, 16], 1], [[11, 9], 1], [[11, 13], 0]]], [1.0, [0, 20, 19, 21, 23, 22, 26], [[[21, 18], 0], [[23, 25], 0], [[22, 24], 0]]]], [[1.0, [4, 1]], [1.0, [4, 3]], [1.0, [4, 5]], [1.0, [4, 8]], [1.0, [6, 7]], [1.0, [11, 9]], [1.0, [11, 13]], [1.0, [11, 15]], [1.0, [11, 16]], [1.0, [12, 14]], [1.0, [12, 17]], [1.0, [21, 18]], [1.0, [22, 24]], [1.0, [23, 25]]]], "solution": [[[0, 6, 4, 2, 26], [[[6, 7], [4, 1], [4, 3]], [[4, 5], [4, 8]]]], [[0, 12, 11, 10, 26], [[[12, 14], [11, 15], [11, 13]], [[12, 17], [11, 16], [11, 9]]]], [[0, 20, 19, 21, 23, 22, 26], [[[21, 18], [23, 25], [22, 24]], []]]], "num_bnb_nodes": 1, "num_bnb_remaining_nodes": 0, "tot_num_gen_cols": 1222, "tot_num_labels": 12599828, "termination_status": "Optimal"}