{"problem": {"name": "RC106", "datafile": "problems/solomon/25/RC106.txt", "num_cust_nodes": 25, "num_tot_nodes": 27, "Gamma": 2, "t_range": 0.25, "Delta": 2, "d_range": 0.25, "num_drones": 3, "drone_time_multiplier": 0.25, "drone_cost_multiplier": 0.25, "flight_limit": 25, "demand_ratio": 0.75}, "timelimit": 3600, "num_cpus": 4, "alg": "BnP", "root_LP": 28108.0, "tot_cg_iterations": 14, "global_lb": 28108.0, "time": 3.751957893371582, "obj": 28108.0, "tot_mp_time": 0.03641390800476074, "tot_sp_time": 3.6815450191497803, "tot_sp_heu1_time": 1.4663426876068115, "tot_sp_heu2_time": 1.321988821029663, "tot_sp_exact_time": 0.8903751373291016, "tot_num_sp_heu1": 14, "tot_num_sp_heu2": 8, "tot_num_sp_exact": 3, "tot_sp1_time": 8.577789545059204, "tot_sp2_time": 5.3510825634002686, "tot_heu_time": 0.009048223495483398, "raw_solution": [[[1.0, [0, 2, 6, 4, 26], [[[6, 7], 0], [[4, 8], 0], [[4, 1], 1], [[4, 5], 2], [[4, 3], 0]]], [1.0, [0, 12, 11, 10, 26], [[[12, 14], 0], [[11, 9], 0], [[11, 15], 1], [[11, 16], 2], [[11, 13], 1], [[11, 17], 2]]], [1.0, [0, 19, 21, 23, 22, 26], [[[21, 18], 0], [[22, 20], 0], [[22, 24], 1], [[22, 25], 2]]]], [[1.0, [4, 1]], [1.0, [4, 3]], [1.0, [4, 5]], [1.0, [4, 8]], [1.0, [6, 7]], [1.0, [11, 9]], [1.0, [11, 13]], [1.0, [11, 15]], [1.0, [11, 16]], [1.0, [11, 17]], [1.0, [12, 14]], [1.0, [21, 18]], [1.0, [22, 20]], [1.0, [22, 24]], [1.0, [22, 25]]]], "solution": [[[0, 2, 6, 4, 26], [[[6, 7], [4, 8], [4, 3]], [[4, 1]], [[4, 5]]]], [[0, 12, 11, 10, 26], [[[12, 14], [11, 9]], [[11, 15], [11, 13]], [[11, 16], [11, 17]]]], [[0, 19, 21, 23, 22, 26], [[[21, 18], [22, 20]], [[22, 24]], [[22, 25]]]]], "num_bnb_nodes": 1, "num_bnb_remaining_nodes": 0, "tot_num_gen_cols": 357, "tot_num_labels": 23539, "termination_status": "Optimal"}