{"problem": {"name": "RC101", "datafile": "problems/solomon/25/RC101.txt", "num_cust_nodes": 25, "num_tot_nodes": 27, "Gamma": 1, "t_range": 0.25, "Delta": 0, "d_range": 0.25, "num_drones": 2, "drone_time_multiplier": 0.25, "drone_cost_multiplier": 0.25, "flight_limit": 25, "demand_ratio": 0.75}, "timelimit": 3600, "num_cpus": 4, "alg": "BnP", "root_LP": 28399.0, "tot_cg_iterations": 11, "global_lb": 28399.0, "time": 1.7548182010650635, "obj": 28399.0, "tot_mp_time": 0.021841049194335938, "tot_sp_time": 1.7073137760162354, "tot_sp_heu1_time": 0.9115781784057617, "tot_sp_heu2_time": 0.5815713405609131, "tot_sp_exact_time": 0.2124195098876953, "tot_num_sp_heu1": 11, "tot_num_sp_heu2": 7, "tot_num_sp_exact": 2, "tot_sp1_time": 5.546314716339111, "tot_sp2_time": 0.735907793045044, "tot_heu_time": 0.009505271911621094, "raw_solution": [[[1.0, [0, 2, 4, 26], [[[4, 5], 0], [[4, 6], 1], [[4, 7], 0], [[4, 1], 0], [[4, 8], 1], [[4, 3], 1]]], [1.0, [0, 12, 11, 10, 26], [[[12, 14], 0], [[11, 15], 0], [[11, 16], 1], [[10, 9], 0], [[10, 17], 1], [[10, 13], 0]]], [1.0, [0, 23, 21, 19, 22, 26], [[[19, 18], 0], [[22, 20], 0], [[22, 24], 1], [[22, 25], 0]]]], [[1.0, [4, 1]], [1.0, [4, 3]], [1.0, [4, 5]], [1.0, [4, 6]], [1.0, [4, 7]], [1.0, [4, 8]], [1.0, [10, 9]], [1.0, [10, 13]], [1.0, [10, 17]], [1.0, [11, 15]], [1.0, [11, 16]], [1.0, [12, 14]], [1.0, [19, 18]], [1.0, [22, 20]], [1.0, [22, 24]], [1.0, [22, 25]]]], "solution": [[[0, 2, 4, 26], [[[4, 5], [4, 7], [4, 1]], [[4, 6], [4, 8], [4, 3]]]], [[0, 12, 11, 10, 26], [[[12, 14], [11, 15], [10, 9], [10, 13]], [[11, 16], [10, 17]]]], [[0, 23, 21, 19, 22, 26], [[[19, 18], [22, 20], [22, 25]], [[22, 24]]]]], "num_bnb_nodes": 1, "num_bnb_remaining_nodes": 0, "tot_num_gen_cols": 237, "tot_num_labels": 4200, "termination_status": "Optimal"}