{"problem": {"name": "RC105", "datafile": "problems/solomon/25/RC105.txt", "num_cust_nodes": 25, "num_tot_nodes": 27, "Gamma": 2, "t_range": 0.25, "Delta": 2, "d_range": 0.25, "num_drones": 1, "drone_time_multiplier": 0.25, "drone_cost_multiplier": 0.25, "flight_limit": 25, "demand_ratio": 0.75}, "timelimit": 3600, "num_cpus": 4, "alg": "BnP", "root_LP": 28368.0, "tot_cg_iterations": 12, "global_lb": 28368.0, "time": 4.538592576980591, "obj": 28368.0, "tot_mp_time": 0.0230104923248291, "tot_sp_time": 4.489274263381958, "tot_sp_heu1_time": 2.404902696609497, "tot_sp_heu2_time": 1.7759463787078857, "tot_sp_exact_time": 0.30510377883911133, "tot_num_sp_heu1": 12, "tot_num_sp_heu2": 7, "tot_num_sp_exact": 3, "tot_sp1_time": 6.440352439880371, "tot_sp2_time": 8.465070486068726, "tot_heu_time": 0.005825042724609375, "raw_solution": [[[1.0, [0, 2, 6, 4, 26], [[[6, 7], 0], [[6, 8], 0], [[4, 1], 0], [[4, 3], 0], [[4, 5], 0]]], [1.0, [0, 12, 11, 10, 26], [[[12, 14], 0], [[11, 16], 0], [[11, 15], 0], [[10, 9], 0], [[10, 13], 0], [[10, 17], 0]]], [1.0, [0, 23, 19, 22, 26], [[[23, 21], 0], [[19, 18], 0], [[22, 20], 0], [[22, 24], 0], [[22, 25], 0]]]], [[1.0, [4, 1]], [1.0, [4, 3]], [1.0, [4, 5]], [1.0, [6, 7]], [1.0, [6, 8]], [1.0, [10, 9]], [1.0, [10, 13]], [1.0, [10, 17]], [1.0, [11, 15]], [1.0, [11, 16]], [1.0, [12, 14]], [1.0, [19, 18]], [1.0, [22, 20]], [1.0, [22, 24]], [1.0, [22, 25]], [1.0, [23, 21]]]], "solution": [[[0, 2, 6, 4, 26], [[[6, 7], [6, 8], [4, 1], [4, 3], [4, 5]]]], [[0, 12, 11, 10, 26], [[[12, 14], [11, 16], [11, 15], [10, 9], [10, 13], [10, 17]]]], [[0, 23, 19, 22, 26], [[[23, 21], [19, 18], [22, 20], [22, 24], [22, 25]]]]], "num_bnb_nodes": 1, "num_bnb_remaining_nodes": 0, "tot_num_gen_cols": 310, "tot_num_labels": 6129, "termination_status": "Optimal"}