{"problem": {"name": "RC107", "datafile": "problems/solomon/25/RC107.txt", "num_cust_nodes": 25, "num_tot_nodes": 27, "Gamma": 2, "t_range": 0.25, "Delta": 1, "d_range": 0.25, "num_drones": 2, "drone_time_multiplier": 0.25, "drone_cost_multiplier": 0.25, "flight_limit": 25, "demand_ratio": 0.75}, "timelimit": 3600, "num_cpus": 4, "alg": "BnP", "root_LP": 27607.0, "tot_cg_iterations": 19, "global_lb": 27607.0, "time": 30.852315425872803, "obj": 27607.0, "tot_mp_time": 0.06378412246704102, "tot_sp_time": 30.715089321136475, "tot_sp_heu1_time": 2.8009490966796875, "tot_sp_heu2_time": 17.330195665359497, "tot_sp_exact_time": 10.57780146598816, "tot_num_sp_heu1": 19, "tot_num_sp_heu2": 12, "tot_num_sp_exact": 2, "tot_sp1_time": 21.841800451278687, "tot_sp2_time": 97.14698386192322, "tot_heu_time": 0.02136826515197754, "raw_solution": [[[1.0, [0, 2, 6, 4, 26], [[[6, 7], 0], [[4, 5], 0], [[4, 8], 1], [[4, 1], 0], [[4, 3], 0]]], [1.0, [0, 12, 11, 10, 26], [[[12, 14], 0], [[12, 17], 1], [[11, 15], 0], [[11, 16], 1], [[11, 13], 0], [[10, 9], 0]]], [1.0, [0, 19, 21, 23, 22, 26], [[[21, 18], 0], [[23, 25], 0], [[22, 20], 0], [[22, 24], 1]]]], [[1.0, [4, 1]], [1.0, [4, 3]], [1.0, [4, 5]], [1.0, [4, 8]], [1.0, [6, 7]], [1.0, [10, 9]], [1.0, [11, 13]], [1.0, [11, 15]], [1.0, [11, 16]], [1.0, [12, 14]], [1.0, [12, 17]], [1.0, [21, 18]], [1.0, [22, 20]], [1.0, [22, 24]], [1.0, [23, 25]]]], "solution": [[[0, 2, 6, 4, 26], [[[6, 7], [4, 5], [4, 1], [4, 3]], [[4, 8]]]], [[0, 12, 11, 10, 26], [[[12, 14], [11, 15], [11, 13], [10, 9]], [[12, 17], [11, 16]]]], [[0, 19, 21, 23, 22, 26], [[[21, 18], [23, 25], [22, 20]], [[22, 24]]]]], "num_bnb_nodes": 1, "num_bnb_remaining_nodes": 0, "tot_num_gen_cols": 573, "tot_num_labels": 317343, "termination_status": "Optimal"}