{"problem": {"name": "RC103", "datafile": "problems/solomon/25/RC103.txt", "num_cust_nodes": 25, "num_tot_nodes": 27, "Gamma": 2, "t_range": 0.25, "Delta": 2, "d_range": 0.25, "num_drones": 0, "drone_time_multiplier": 0.25, "drone_cost_multiplier": 0.25, "flight_limit": 0, "demand_ratio": 0.75}, "timelimit": 3600, "num_cpus": 4, "alg": "BnP", "root_LP": 33773.0, "tot_cg_iterations": 34, "global_lb": 33773.0, "time": 4.500497102737427, "obj": 33773.0, "tot_mp_time": 0.05861854553222656, "tot_sp_time": 4.355119228363037, "tot_sp_heu1_time": 3.6362900733947754, "tot_sp_heu2_time": 0.46910572052001953, "tot_sp_exact_time": 0.2449030876159668, "tot_num_sp_heu1": 34, "tot_num_sp_heu2": 2, "tot_num_sp_exact": 1, "tot_sp1_time": 16.7776837348938, "tot_sp2_time": 0.022897005081176758, "tot_heu_time": 0.013591289520263672, "raw_solution": [[[1.0, [0, 2, 7, 6, 8, 4, 5, 3, 1, 26], []], [1.0, [0, 12, 14, 15, 11, 9, 10, 13, 16, 17, 26], []], [1.0, [0, 20, 18, 21, 23, 22, 19, 25, 24, 26], []]], []], "solution": [[[0, 2, 7, 6, 8, 4, 5, 3, 1, 26], []], [[0, 12, 14, 15, 11, 9, 10, 13, 16, 17, 26], []], [[0, 20, 18, 21, 23, 22, 19, 25, 24, 26], []]], "num_bnb_nodes": 1, "num_bnb_remaining_nodes": 0, "tot_num_gen_cols": 822, "tot_num_labels": 903, "termination_status": "Optimal"}