{"problem": {"name": "RC101", "datafile": "problems/solomon/25/RC101.txt", "num_cust_nodes": 25, "num_tot_nodes": 27, "Gamma": 2, "t_range": 0.25, "Delta": 1, "d_range": 0.25, "num_drones": 2, "drone_time_multiplier": 0.25, "drone_cost_multiplier": 0.25, "flight_limit": 25, "demand_ratio": 0.75}, "timelimit": 3600, "num_cpus": 4, "alg": "BnP", "root_LP": 28399.0, "tot_cg_iterations": 10, "global_lb": 28399.0, "time": 1.7485673427581787, "obj": 28399.0, "tot_mp_time": 0.022605180740356445, "tot_sp_time": 1.7082955837249756, "tot_sp_heu1_time": 0.8951232433319092, "tot_sp_heu2_time": 0.5592634677886963, "tot_sp_exact_time": 0.2522306442260742, "tot_num_sp_heu1": 10, "tot_num_sp_heu2": 6, "tot_num_sp_exact": 2, "tot_sp1_time": 5.786284923553467, "tot_sp2_time": 0.5558440685272217, "tot_heu_time": 0.006144523620605469, "raw_solution": [[[1.0, [0, 2, 4, 26], [[[4, 5], 0], [[4, 6], 1], [[4, 7], 0], [[4, 1], 0], [[4, 8], 1], [[4, 3], 1]]], [1.0, [0, 12, 11, 10, 26], [[[12, 14], 0], [[11, 15], 0], [[11, 16], 1], [[10, 9], 0], [[10, 13], 1], [[10, 17], 0]]], [1.0, [0, 23, 21, 19, 22, 26], [[[19, 18], 0], [[22, 20], 0], [[22, 24], 1], [[22, 25], 0]]]], [[1.0, [4, 1]], [1.0, [4, 3]], [1.0, [4, 5]], [1.0, [4, 6]], [1.0, [4, 7]], [1.0, [4, 8]], [1.0, [10, 9]], [1.0, [10, 13]], [1.0, [10, 17]], [1.0, [11, 15]], [1.0, [11, 16]], [1.0, [12, 14]], [1.0, [19, 18]], [1.0, [22, 20]], [1.0, [22, 24]], [1.0, [22, 25]]]], "solution": [[[0, 2, 4, 26], [[[4, 5], [4, 7], [4, 1]], [[4, 6], [4, 8], [4, 3]]]], [[0, 12, 11, 10, 26], [[[12, 14], [11, 15], [10, 9], [10, 17]], [[11, 16], [10, 13]]]], [[0, 23, 21, 19, 22, 26], [[[19, 18], [22, 20], [22, 25]], [[22, 24]]]]], "num_bnb_nodes": 1, "num_bnb_remaining_nodes": 0, "tot_num_gen_cols": 184, "tot_num_labels": 3464, "termination_status": "Optimal"}