{"problem": {"name": "RC106", "datafile": "problems/solomon/25/RC106.txt", "num_cust_nodes": 25, "num_tot_nodes": 27, "Gamma": 1, "t_range": 0.25, "Delta": 2, "d_range": 0.25, "num_drones": 2, "drone_time_multiplier": 0.25, "drone_cost_multiplier": 0.25, "flight_limit": 25, "demand_ratio": 0.75}, "timelimit": 3600, "num_cpus": 4, "alg": "BnP", "root_LP": 28108.0, "tot_cg_iterations": 15, "global_lb": 28108.0, "time": 5.908977270126343, "obj": 28108.0, "tot_mp_time": 0.031085968017578125, "tot_sp_time": 5.8333985805511475, "tot_sp_heu1_time": 1.698777198791504, "tot_sp_heu2_time": 2.625481367111206, "tot_sp_exact_time": 1.5058777332305908, "tot_num_sp_heu1": 15, "tot_num_sp_heu2": 9, "tot_num_sp_exact": 3, "tot_sp1_time": 9.875547885894775, "tot_sp2_time": 11.854464769363403, "tot_heu_time": 0.009183406829833984, "raw_solution": [[[1.0, [0, 2, 4, 26], [[[2, 6], 0], [[2, 7], 1], [[4, 5], 0], [[4, 8], 1], [[4, 1], 0], [[4, 3], 0]]], [1.0, [0, 12, 11, 10, 26], [[[12, 14], 0], [[11, 9], 0], [[11, 15], 1], [[11, 16], 1], [[11, 13], 0], [[11, 17], 1]]], [1.0, [0, 19, 21, 23, 22, 26], [[[21, 18], 0], [[22, 20], 0], [[22, 24], 1], [[22, 25], 0]]]], [[1.0, [2, 6]], [1.0, [2, 7]], [1.0, [4, 1]], [1.0, [4, 3]], [1.0, [4, 5]], [1.0, [4, 8]], [1.0, [11, 9]], [1.0, [11, 13]], [1.0, [11, 15]], [1.0, [11, 16]], [1.0, [11, 17]], [1.0, [12, 14]], [1.0, [21, 18]], [1.0, [22, 20]], [1.0, [22, 24]], [1.0, [22, 25]]]], "solution": [[[0, 2, 4, 26], [[[2, 6], [4, 5], [4, 1], [4, 3]], [[2, 7], [4, 8]]]], [[0, 12, 11, 10, 26], [[[12, 14], [11, 9], [11, 13]], [[11, 15], [11, 16], [11, 17]]]], [[0, 19, 21, 23, 22, 26], [[[21, 18], [22, 20], [22, 25]], [[22, 24]]]]], "num_bnb_nodes": 1, "num_bnb_remaining_nodes": 0, "tot_num_gen_cols": 406, "tot_num_labels": 50551, "termination_status": "Optimal"}