{"problem": {"name": "RC102", "datafile": "problems/solomon/25/RC102.txt", "num_cust_nodes": 25, "num_tot_nodes": 27, "Gamma": 2, "t_range": 0.25, "Delta": 2, "d_range": 0.25, "num_drones": 1, "drone_time_multiplier": 0.25, "drone_cost_multiplier": 0.25, "flight_limit": 25, "demand_ratio": 0.75}, "timelimit": 3600, "num_cpus": 4, "alg": "BnP", "root_LP": 28188.0, "tot_cg_iterations": 14, "global_lb": 28188.0, "time": 4.050692796707153, "obj": 28188.0, "tot_mp_time": 0.026799440383911133, "tot_sp_time": 3.9933273792266846, "tot_sp_heu1_time": 1.5641324520111084, "tot_sp_heu2_time": 1.6037688255310059, "tot_sp_exact_time": 0.8230206966400146, "tot_num_sp_heu1": 14, "tot_num_sp_heu2": 10, "tot_num_sp_exact": 2, "tot_sp1_time": 9.614832401275635, "tot_sp2_time": 5.389453172683716, "tot_heu_time": 0.006606578826904297, "raw_solution": [[[1.0, [0, 6, 4, 2, 26], [[[6, 7], 0], [[4, 8], 0], [[4, 1], 0], [[4, 3], 0], [[4, 5], 0]]], [1.0, [0, 12, 11, 10, 26], [[[12, 14], 0], [[11, 15], 0], [[11, 16], 0], [[10, 9], 0], [[10, 13], 0], [[10, 17], 0]]], [1.0, [0, 23, 21, 19, 22, 26], [[[19, 18], 0], [[22, 20], 0], [[22, 24], 0], [[22, 25], 0]]]], [[1.0, [4, 1]], [1.0, [4, 3]], [1.0, [4, 5]], [1.0, [4, 8]], [1.0, [6, 7]], [1.0, [10, 9]], [1.0, [10, 13]], [1.0, [10, 17]], [1.0, [11, 15]], [1.0, [11, 16]], [1.0, [12, 14]], [1.0, [19, 18]], [1.0, [22, 20]], [1.0, [22, 24]], [1.0, [22, 25]]]], "solution": [[[0, 6, 4, 2, 26], [[[6, 7], [4, 8], [4, 1], [4, 3], [4, 5]]]], [[0, 12, 11, 10, 26], [[[12, 14], [11, 15], [11, 16], [10, 9], [10, 13], [10, 17]]]], [[0, 23, 21, 19, 22, 26], [[[19, 18], [22, 20], [22, 24], [22, 25]]]]], "num_bnb_nodes": 1, "num_bnb_remaining_nodes": 0, "tot_num_gen_cols": 395, "tot_num_labels": 27150, "termination_status": "Optimal"}