{"problem": {"name": "RC105", "datafile": "problems/solomon/25/RC105.txt", "num_cust_nodes": 25, "num_tot_nodes": 27, "Gamma": 2, "t_range": 0.25, "Delta": 2, "d_range": 0.25, "num_drones": 0, "drone_time_multiplier": 0.25, "drone_cost_multiplier": 0.25, "flight_limit": 0, "demand_ratio": 0.75}, "timelimit": 3600, "num_cpus": 4, "alg": "BnP", "root_LP": 42858.166666666664, "tot_cg_iterations": 431, "global_lb": 45411.0, "time": 68.15984201431274, "obj": 45411.0, "tot_mp_time": 0.40026378631591797, "tot_sp_time": 62.74674320220947, "tot_sp_heu1_time": 33.18964409828186, "tot_sp_heu2_time": 15.37259817123413, "tot_sp_exact_time": 14.119399547576904, "tot_num_sp_heu1": 431, "tot_num_sp_heu2": 198, "tot_num_sp_exact": 185, "tot_sp1_time": 225.5290060043335, "tot_sp2_time": 0.36498045921325684, "tot_heu_time": 4.0593791007995605, "raw_solution": [[[1.0, [0, 11, 10, 13, 17, 26], []], [1.0, [0, 2, 5, 8, 6, 7, 4, 3, 1, 26], []], [1.0, [0, 19, 23, 18, 22, 20, 21, 25, 26], []], [1.0, [0, 12, 14, 15, 16, 9, 24, 26], []]], []], "solution": [[[0, 11, 10, 13, 17, 26], []], [[0, 2, 5, 8, 6, 7, 4, 3, 1, 26], []], [[0, 19, 23, 18, 22, 20, 21, 25, 26], []], [[0, 12, 14, 15, 16, 9, 24, 26], []]], "num_bnb_nodes": 201, "num_bnb_remaining_nodes": 0, "tot_num_gen_cols": 1263, "tot_num_labels": 1356, "termination_status": "Optimal"}