{"problem": {"name": "RC105", "datafile": "problems/solomon/25/RC105.txt", "num_cust_nodes": 25, "num_tot_nodes": 27, "Gamma": 1, "t_range": 0.25, "Delta": 2, "d_range": 0.25, "num_drones": 2, "drone_time_multiplier": 0.25, "drone_cost_multiplier": 0.25, "flight_limit": 25, "demand_ratio": 0.75}, "timelimit": 3600, "num_cpus": 4, "alg": "BnP", "root_LP": 28360.0, "tot_cg_iterations": 14, "global_lb": 28360.0, "time": 3.2277767658233643, "obj": 28360.0, "tot_mp_time": 0.040151119232177734, "tot_sp_time": 3.155080556869507, "tot_sp_heu1_time": 1.7207133769989014, "tot_sp_heu2_time": 1.0682263374328613, "tot_sp_exact_time": 0.3631470203399658, "tot_num_sp_heu1": 14, "tot_num_sp_heu2": 9, "tot_num_sp_exact": 2, "tot_sp1_time": 10.493154048919678, "tot_sp2_time": 1.2168939113616943, "tot_heu_time": 0.009118318557739258, "raw_solution": [[[1.0, [0, 2, 6, 4, 26], [[[6, 7], 0], [[6, 8], 1], [[4, 1], 0], [[4, 3], 1], [[4, 5], 1]]], [1.0, [0, 12, 11, 10, 26], [[[12, 14], 0], [[11, 15], 0], [[11, 16], 1], [[10, 9], 0], [[10, 13], 1], [[10, 17], 0]]], [1.0, [0, 19, 23, 21, 22, 26], [[[21, 18], 0], [[22, 20], 0], [[22, 25], 1], [[22, 24], 0]]]], [[1.0, [4, 1]], [1.0, [4, 3]], [1.0, [4, 5]], [1.0, [6, 7]], [1.0, [6, 8]], [1.0, [10, 9]], [1.0, [10, 13]], [1.0, [10, 17]], [1.0, [11, 15]], [1.0, [11, 16]], [1.0, [12, 14]], [1.0, [21, 18]], [1.0, [22, 20]], [1.0, [22, 24]], [1.0, [22, 25]]]], "solution": [[[0, 2, 6, 4, 26], [[[6, 7], [4, 1]], [[6, 8], [4, 3], [4, 5]]]], [[0, 12, 11, 10, 26], [[[12, 14], [11, 15], [10, 9], [10, 17]], [[11, 16], [10, 13]]]], [[0, 19, 23, 21, 22, 26], [[[21, 18], [22, 20], [22, 24]], [[22, 25]]]]], "num_bnb_nodes": 1, "num_bnb_remaining_nodes": 0, "tot_num_gen_cols": 306, "tot_num_labels": 11941, "termination_status": "Optimal"}