{"problem": {"name": "RC107", "datafile": "problems/solomon/25/RC107.txt", "num_cust_nodes": 25, "num_tot_nodes": 27, "Gamma": 0, "t_range": 0.25, "Delta": 1, "d_range": 0.25, "num_drones": 2, "drone_time_multiplier": 0.25, "drone_cost_multiplier": 0.25, "flight_limit": 25, "demand_ratio": 0.75}, "timelimit": 3600, "num_cpus": 4, "alg": "BnP", "root_LP": 27607.0, "tot_cg_iterations": 28, "global_lb": 27607.0, "time": 107.75737452507019, "obj": 27607.0, "tot_mp_time": 0.1054079532623291, "tot_sp_time": 107.56654572486877, "tot_sp_heu1_time": 3.468803644180298, "tot_sp_heu2_time": 61.062344789505005, "tot_sp_exact_time": 43.027312994003296, "tot_num_sp_heu1": 28, "tot_num_sp_heu2": 17, "tot_num_sp_exact": 4, "tot_sp1_time": 154.3045208454132, "tot_sp2_time": 270.43635511398315, "tot_heu_time": 0.020517587661743164, "raw_solution": [[[1.0, [0, 2, 4, 26], [[[2, 6], 0], [[2, 7], 1], [[4, 1], 0], [[4, 5], 1], [[4, 3], 1], [[4, 8], 1]]], [1.0, [0, 12, 11, 10, 26], [[[12, 14], 0], [[12, 17], 1], [[11, 16], 0], [[11, 13], 1], [[11, 15], 1], [[10, 9], 0]]], [1.0, [0, 19, 21, 23, 22, 26], [[[21, 18], 0], [[23, 25], 0], [[22, 20], 0], [[22, 24], 1]]]], [[1.0, [2, 6]], [1.0, [2, 7]], [1.0, [4, 1]], [1.0, [4, 3]], [1.0, [4, 5]], [1.0, [4, 8]], [1.0, [10, 9]], [1.0, [11, 13]], [1.0, [11, 15]], [1.0, [11, 16]], [1.0, [12, 14]], [1.0, [12, 17]], [1.0, [21, 18]], [1.0, [22, 20]], [1.0, [22, 24]], [1.0, [23, 25]]]], "solution": [[[0, 2, 4, 26], [[[2, 6], [4, 1]], [[2, 7], [4, 5], [4, 3], [4, 8]]]], [[0, 12, 11, 10, 26], [[[12, 14], [11, 16], [10, 9]], [[12, 17], [11, 13], [11, 15]]]], [[0, 19, 21, 23, 22, 26], [[[21, 18], [23, 25], [22, 20]], [[22, 24]]]]], "num_bnb_nodes": 1, "num_bnb_remaining_nodes": 0, "tot_num_gen_cols": 1011, "tot_num_labels": 2264960, "termination_status": "Optimal"}