{"problem": {"name": "RC108", "datafile": "problems/solomon/25/RC108.txt", "num_cust_nodes": 25, "num_tot_nodes": 27, "Gamma": 2, "t_range": 0.25, "Delta": 2, "d_range": 0.25, "num_drones": 2, "drone_time_multiplier": 0.25, "drone_cost_multiplier": 0.25, "flight_limit": 25, "demand_ratio": 0.75}, "timelimit": 3600, "num_cpus": 4, "alg": "BnP", "root_LP": 27371.0, "tot_cg_iterations": 27, "global_lb": 27371.0, "time": 88.83721160888672, "obj": 27371.0, "tot_mp_time": 0.09698033332824707, "tot_sp_time": 88.66499209403992, "tot_sp_heu1_time": 4.279817581176758, "tot_sp_heu2_time": 68.58801937103271, "tot_sp_exact_time": 15.79128646850586, "tot_num_sp_heu1": 27, "tot_num_sp_heu2": 15, "tot_num_sp_exact": 2, "tot_sp1_time": 36.5671911239624, "tot_sp2_time": 315.3319938182831, "tot_heu_time": 0.01482391357421875, "raw_solution": [[[1.0, [0, 6, 4, 2, 26], [[[6, 7], 0], [[4, 5], 0], [[4, 8], 1], [[4, 3], 0], [[4, 1], 0]]], [1.0, [0, 12, 11, 10, 26], [[[12, 14], 0], [[12, 17], 1], [[11, 13], 0], [[11, 16], 1], [[11, 15], 0], [[10, 9], 0]]], [1.0, [0, 22, 23, 21, 19, 20, 26], [[[22, 24], 0], [[23, 25], 0], [[21, 18], 0]]]], [[1.0, [4, 1]], [1.0, [4, 3]], [1.0, [4, 5]], [1.0, [4, 8]], [1.0, [6, 7]], [1.0, [10, 9]], [1.0, [11, 13]], [1.0, [11, 15]], [1.0, [11, 16]], [1.0, [12, 14]], [1.0, [12, 17]], [1.0, [21, 18]], [1.0, [22, 24]], [1.0, [23, 25]]]], "solution": [[[0, 6, 4, 2, 26], [[[6, 7], [4, 5], [4, 3], [4, 1]], [[4, 8]]]], [[0, 12, 11, 10, 26], [[[12, 14], [11, 13], [11, 15], [10, 9]], [[12, 17], [11, 16]]]], [[0, 22, 23, 21, 19, 20, 26], [[[22, 24], [23, 25], [21, 18]], []]]], "num_bnb_nodes": 1, "num_bnb_remaining_nodes": 0, "tot_num_gen_cols": 954, "tot_num_labels": 459100, "termination_status": "Optimal"}