{"problem": {"name": "RC106", "datafile": "problems/solomon/25/RC106.txt", "num_cust_nodes": 25, "num_tot_nodes": 27, "Gamma": 2, "t_range": 0.25, "Delta": 2, "d_range": 0.25, "num_drones": 0, "drone_time_multiplier": 0.25, "drone_cost_multiplier": 0.25, "flight_limit": 0, "demand_ratio": 0.75}, "timelimit": 3600, "num_cpus": 4, "alg": "BnP", "root_LP": 34653.0, "tot_cg_iterations": 31, "global_lb": 34653.0, "time": 2.764190673828125, "obj": 34653.0, "tot_mp_time": 0.07370901107788086, "tot_sp_time": 2.6341257095336914, "tot_sp_heu1_time": 2.271319627761841, "tot_sp_heu2_time": 0.2721536159515381, "tot_sp_exact_time": 0.08712077140808105, "tot_num_sp_heu1": 31, "tot_num_sp_heu2": 3, "tot_num_sp_exact": 1, "tot_sp1_time": 10.030942678451538, "tot_sp2_time": 0.014775276184082031, "tot_heu_time": 0.013271093368530273, "raw_solution": [[[1.0, [0, 2, 5, 8, 7, 6, 4, 3, 1, 26], []], [1.0, [0, 11, 15, 16, 14, 12, 10, 9, 13, 17, 26], []], [1.0, [0, 23, 21, 18, 19, 20, 22, 25, 24, 26], []]], []], "solution": [[[0, 2, 5, 8, 7, 6, 4, 3, 1, 26], []], [[0, 11, 15, 16, 14, 12, 10, 9, 13, 17, 26], []], [[0, 23, 21, 18, 19, 20, 22, 25, 24, 26], []]], "num_bnb_nodes": 1, "num_bnb_remaining_nodes": 0, "tot_num_gen_cols": 654, "tot_num_labels": 711, "termination_status": "Optimal"}