{"problem": {"name": "RC104", "datafile": "problems/solomon/25/RC104.txt", "num_cust_nodes": 25, "num_tot_nodes": 27, "Gamma": 2, "t_range": 0.25, "Delta": 2, "d_range": 0.25, "num_drones": 0, "drone_time_multiplier": 0.25, "drone_cost_multiplier": 0.25, "flight_limit": 0, "demand_ratio": 0.75}, "timelimit": 3600, "num_cpus": 4, "alg": "BnP", "root_LP": 31639.0, "tot_cg_iterations": 59, "global_lb": 31639.0, "time": 12.560286521911621, "obj": 31639.0, "tot_mp_time": 0.26015353202819824, "tot_sp_time": 12.150105237960815, "tot_sp_heu1_time": 8.588789463043213, "tot_sp_heu2_time": 2.9556562900543213, "tot_sp_exact_time": 0.5947723388671875, "tot_num_sp_heu1": 59, "tot_num_sp_heu2": 5, "tot_num_sp_exact": 1, "tot_sp1_time": 47.173094749450684, "tot_sp2_time": 0.04547858238220215, "tot_heu_time": 0.0173647403717041, "raw_solution": [[[1.0, [0, 2, 6, 7, 8, 4, 5, 3, 1, 26], []], [1.0, [0, 22, 20, 19, 23, 18, 21, 25, 24, 26], []], [1.0, [0, 12, 14, 15, 11, 10, 9, 13, 16, 17, 26], []]], []], "solution": [[[0, 2, 6, 7, 8, 4, 5, 3, 1, 26], []], [[0, 22, 20, 19, 23, 18, 21, 25, 24, 26], []], [[0, 12, 14, 15, 11, 10, 9, 13, 16, 17, 26], []]], "num_bnb_nodes": 1, "num_bnb_remaining_nodes": 0, "tot_num_gen_cols": 1423, "tot_num_labels": 1557, "termination_status": "Optimal"}