{"problem": {"name": "RC103", "datafile": "problems/solomon/25/RC103.txt", "num_cust_nodes": 25, "num_tot_nodes": 27, "Gamma": 2, "t_range": 0.25, "Delta": 2, "d_range": 0.25, "num_drones": 1, "drone_time_multiplier": 0.25, "drone_cost_multiplier": 0.25, "flight_limit": 25, "demand_ratio": 0.75}, "timelimit": 3600, "num_cpus": 4, "alg": "BnP", "root_LP": 28001.0, "tot_cg_iterations": 26, "global_lb": 28001.0, "time": 11.10270094871521, "obj": 28001.0, "tot_mp_time": 0.08686971664428711, "tot_sp_time": 10.94930386543274, "tot_sp_heu1_time": 4.865314483642578, "tot_sp_heu2_time": 3.8525640964508057, "tot_sp_exact_time": 2.2253975868225098, "tot_num_sp_heu1": 26, "tot_num_sp_heu2": 16, "tot_num_sp_exact": 6, "tot_sp1_time": 25.18936562538147, "tot_sp2_time": 15.506923198699951, "tot_heu_time": 0.014658451080322266, "raw_solution": [[[1.0, [0, 6, 4, 2, 26], [[[6, 7], 0], [[4, 8], 0], [[4, 5], 0], [[4, 1], 0], [[4, 3], 0]]], [1.0, [0, 12, 11, 10, 26], [[[12, 14], 0], [[11, 15], 0], [[11, 16], 0], [[10, 9], 0], [[10, 13], 0], [[10, 17], 0]]], [1.0, [0, 20, 19, 21, 23, 22, 26], [[[21, 18], 0], [[22, 24], 0], [[22, 25], 0]]]], [[1.0, [4, 1]], [1.0, [4, 3]], [1.0, [4, 5]], [1.0, [4, 8]], [1.0, [6, 7]], [1.0, [10, 9]], [1.0, [10, 13]], [1.0, [10, 17]], [1.0, [11, 15]], [1.0, [11, 16]], [1.0, [12, 14]], [1.0, [21, 18]], [1.0, [22, 24]], [1.0, [22, 25]]]], "solution": [[[0, 6, 4, 2, 26], [[[6, 7], [4, 8], [4, 5], [4, 1], [4, 3]]]], [[0, 12, 11, 10, 26], [[[12, 14], [11, 15], [11, 16], [10, 9], [10, 13], [10, 17]]]], [[0, 20, 19, 21, 23, 22, 26], [[[21, 18], [22, 24], [22, 25]]]]], "num_bnb_nodes": 1, "num_bnb_remaining_nodes": 0, "tot_num_gen_cols": 833, "tot_num_labels": 94909, "termination_status": "Optimal"}