{"problem": {"name": "RC104", "datafile": "problems/solomon/25/RC104.txt", "num_cust_nodes": 25, "num_tot_nodes": 27, "Gamma": 1, "t_range": 0.25, "Delta": 2, "d_range": 0.25, "num_drones": 2, "drone_time_multiplier": 0.25, "drone_cost_multiplier": 0.25, "flight_limit": 25, "demand_ratio": 0.75}, "timelimit": 3600, "num_cpus": 4, "alg": "BnP", "root_LP": 27391.0, "tot_cg_iterations": 30, "global_lb": 27391.0, "time": 131.83494806289673, "obj": 27391.0, "tot_mp_time": 0.1199946403503418, "tot_sp_time": 131.5991289615631, "tot_sp_heu1_time": 5.442268371582031, "tot_sp_heu2_time": 64.21449661254883, "tot_sp_exact_time": 61.9326593875885, "tot_num_sp_heu1": 30, "tot_num_sp_heu2": 13, "tot_num_sp_exact": 2, "tot_sp1_time": 339.0123145580292, "tot_sp2_time": 177.7783968448639, "tot_heu_time": 0.029721975326538086, "raw_solution": [[[1.0, [0, 6, 4, 2, 26], [[[6, 7], 0], [[4, 3], 0], [[4, 8], 1], [[4, 1], 0], [[4, 5], 0]]], [1.0, [0, 12, 11, 10, 26], [[[12, 14], 0], [[12, 17], 1], [[11, 15], 0], [[11, 16], 1], [[11, 9], 0], [[11, 13], 1]]], [1.0, [0, 20, 19, 21, 23, 22, 26], [[[21, 18], 0], [[23, 25], 0], [[22, 24], 0]]]], [[1.0, [4, 1]], [1.0, [4, 3]], [1.0, [4, 5]], [1.0, [4, 8]], [1.0, [6, 7]], [1.0, [11, 9]], [1.0, [11, 13]], [1.0, [11, 15]], [1.0, [11, 16]], [1.0, [12, 14]], [1.0, [12, 17]], [1.0, [21, 18]], [1.0, [22, 24]], [1.0, [23, 25]]]], "solution": [[[0, 6, 4, 2, 26], [[[6, 7], [4, 3], [4, 1], [4, 5]], [[4, 8]]]], [[0, 12, 11, 10, 26], [[[12, 14], [11, 15], [11, 9]], [[12, 17], [11, 16], [11, 13]]]], [[0, 20, 19, 21, 23, 22, 26], [[[21, 18], [23, 25], [22, 24]], []]]], "num_bnb_nodes": 1, "num_bnb_remaining_nodes": 0, "tot_num_gen_cols": 1187, "tot_num_labels": 3352454, "termination_status": "Optimal"}