{"problem": {"name": "RC105", "datafile": "problems/solomon/25/RC105.txt", "num_cust_nodes": 25, "num_tot_nodes": 27, "Gamma": 2, "t_range": 0.25, "Delta": 2, "d_range": 0.25, "num_drones": 3, "drone_time_multiplier": 0.25, "drone_cost_multiplier": 0.25, "flight_limit": 25, "demand_ratio": 0.75}, "timelimit": 3600, "num_cpus": 4, "alg": "BnP", "root_LP": 28368.0, "tot_cg_iterations": 14, "global_lb": 28368.0, "time": 2.8846089839935303, "obj": 28368.0, "tot_mp_time": 0.024889230728149414, "tot_sp_time": 2.831331253051758, "tot_sp_heu1_time": 1.361220121383667, "tot_sp_heu2_time": 0.9531092643737793, "tot_sp_exact_time": 0.5144670009613037, "tot_num_sp_heu1": 14, "tot_num_sp_heu2": 9, "tot_num_sp_exact": 2, "tot_sp1_time": 8.212544441223145, "tot_sp2_time": 1.79679274559021, "tot_heu_time": 0.00646519660949707, "raw_solution": [[[1.0, [0, 2, 6, 4, 26], [[[6, 7], 0], [[6, 8], 1], [[4, 1], 0], [[4, 3], 1], [[4, 5], 2]]], [1.0, [0, 12, 11, 10, 26], [[[12, 14], 0], [[11, 16], 0], [[11, 15], 1], [[10, 9], 0], [[10, 13], 1], [[10, 17], 2]]], [1.0, [0, 23, 19, 22, 26], [[[23, 21], 0], [[19, 18], 0], [[22, 20], 0], [[22, 24], 1], [[22, 25], 2]]]], [[1.0, [4, 1]], [1.0, [4, 3]], [1.0, [4, 5]], [1.0, [6, 7]], [1.0, [6, 8]], [1.0, [10, 9]], [1.0, [10, 13]], [1.0, [10, 17]], [1.0, [11, 15]], [1.0, [11, 16]], [1.0, [12, 14]], [1.0, [19, 18]], [1.0, [22, 20]], [1.0, [22, 24]], [1.0, [22, 25]], [1.0, [23, 21]]]], "solution": [[[0, 2, 6, 4, 26], [[[6, 7], [4, 1]], [[6, 8], [4, 3]], [[4, 5]]]], [[0, 12, 11, 10, 26], [[[12, 14], [11, 16], [10, 9]], [[11, 15], [10, 13]], [[10, 17]]]], [[0, 23, 19, 22, 26], [[[23, 21], [19, 18], [22, 20]], [[22, 24]], [[22, 25]]]]], "num_bnb_nodes": 1, "num_bnb_remaining_nodes": 0, "tot_num_gen_cols": 318, "tot_num_labels": 6357, "termination_status": "Optimal"}