{"problem": {"name": "RC102", "datafile": "problems/solomon/25/RC102.txt", "num_cust_nodes": 25, "num_tot_nodes": 27, "Gamma": 2, "t_range": 0.25, "Delta": 0, "d_range": 0.25, "num_drones": 2, "drone_time_multiplier": 0.25, "drone_cost_multiplier": 0.25, "flight_limit": 25, "demand_ratio": 0.75}, "timelimit": 3600, "num_cpus": 4, "alg": "BnP", "root_LP": 28188.0, "tot_cg_iterations": 17, "global_lb": 28188.0, "time": 6.3884642124176025, "obj": 28188.0, "tot_mp_time": 0.058447837829589844, "tot_sp_time": 6.282505989074707, "tot_sp_heu1_time": 2.313418388366699, "tot_sp_heu2_time": 2.551252603530884, "tot_sp_exact_time": 1.4132864475250244, "tot_num_sp_heu1": 17, "tot_num_sp_heu2": 11, "tot_num_sp_exact": 3, "tot_sp1_time": 14.42883849143982, "tot_sp2_time": 8.567221879959106, "tot_heu_time": 0.008392095565795898, "raw_solution": [[[1.0, [0, 6, 4, 2, 26], [[[6, 7], 0], [[4, 8], 0], [[4, 1], 1], [[4, 3], 0], [[4, 5], 1]]], [1.0, [0, 12, 11, 10, 26], [[[12, 14], 0], [[11, 15], 0], [[11, 16], 1], [[10, 9], 0], [[10, 13], 1], [[10, 17], 0]]], [1.0, [0, 23, 21, 19, 22, 26], [[[19, 18], 0], [[22, 20], 0], [[22, 24], 1], [[22, 25], 0]]]], [[1.0, [4, 1]], [1.0, [4, 3]], [1.0, [4, 5]], [1.0, [4, 8]], [1.0, [6, 7]], [1.0, [10, 9]], [1.0, [10, 13]], [1.0, [10, 17]], [1.0, [11, 15]], [1.0, [11, 16]], [1.0, [12, 14]], [1.0, [19, 18]], [1.0, [22, 20]], [1.0, [22, 24]], [1.0, [22, 25]]]], "solution": [[[0, 6, 4, 2, 26], [[[6, 7], [4, 8], [4, 3]], [[4, 1], [4, 5]]]], [[0, 12, 11, 10, 26], [[[12, 14], [11, 15], [10, 9], [10, 17]], [[11, 16], [10, 13]]]], [[0, 23, 21, 19, 22, 26], [[[19, 18], [22, 20], [22, 25]], [[22, 24]]]]], "num_bnb_nodes": 1, "num_bnb_remaining_nodes": 0, "tot_num_gen_cols": 462, "tot_num_labels": 58805, "termination_status": "Optimal"}