{"problem": {"name": "RC107", "datafile": "problems/solomon/25/RC107.txt", "num_cust_nodes": 25, "num_tot_nodes": 27, "Gamma": 2, "t_range": 0.25, "Delta": 2, "d_range": 0.25, "num_drones": 1, "drone_time_multiplier": 0.25, "drone_cost_multiplier": 0.25, "flight_limit": 25, "demand_ratio": 0.75}, "timelimit": 3600, "num_cpus": 4, "alg": "BnP", "root_LP": 27607.0, "tot_cg_iterations": 17, "global_lb": 27607.0, "time": 58.865333557128906, "obj": 27607.0, "tot_mp_time": 0.04199576377868652, "tot_sp_time": 58.784841537475586, "tot_sp_heu1_time": 2.289609909057617, "tot_sp_heu2_time": 39.95301175117493, "tot_sp_exact_time": 16.537554502487183, "tot_num_sp_heu1": 17, "tot_num_sp_heu2": 11, "tot_num_sp_exact": 3, "tot_sp1_time": 22.086061000823975, "tot_sp2_time": 208.15626287460327, "tot_heu_time": 0.007913351058959961, "raw_solution": [[[1.0, [0, 2, 4, 26], [[[2, 6], 0], [[2, 7], 0], [[4, 8], 0], [[4, 5], 0], [[4, 3], 0], [[4, 1], 0]]], [1.0, [0, 12, 11, 10, 26], [[[12, 14], 0], [[12, 17], 0], [[11, 13], 0], [[11, 15], 0], [[11, 16], 0], [[10, 9], 0]]], [1.0, [0, 19, 21, 23, 22, 26], [[[21, 18], 0], [[23, 25], 0], [[22, 20], 0], [[22, 24], 0]]]], [[1.0, [2, 6]], [1.0, [2, 7]], [1.0, [4, 1]], [1.0, [4, 3]], [1.0, [4, 5]], [1.0, [4, 8]], [1.0, [10, 9]], [1.0, [11, 13]], [1.0, [11, 15]], [1.0, [11, 16]], [1.0, [12, 14]], [1.0, [12, 17]], [1.0, [21, 18]], [1.0, [22, 20]], [1.0, [22, 24]], [1.0, [23, 25]]]], "solution": [[[0, 2, 4, 26], [[[2, 6], [2, 7], [4, 8], [4, 5], [4, 3], [4, 1]]]], [[0, 12, 11, 10, 26], [[[12, 14], [12, 17], [11, 13], [11, 15], [11, 16], [10, 9]]]], [[0, 19, 21, 23, 22, 26], [[[21, 18], [23, 25], [22, 20], [22, 24]]]]], "num_bnb_nodes": 1, "num_bnb_remaining_nodes": 0, "tot_num_gen_cols": 472, "tot_num_labels": 426030, "termination_status": "Optimal"}