{"problem": {"name": "RC103", "datafile": "problems/solomon/25/RC103.txt", "num_cust_nodes": 25, "num_tot_nodes": 27, "Gamma": 2, "t_range": 0.25, "Delta": 2, "d_range": 0.25, "num_drones": 2, "drone_time_multiplier": 0.25, "drone_cost_multiplier": 0.25, "flight_limit": 25, "demand_ratio": 0.75}, "timelimit": 3600, "num_cpus": 4, "alg": "MIP", "time": 3600.0092980861664, "root_LP": 8562.26365732748, "obj": 28001.0, "final_gap": 0.5626891344009374, "global_lb": 12245.141547639298, "num_bnb_nodes": 225027, "num_bnb_remaining_nodes": 107585, "solution": [[[0, 6, 4, 2, 26], [[], []]], [[0, 12, 11, 10, 26], [[[10, 13], [10, 17]], [[10, 9]]]], [[0, 20, 19, 21, 23, 22, 26], [[[22, 24], [22, 25]], []]]], "termination_status": "time limit exceeded"}