{"problem": {"name": "RC106", "datafile": "problems/solomon/25/RC106.txt", "num_cust_nodes": 25, "num_tot_nodes": 27, "Gamma": 1, "t_range": 0.25, "Delta": 0, "d_range": 0.25, "num_drones": 2, "drone_time_multiplier": 0.25, "drone_cost_multiplier": 0.25, "flight_limit": 25, "demand_ratio": 0.75}, "timelimit": 3600, "num_cpus": 4, "alg": "BnP", "root_LP": 28108.0, "tot_cg_iterations": 18, "global_lb": 28108.0, "time": 7.4256432056427, "obj": 28108.0, "tot_mp_time": 0.04959249496459961, "tot_sp_time": 7.3305747509002686, "tot_sp_heu1_time": 1.8381729125976562, "tot_sp_heu2_time": 3.6477437019348145, "tot_sp_exact_time": 1.8409521579742432, "tot_num_sp_heu1": 18, "tot_num_sp_heu2": 11, "tot_num_sp_exact": 4, "tot_sp1_time": 10.546236038208008, "tot_sp2_time": 17.195034742355347, "tot_heu_time": 0.00942373275756836, "raw_solution": [[[1.0, [0, 2, 4, 26], [[[2, 6], 0], [[2, 7], 1], [[4, 5], 0], [[4, 8], 1], [[4, 1], 0], [[4, 3], 0]]], [1.0, [0, 12, 11, 10, 26], [[[12, 14], 0], [[11, 9], 0], [[11, 15], 1], [[11, 16], 1], [[11, 13], 0], [[11, 17], 1]]], [1.0, [0, 19, 21, 23, 22, 26], [[[21, 18], 0], [[22, 20], 0], [[22, 25], 1], [[22, 24], 0]]]], [[1.0, [2, 6]], [1.0, [2, 7]], [1.0, [4, 1]], [1.0, [4, 3]], [1.0, [4, 5]], [1.0, [4, 8]], [1.0, [11, 9]], [1.0, [11, 13]], [1.0, [11, 15]], [1.0, [11, 16]], [1.0, [11, 17]], [1.0, [12, 14]], [1.0, [21, 18]], [1.0, [22, 20]], [1.0, [22, 24]], [1.0, [22, 25]]]], "solution": [[[0, 2, 4, 26], [[[2, 6], [4, 5], [4, 1], [4, 3]], [[2, 7], [4, 8]]]], [[0, 12, 11, 10, 26], [[[12, 14], [11, 9], [11, 13]], [[11, 15], [11, 16], [11, 17]]]], [[0, 19, 21, 23, 22, 26], [[[21, 18], [22, 20], [22, 24]], [[22, 25]]]]], "num_bnb_nodes": 1, "num_bnb_remaining_nodes": 0, "tot_num_gen_cols": 502, "tot_num_labels": 57400, "termination_status": "Optimal"}