{"problem": {"name": "RC102", "datafile": "problems/solomon/25/RC102.txt", "num_cust_nodes": 25, "num_tot_nodes": 27, "Gamma": 2, "t_range": 0.25, "Delta": 2, "d_range": 0.25, "num_drones": 0, "drone_time_multiplier": 0.25, "drone_cost_multiplier": 0.25, "flight_limit": 0, "demand_ratio": 0.75}, "timelimit": 3600, "num_cpus": 4, "alg": "BnP", "root_LP": 36550.200000000004, "tot_cg_iterations": 211, "global_lb": 40249.666666666664, "time": 34.02177882194519, "obj": 40274.0, "tot_mp_time": 0.2259836196899414, "tot_sp_time": 32.3531219959259, "tot_sp_heu1_time": 19.665644884109497, "tot_sp_heu2_time": 6.928647518157959, "tot_sp_exact_time": 5.7299652099609375, "tot_num_sp_heu1": 211, "tot_num_sp_heu2": 67, "tot_num_sp_exact": 57, "tot_sp1_time": 119.4493567943573, "tot_sp2_time": 0.16401958465576172, "tot_heu_time": 1.1091094017028809, "raw_solution": [[[1.0, [0, 19, 23, 18, 21, 25, 24, 26], []], [1.0, [0, 2, 7, 6, 8, 4, 5, 3, 1, 26], []], [1.0, [0, 14, 11, 15, 16, 9, 10, 13, 17, 12, 26], []], [1.0, [0, 22, 20, 26], []]], []], "solution": [[[0, 19, 23, 18, 21, 25, 24, 26], []], [[0, 2, 7, 6, 8, 4, 5, 3, 1, 26], []], [[0, 14, 11, 15, 16, 9, 10, 13, 17, 12, 26], []], [[0, 22, 20, 26], []]], "num_bnb_nodes": 57, "num_bnb_remaining_nodes": 0, "tot_num_gen_cols": 1230, "tot_num_labels": 1338, "termination_status": "Optimal"}