{"problem": {"name": "RC105", "datafile": "problems/solomon/25/RC105.txt", "num_cust_nodes": 25, "num_tot_nodes": 27, "Gamma": 2, "t_range": 0.25, "Delta": 1, "d_range": 0.25, "num_drones": 2, "drone_time_multiplier": 0.25, "drone_cost_multiplier": 0.25, "flight_limit": 25, "demand_ratio": 0.75}, "timelimit": 3600, "num_cpus": 4, "alg": "BnP", "root_LP": 28368.0, "tot_cg_iterations": 15, "global_lb": 28368.0, "time": 5.106922149658203, "obj": 28368.0, "tot_mp_time": 0.03533577919006348, "tot_sp_time": 5.028336524963379, "tot_sp_heu1_time": 1.786210536956787, "tot_sp_heu2_time": 1.7679486274719238, "tot_sp_exact_time": 1.4706242084503174, "tot_num_sp_heu1": 15, "tot_num_sp_heu2": 10, "tot_num_sp_exact": 3, "tot_sp1_time": 10.787940502166748, "tot_sp2_time": 7.5418312549591064, "tot_heu_time": 0.011860370635986328, "raw_solution": [[[1.0, [0, 2, 6, 4, 26], [[[6, 7], 0], [[6, 8], 1], [[4, 1], 0], [[4, 3], 1], [[4, 5], 1]]], [1.0, [0, 12, 11, 10, 26], [[[12, 14], 0], [[11, 16], 0], [[11, 15], 1], [[10, 9], 0], [[10, 13], 1], [[10, 17], 0]]], [1.0, [0, 23, 19, 22, 26], [[[23, 21], 0], [[19, 18], 0], [[22, 20], 0], [[22, 24], 1], [[22, 25], 0]]]], [[1.0, [4, 1]], [1.0, [4, 3]], [1.0, [4, 5]], [1.0, [6, 7]], [1.0, [6, 8]], [1.0, [10, 9]], [1.0, [10, 13]], [1.0, [10, 17]], [1.0, [11, 15]], [1.0, [11, 16]], [1.0, [12, 14]], [1.0, [19, 18]], [1.0, [22, 20]], [1.0, [22, 24]], [1.0, [22, 25]], [1.0, [23, 21]]]], "solution": [[[0, 2, 6, 4, 26], [[[6, 7], [4, 1]], [[6, 8], [4, 3], [4, 5]]]], [[0, 12, 11, 10, 26], [[[12, 14], [11, 16], [10, 9], [10, 17]], [[11, 15], [10, 13]]]], [[0, 23, 19, 22, 26], [[[23, 21], [19, 18], [22, 20], [22, 25]], [[22, 24]]]]], "num_bnb_nodes": 1, "num_bnb_remaining_nodes": 0, "tot_num_gen_cols": 335, "tot_num_labels": 14449, "termination_status": "Optimal"}